{"recordsignal": {"Time": [152.56869261480108, 153.56869261227632, 154.56869260975157, 155.5686926072268, 156.56869260470205, 157.5686926021773, 158.56869259965254, 159.56869259712778, 160.56869259460302, 161.56869259207826, 162.5686925895535, 163.56869258702875, 164.568692584504, 165.56869258197924, 166.56869257945448, 167.56869257692972, 168.56869257440496, 169.5686925718802, 170.56869256935545, 171.5686925668307, 172.56869256430593, 173.56869256178118, 174.56869255925642, 175.56869255673166, 176.5686925542069, 177.56869255168215, 178.5686925491574, 179.56869254663263, 180.56869254410788, 181.56869254158312, 182.56869253905836, 183.5686925365336, 184.56869253400885, 185.5686925314841, 186.56869252895933, 187.56869252643457, 188.56869252390982, 189.56869252138506, 190.5686925188603, 191.56869251633555, 192.5686925138108, 193.56869251128603, 194.56869250876127, 195.56869250623652, 196.56869250371176, 197.568692501187, 198.56869249866224, 199.5686924961375, 200.56869249361273, 201.56869249108797, 202.56869248856322, 203.56869248603846, 204.5686924835137, 205.56869248098894, 206.5686924784642, 207.56869247593943, 208.56869247341467, 209.5686924708899, 210.56869246836516, 211.5686924658404, 212.56869246331564, 213.56869246079088, 214.56869245826613, 215.56869245574137, 216.5686924532166, 217.56869245069186, 218.5686924481671, 219.56869244564234, 220.56869244311758, 221.56869244059283, 222.56869243806807, 223.5686924355433, 224.56869243301855, 225.5686924304938, 226.56869242796904, 227.56869242544428, 228.56869242291953, 229.56869242039477, 230.56869241787, 231.56869241534525, 232.5686924128205, 233.56869241029574, 234.56869240777098, 235.56869240524622, 236.56869240272147, 237.5686924001967, 238.56869239767195, 239.5686923951472, 240.56869239262244, 241.56869239009768, 242.56869238757292, 243.56869238504817, 244.5686923825234, 245.56869237999865, 246.5686923774739, 247.56869237494914, 248.56869237242438, 249.56869236989962, 250.56869236737487, 251.5686923648501, 252.56869236232535, 253.5686923598006, 254.56869235727584, 255.56869235475108, 256.5686923522263, 257.56869234970156, 258.5686923471768, 259.56869234465205, 260.5686923421273, 261.56869233960253, 262.5686923370778, 263.568692334553, 264.56869233202826, 265.5686923295035, 266.56869232697875, 267.568692324454, 268.56869232192923, 269.5686923194045, 270.5686923168797, 271.56869231435496], "WE(1).Potential": [-9.99969482421875, -9.99969482421875, -0.0902099609375, -0.095062255859375, -0.11614990234375, -0.134735107421875, -0.1051025390625, -0.114898681640625, -0.0699462890625, -0.070068359375, -0.108917236328125, -0.103240966796875, -0.0736083984375, -0.116363525390625, -0.06610107421875, -0.143341064453125, -0.081451416015625, -0.082275390625, -0.126708984375, -0.16729736328125, -0.1351318359375, -0.049224853515625, -0.018768310546875, -0.029205322265625, 0.009997558593749997, 0.0643890380859375, 0.0628509521484375, 0.117828369140625, 0.069488525390625, 0.103179931640625, 0.148162841796875, 0.180023193359375, 0.11761474609375, 0.190948486328125, 0.144866943359375, 0.140167236328125, 0.20086669921875, 0.177642822265625, 0.18780517578125, 0.245452880859375, 0.195648193359375, 0.2039794921875, 0.2637939453125, 0.19970703125, 0.223541259765625, 0.273345947265625, 0.28033447265625, 0.23663330078125, 0.694091796875, 0.678009033203125, 0.668487548828125, 0.636688232421875, 0.567230224609375, 0.626922607421875, 0.559173583984375, 0.585906982421875, 0.57086181640625, 0.56719970703125, 0.5887451171875, 0.54376220703125, 0.569580078125, 0.6153564453125, 0.549713134765625, 0.569549560546875, 0.6199951171875, 0.6124267578125, 0.594970703125, 0.63067626953125, 0.552947998046875, 0.6007080078125, 0.6119384765625, 0.59521484375, 0.549591064453125, 0.60845947265625, 0.612457275390625, 0.54681396484375, 0.6119384765625, 0.5469970703125, 0.623138427734375, 0.5809326171875, 0.545166015625, 0.6224365234375, 0.5474853515625, 0.58270263671875, 0.61944580078125, 0.5538330078125, 0.613739013671875, 0.628387451171875, 0.590911865234375, 0.640045166015625, 0.58477783203125, 0.616424560546875, 0.648193359375, 0.64178466796875, 0.599395751953125, 0.60382080078125, 0.577239990234375, 0.61328125, 0.621246337890625, 0.597625732421875, 0.60662841796875, 0.65216064453125, 0.63385009765625, 0.599578857421875, 0.655853271484375, 0.677734375, 0.652130126953125, 0.606842041015625, 0.671875, 0.616943359375, 0.6787109375, 0.631072998046875, 0.625274658203125, 0.6839599609375, 0.684356689453125, 0.6868896484375, 0.68878173828125, 0.64501953125, 0.627777099609375, 0.619903564453125], "Corrected time": [0.0, 0.9999999974752427, 1.9999999949504854, 2.999999992425728, 3.999999989900971, 4.9999999873762135, 5.999999984851456, 6.999999982326699, 7.999999979801942, 8.999999977277184, 9.999999974752427, 10.99999997222767, 11.999999969702912, 12.999999967178155, 13.999999964653398, 14.99999996212864, 15.999999959603883, 16.999999957079126, 17.99999995455437, 18.99999995202961, 19.999999949504854, 20.999999946980097, 21.99999994445534, 22.999999941930582, 23.999999939405825, 24.999999936881068, 25.99999993435631, 26.999999931831553, 27.999999929306796, 28.99999992678204, 29.99999992425728, 30.999999921732524, 31.999999919207767, 32.99999991668301, 33.99999991415825, 34.999999911633495, 35.99999990910874, 36.99999990658398, 37.99999990405922, 38.999999901534466, 39.99999989900971, 40.99999989648495, 41.999999893960194, 42.999999891435436, 43.99999988891068, 44.99999988638592, 45.999999883861165, 46.99999988133641, 47.99999987881165, 48.99999987628689, 49.999999873762135, 50.99999987123738, 51.99999986871262, 52.99999986618786, 53.999999863663106, 54.99999986113835, 55.99999985861359, 56.999999856088834, 57.99999985356408, 58.99999985103932, 59.99999984851456, 60.999999845989805, 61.99999984346505, 62.99999984094029, 63.99999983841553, 64.99999983589078, 65.99999983336602, 66.99999983084126, 67.9999998283165, 68.99999982579175, 69.99999982326699, 70.99999982074223, 71.99999981821747, 72.99999981569272, 73.99999981316796, 74.9999998106432, 75.99999980811845, 76.99999980559369, 77.99999980306893, 78.99999980054417, 79.99999979801942, 80.99999979549466, 81.9999997929699, 82.99999979044514, 83.99999978792039, 84.99999978539563, 85.99999978287087, 86.99999978034612, 87.99999977782136, 88.9999997752966, 89.99999977277184, 90.99999977024709, 91.99999976772233, 92.99999976519757, 93.99999976267281, 94.99999976014806, 95.9999997576233, 96.99999975509854, 97.99999975257379, 98.99999975004903, 99.99999974752427, 100.99999974499951, 101.99999974247476, 102.99999973995, 103.99999973742524, 104.99999973490048, 105.99999973237573, 106.99999972985097, 107.99999972732621, 108.99999972480146, 109.9999997222767, 110.99999971975194, 111.99999971722718, 112.99999971470243, 113.99999971217767, 114.99999970965291, 115.99999970712815, 116.9999997046034, 117.99999970207864, 118.99999969955388], "Index": [1.0, 2.0, 3.0, 4.0, 5.0, 6.0, 7.0, 8.0, 9.0, 10.0, 11.0, 12.0, 13.0, 14.0, 15.0, 16.0, 17.0, 18.0, 19.0, 20.0, 21.0, 22.0, 23.0, 24.0, 25.0, 26.0, 27.0, 28.0, 29.0, 30.0, 31.0, 32.0, 33.0, 34.0, 35.0, 36.0, 37.0, 38.0, 39.0, 40.0, 41.0, 42.0, 43.0, 44.0, 45.0, 46.0, 47.0, 48.0, 49.0, 50.0, 51.0, 52.0, 53.0, 54.0, 55.0, 56.0, 57.0, 58.0, 59.0, 60.0, 61.0, 62.0, 63.0, 64.0, 65.0, 66.0, 67.0, 68.0, 69.0, 70.0, 71.0, 72.0, 73.0, 74.0, 75.0, 76.0, 77.0, 78.0, 79.0, 80.0, 81.0, 82.0, 83.0, 84.0, 85.0, 86.0, 87.0, 88.0, 89.0, 90.0, 91.0, 92.0, 93.0, 94.0, 95.0, 96.0, 97.0, 98.0, 99.0, 100.0, 101.0, 102.0, 103.0, 104.0, 105.0, 106.0, 107.0, 108.0, 109.0, 110.0, 111.0, 112.0, 113.0, 114.0, 115.0, 116.0, 117.0, 118.0, 119.0, 120.0]}}