{"recordsignal": {"Time": [2419.80888189057, 2420.808881888045, 2421.8088818855203, 2422.8088818829956, 2423.808881880471, 2424.808881877946, 2425.8088818754213, 2426.8088818728966, 2427.808881870372, 2428.808881867847, 2429.8088818653223, 2430.8088818627975, 2431.808881860273, 2432.808881857748, 2433.8088818552233, 2434.8088818526985, 2435.8088818501737, 2436.808881847649, 2437.8088818451242, 2438.8088818425995, 2439.8088818400747, 2440.80888183755, 2441.808881835025, 2442.8088818325004, 2443.8088818299757, 2444.808881827451, 2445.808881824926, 2446.8088818224014, 2447.8088818198767, 2448.808881817352, 2449.808881814827, 2450.8088818123024, 2451.8088818097776, 2452.808881807253, 2453.808881804728, 2454.8088818022034, 2455.8088817996786, 2456.808881797154, 2457.808881794629, 2458.8088817921043, 2459.8088817895796, 2460.808881787055, 2461.80888178453, 2462.8088817820053, 2463.8088817794805, 2464.808881776956, 2465.808881774431, 2466.8088817719063, 2467.8088817693815, 2468.8088817668568, 2469.808881764332, 2470.8088817618072, 2471.8088817592825, 2472.8088817567577, 2473.808881754233, 2474.808881751708, 2475.8088817491835, 2476.8088817466587, 2477.808881744134, 2478.808881741609, 2479.8088817390844, 2480.8088817365597, 2481.808881734035, 2482.80888173151, 2483.8088817289854, 2484.8088817264606, 2485.808881723936, 2486.808881721411, 2487.8088817188864, 2488.8088817163616, 2489.808881713837, 2490.808881711312, 2491.8088817087873, 2492.8088817062626, 2493.808881703738, 2494.808881701213, 2495.8088816986883, 2496.8088816961636, 2497.808881693639, 2498.808881691114, 2499.8088816885893, 2500.8088816860645, 2501.8088816835398, 2502.808881681015, 2503.8088816784903, 2504.8088816759655, 2505.8088816734407, 2506.808881670916, 2507.808881668391, 2508.8088816658665, 2509.8088816633417, 2510.808881660817, 2511.808881658292, 2512.8088816557674, 2513.8088816532427, 2514.808881650718, 2515.808881648193, 2516.8088816456684, 2517.8088816431436, 2518.808881640619, 2519.808881638094, 2520.8088816355694, 2521.8088816330446, 2522.80888163052, 2523.808881627995, 2524.8088816254703, 2525.8088816229456, 2526.808881620421, 2527.808881617896, 2528.8088816153713, 2529.8088816128466, 2530.808881610322, 2531.808881607797, 2532.8088816052723, 2533.8088816027475, 2534.808881600223, 2535.808881597698, 2536.8088815951733, 2537.8088815926485, 2538.8088815901237], "WE(1).Potential": [-1.74560546875, 0.9295654296875, 1.03179931640625, 1.0040283203125, 1.05804443359375, 0.9942626953125, 0.98968505859375, 1.036376953125, 1.090087890625, 1.01226806640625, 1.0650634765625, 1.11114501953125, 1.07879638671875, 1.07940673828125, 1.06719970703125, 1.1102294921875, 1.1187744140625, 1.07696533203125, 1.05316162109375, 1.119384765625, 1.07452392578125, 1.09130859375, 1.11846923828125, 1.1309814453125, 1.07696533203125, 1.0943603515625, 1.09344482421875, 1.083984375, 1.09466552734375, 1.12518310546875, 1.1517333984375, 1.14013671875, 1.099853515625, 1.13189697265625, 1.16790771484375, 1.1285400390625, 1.109619140625, 1.11053466796875, 1.12030029296875, 1.170654296875, 1.1993408203125, 1.1602783203125, 1.11480712890625, 1.19873046875, 1.1224365234375, 1.19720458984375, 1.14837646484375, 1.2109375, 1.13037109375, 1.21429443359375, 1.142578125, 1.1676025390625, 1.19140625, 1.20819091796875, 1.20849609375, 1.17523193359375, 1.15478515625, 1.20330810546875, 1.2213134765625, 1.15264892578125, 1.234130859375, 1.16485595703125, 1.248779296875, 1.21551513671875, 1.1920166015625, 1.25579833984375, 1.180419921875, 1.2646484375, 1.22650146484375, 1.21307373046875, 1.2481689453125, 1.2664794921875, 1.28936767578125, 1.22039794921875, 1.2384033203125, 1.28265380859375, 1.28021240234375, 1.21368408203125, 1.26678466796875, 1.29302978515625, 1.3067626953125, 1.23992919921875, 1.24847412109375, 1.2982177734375, 1.3079833984375, 1.28631591796875, 1.309814453125, 1.28997802734375, 1.2457275390625, 1.32720947265625, 1.31317138671875, 1.275634765625, 1.2774658203125, 1.30401611328125, 1.31622314453125, 1.3250732421875, 1.26312255859375, 1.34552001953125, 1.2799072265625, 1.26434326171875, 1.278076171875, 1.2982177734375, 1.2713623046875, 1.27197265625, 1.3323974609375, 1.33880615234375, 1.28204345703125, 1.33758544921875, 1.26129150390625, 1.3433837890625, 1.30462646484375, 1.30859375, 1.314697265625, 1.32354736328125, 1.33758544921875, 1.2652587890625, 1.30859375, 1.34002685546875, 1.27838134765625, 1.259765625], "Corrected time": [0.0, 0.9999999974752427, 1.9999999949504854, 2.999999992425728, 3.999999989900971, 4.9999999873762135, 5.999999984851456, 6.999999982326699, 7.999999979801942, 8.999999977277184, 9.999999974752427, 10.99999997222767, 11.999999969702912, 12.999999967178155, 13.999999964653398, 14.99999996212864, 15.999999959603883, 16.999999957079126, 17.99999995455437, 18.99999995202961, 19.999999949504854, 20.999999946980097, 21.99999994445534, 22.999999941930582, 23.999999939405825, 24.999999936881068, 25.99999993435631, 26.999999931831553, 27.999999929306796, 28.99999992678204, 29.99999992425728, 30.999999921732524, 31.999999919207767, 32.99999991668301, 33.99999991415825, 34.999999911633495, 35.99999990910874, 36.99999990658398, 37.99999990405922, 38.999999901534466, 39.99999989900971, 40.99999989648495, 41.999999893960194, 42.999999891435436, 43.99999988891068, 44.99999988638592, 45.999999883861165, 46.99999988133641, 47.99999987881165, 48.99999987628689, 49.999999873762135, 50.99999987123738, 51.99999986871262, 52.99999986618786, 53.999999863663106, 54.99999986113835, 55.99999985861359, 56.999999856088834, 57.99999985356408, 58.99999985103932, 59.99999984851456, 60.999999845989805, 61.99999984346505, 62.99999984094029, 63.99999983841553, 64.99999983589078, 65.99999983336602, 66.99999983084126, 67.9999998283165, 68.99999982579175, 69.99999982326699, 70.99999982074223, 71.99999981821747, 72.99999981569272, 73.99999981316796, 74.9999998106432, 75.99999980811845, 76.99999980559369, 77.99999980306893, 78.99999980054417, 79.99999979801942, 80.99999979549466, 81.9999997929699, 82.99999979044514, 83.99999978792039, 84.99999978539563, 85.99999978287087, 86.99999978034612, 87.99999977782136, 88.9999997752966, 89.99999977277184, 90.99999977024709, 91.99999976772233, 92.99999976519757, 93.99999976267281, 94.99999976014806, 95.9999997576233, 96.99999975509854, 97.99999975257379, 98.99999975004903, 99.99999974752427, 100.99999974499951, 101.99999974247476, 102.99999973995, 103.99999973742524, 104.99999973490048, 105.99999973237573, 106.99999972985097, 107.99999972732621, 108.99999972480146, 109.9999997222767, 110.99999971975194, 111.99999971722718, 112.99999971470243, 113.99999971217767, 114.99999970965291, 115.99999970712815, 116.9999997046034, 117.99999970207864, 118.99999969955388], "Index": [1.0, 2.0, 3.0, 4.0, 5.0, 6.0, 7.0, 8.0, 9.0, 10.0, 11.0, 12.0, 13.0, 14.0, 15.0, 16.0, 17.0, 18.0, 19.0, 20.0, 21.0, 22.0, 23.0, 24.0, 25.0, 26.0, 27.0, 28.0, 29.0, 30.0, 31.0, 32.0, 33.0, 34.0, 35.0, 36.0, 37.0, 38.0, 39.0, 40.0, 41.0, 42.0, 43.0, 44.0, 45.0, 46.0, 47.0, 48.0, 49.0, 50.0, 51.0, 52.0, 53.0, 54.0, 55.0, 56.0, 57.0, 58.0, 59.0, 60.0, 61.0, 62.0, 63.0, 64.0, 65.0, 66.0, 67.0, 68.0, 69.0, 70.0, 71.0, 72.0, 73.0, 74.0, 75.0, 76.0, 77.0, 78.0, 79.0, 80.0, 81.0, 82.0, 83.0, 84.0, 85.0, 86.0, 87.0, 88.0, 89.0, 90.0, 91.0, 92.0, 93.0, 94.0, 95.0, 96.0, 97.0, 98.0, 99.0, 100.0, 101.0, 102.0, 103.0, 104.0, 105.0, 106.0, 107.0, 108.0, 109.0, 110.0, 111.0, 112.0, 113.0, 114.0, 115.0, 116.0, 117.0, 118.0, 119.0, 120.0]}}