{"recordsignal": {"Time": [377.31371004737446, 378.3137100448497, 379.31371004232494, 380.3137100398002, 381.3137100372754, 382.31371003475067, 383.3137100322259, 384.31371002970116, 385.3137100271764, 386.31371002465164, 387.3137100221269, 388.3137100196021, 389.31371001707737, 390.3137100145526, 391.31371001202785, 392.3137100095031, 393.31371000697834, 394.3137100044536, 395.3137100019288, 396.31370999940407, 397.3137099968793, 398.31370999435455, 399.3137099918298, 400.31370998930504, 401.3137099867803, 402.3137099842555, 403.31370998173077, 404.313709979206, 405.31370997668125, 406.3137099741565, 407.31370997163174, 408.313709969107, 409.3137099665822, 410.31370996405747, 411.3137099615327, 412.31370995900795, 413.3137099564832, 414.31370995395844, 415.3137099514337, 416.3137099489089, 417.31370994638417, 418.3137099438594, 419.31370994133465, 420.3137099388099, 421.31370993628514, 422.3137099337604, 423.3137099312356, 424.31370992871086, 425.3137099261861, 426.31370992366135, 427.3137099211366, 428.31370991861183, 429.3137099160871, 430.3137099135623, 431.31370991103756, 432.3137099085128, 433.31370990598805, 434.3137099034633, 435.31370990093853, 436.3137098984138, 437.313709895889, 438.31370989336426, 439.3137098908395, 440.31370988831475, 441.31370988579, 442.31370988326523, 443.3137098807405, 444.3137098782157, 445.31370987569096, 446.3137098731662, 447.31370987064145, 448.3137098681167, 449.31370986559193, 450.3137098630672, 451.3137098605424, 452.31370985801766, 453.3137098554929, 454.31370985296815, 455.3137098504434, 456.31370984791863, 457.3137098453939, 458.3137098428691, 459.31370984034436, 460.3137098378196, 461.31370983529484, 462.3137098327701, 463.31370983024533, 464.3137098277206, 465.3137098251958, 466.31370982267106, 467.3137098201463, 468.31370981762154, 469.3137098150968, 470.31370981257203, 471.31370981004727, 472.3137098075225, 473.31370980499776, 474.313709802473, 475.31370979994824, 476.3137097974235, 477.3137097948987, 478.31370979237397, 479.3137097898492, 480.31370978732446, 481.3137097847997, 482.31370978227494, 483.3137097797502, 484.3137097772254, 485.31370977470067, 486.3137097721759, 487.31370976965115, 488.3137097671264, 489.31370976460164, 490.3137097620769, 491.3137097595521, 492.31370975702737, 493.3137097545026, 494.31370975197785, 495.3137097494531, 496.31370974692834], "WE(1).Potential": [-1.74468994140625, 0.87493896484375, 1.014404296875, 0.95062255859375, 1.053466796875, 1.00860595703125, 1.0382080078125, 0.9942626953125, 1.06719970703125, 0.980224609375, 1.05712890625, 1.00372314453125, 1.1126708984375, 1.07574462890625, 1.163330078125, 1.0845947265625, 1.1767578125, 1.1279296875, 1.15386962890625, 1.08551025390625, 1.08978271484375, 1.08489990234375, 1.080322265625, 1.1004638671875, 1.13861083984375, 1.1083984375, 1.08856201171875, 1.08978271484375, 1.087646484375, 1.0498046875, 1.1016845703125, 1.104736328125, 1.04217529296875, 1.0284423828125, 1.05316162109375, 1.07330322265625, 1.13250732421875, 1.1474609375, 1.1572265625, 1.15234375, 1.09161376953125, 1.15081787109375, 1.16180419921875, 1.12274169921875, 1.14837646484375, 1.1883544921875, 1.21185302734375, 1.151123046875, 1.1761474609375, 1.20941162109375, 1.229248046875, 1.2579345703125, 1.17156982421875, 1.231689453125, 1.25579833984375, 1.214599609375, 1.20330810546875, 1.26251220703125, 1.17889404296875, 1.263427734375, 1.19537353515625, 1.1859130859375, 1.18499755859375, 1.2017822265625, 1.221923828125, 1.1895751953125, 1.17919921875, 1.156005859375, 1.220703125, 1.23809814453125, 1.18927001953125, 1.1572265625, 1.20513916015625, 1.21612548828125, 1.148681640625, 1.1566162109375, 1.1767578125, 1.1041259765625, 1.06658935546875, 1.0693359375, 1.080322265625, 1.087646484375, 1.0772705078125, 1.12274169921875, 1.16058349609375, 1.19415283203125, 1.187744140625, 1.14410400390625, 1.12457275390625, 1.1590576171875, 1.209716796875, 1.17279052734375, 1.09771728515625, 1.17034912109375, 1.16180419921875, 1.1346435546875, 1.12396240234375, 1.13616943359375, 1.16943359375, 1.10107421875, 1.14990234375, 1.1981201171875, 1.2310791015625, 1.202392578125, 1.1920166015625, 1.16973876953125, 1.2353515625, 1.1968994140625, 1.27288818359375, 1.2213134765625, 1.240234375, 1.26220703125, 1.25152587890625, 1.2933349609375, 1.253662109375, 1.25885009765625, 1.326904296875, 1.2646484375, 1.27716064453125, 1.29241943359375], "Corrected time": [0.0, 0.9999999974752427, 1.9999999949504854, 2.999999992425728, 3.999999989900971, 4.9999999873762135, 5.999999984851456, 6.999999982326699, 7.999999979801942, 8.999999977277184, 9.999999974752427, 10.99999997222767, 11.999999969702912, 12.999999967178155, 13.999999964653398, 14.99999996212864, 15.999999959603883, 16.999999957079126, 17.99999995455437, 18.99999995202961, 19.999999949504854, 20.999999946980097, 21.99999994445534, 22.999999941930582, 23.999999939405825, 24.999999936881068, 25.99999993435631, 26.999999931831553, 27.999999929306796, 28.99999992678204, 29.99999992425728, 30.999999921732524, 31.999999919207767, 32.99999991668301, 33.99999991415825, 34.999999911633495, 35.99999990910874, 36.99999990658398, 37.99999990405922, 38.999999901534466, 39.99999989900971, 40.99999989648495, 41.999999893960194, 42.999999891435436, 43.99999988891068, 44.99999988638592, 45.999999883861165, 46.99999988133641, 47.99999987881165, 48.99999987628689, 49.999999873762135, 50.99999987123738, 51.99999986871262, 52.99999986618786, 53.999999863663106, 54.99999986113835, 55.99999985861359, 56.999999856088834, 57.99999985356408, 58.99999985103932, 59.99999984851456, 60.999999845989805, 61.99999984346505, 62.99999984094029, 63.99999983841553, 64.99999983589078, 65.99999983336602, 66.99999983084126, 67.9999998283165, 68.99999982579175, 69.99999982326699, 70.99999982074223, 71.99999981821747, 72.99999981569272, 73.99999981316796, 74.9999998106432, 75.99999980811845, 76.99999980559369, 77.99999980306893, 78.99999980054417, 79.99999979801942, 80.99999979549466, 81.9999997929699, 82.99999979044514, 83.99999978792039, 84.99999978539563, 85.99999978287087, 86.99999978034612, 87.99999977782136, 88.9999997752966, 89.99999977277184, 90.99999977024709, 91.99999976772233, 92.99999976519757, 93.99999976267281, 94.99999976014806, 95.9999997576233, 96.99999975509854, 97.99999975257379, 98.99999975004903, 99.99999974752427, 100.99999974499951, 101.99999974247476, 102.99999973995, 103.99999973742524, 104.99999973490048, 105.99999973237573, 106.99999972985097, 107.99999972732621, 108.99999972480146, 109.9999997222767, 110.99999971975194, 111.99999971722718, 112.99999971470243, 113.99999971217767, 114.99999970965291, 115.99999970712815, 116.9999997046034, 117.99999970207864, 118.99999969955388], "Index": [1.0, 2.0, 3.0, 4.0, 5.0, 6.0, 7.0, 8.0, 9.0, 10.0, 11.0, 12.0, 13.0, 14.0, 15.0, 16.0, 17.0, 18.0, 19.0, 20.0, 21.0, 22.0, 23.0, 24.0, 25.0, 26.0, 27.0, 28.0, 29.0, 30.0, 31.0, 32.0, 33.0, 34.0, 35.0, 36.0, 37.0, 38.0, 39.0, 40.0, 41.0, 42.0, 43.0, 44.0, 45.0, 46.0, 47.0, 48.0, 49.0, 50.0, 51.0, 52.0, 53.0, 54.0, 55.0, 56.0, 57.0, 58.0, 59.0, 60.0, 61.0, 62.0, 63.0, 64.0, 65.0, 66.0, 67.0, 68.0, 69.0, 70.0, 71.0, 72.0, 73.0, 74.0, 75.0, 76.0, 77.0, 78.0, 79.0, 80.0, 81.0, 82.0, 83.0, 84.0, 85.0, 86.0, 87.0, 88.0, 89.0, 90.0, 91.0, 92.0, 93.0, 94.0, 95.0, 96.0, 97.0, 98.0, 99.0, 100.0, 101.0, 102.0, 103.0, 104.0, 105.0, 106.0, 107.0, 108.0, 109.0, 110.0, 111.0, 112.0, 113.0, 114.0, 115.0, 116.0, 117.0, 118.0, 119.0, 120.0]}}