{"recordsignal": {"Time": [3795.679234416831, 3796.6792344143064, 3797.6792344117816, 3798.679234409257, 3799.679234406732, 3800.6792344042074, 3801.6792344016826, 3802.679234399158, 3803.679234396633, 3804.6792343941083, 3805.6792343915836, 3806.679234389059, 3807.679234386534, 3808.6792343840093, 3809.6792343814845, 3810.67923437896, 3811.679234376435, 3812.6792343739103, 3813.6792343713855, 3814.6792343688608, 3815.679234366336, 3816.6792343638112, 3817.6792343612865, 3818.6792343587617, 3819.679234356237, 3820.679234353712, 3821.6792343511875, 3822.6792343486627, 3823.679234346138, 3824.679234343613, 3825.6792343410884, 3826.6792343385637, 3827.679234336039, 3828.679234333514, 3829.6792343309894, 3830.6792343284646, 3831.67923432594, 3832.679234323415, 3833.6792343208904, 3834.6792343183656, 3835.679234315841, 3836.679234313316, 3837.6792343107913, 3838.6792343082666, 3839.679234305742, 3840.679234303217, 3841.6792343006923, 3842.6792342981676, 3843.679234295643, 3844.679234293118, 3845.6792342905933, 3846.6792342880685, 3847.6792342855438, 3848.679234283019, 3849.6792342804943, 3850.6792342779695, 3851.6792342754447, 3852.67923427292, 3853.679234270395, 3854.6792342678705, 3855.6792342653457, 3856.679234262821, 3857.679234260296, 3858.6792342577714, 3859.6792342552467, 3860.679234252722, 3861.679234250197, 3862.6792342476724, 3863.6792342451477, 3864.679234242623, 3865.679234240098, 3866.6792342375734, 3867.6792342350486, 3868.679234232524, 3869.679234229999, 3870.6792342274744, 3871.6792342249496, 3872.679234222425, 3873.6792342199, 3874.6792342173753, 3875.6792342148506, 3876.679234212326, 3877.679234209801, 3878.6792342072763, 3879.6792342047515, 3880.679234202227, 3881.679234199702, 3882.6792341971773, 3883.6792341946525, 3884.6792341921278, 3885.679234189603, 3886.6792341870782, 3887.6792341845535, 3888.6792341820287, 3889.679234179504, 3890.679234176979, 3891.6792341744545, 3892.6792341719297, 3893.679234169405, 3894.67923416688, 3895.6792341643554, 3896.6792341618307, 3897.679234159306, 3898.679234156781, 3899.6792341542564, 3900.6792341517316, 3901.679234149207, 3902.679234146682, 3903.6792341441574, 3904.6792341416326, 3905.679234139108, 3906.679234136583, 3907.6792341340583, 3908.6792341315336, 3909.679234129009, 3910.679234126484, 3911.6792341239593, 3912.6792341214345, 3913.67923411891, 3914.679234116385], "WE(1).Potential": [-9.99969482421875, -9.99969482421875, -9.99969482421875, -9.99969482421875, -9.99969482421875, -9.99969482421875, -9.99969482421875, -9.99969482421875, -9.99969482421875, -9.99969482421875, -9.99969482421875, -9.99969482421875, -9.99969482421875, -9.99969482421875, -9.99969482421875, -9.99969482421875, -9.99969482421875, -9.99969482421875, -9.99969482421875, -9.99969482421875, -9.99969482421875, -9.99969482421875, -9.99969482421875, -9.99969482421875, -9.99969482421875, -9.99969482421875, -9.99969482421875, -9.99969482421875, -9.99969482421875, -9.99969482421875, -9.99969482421875, -9.99969482421875, -9.99969482421875, -9.99969482421875, -9.99969482421875, -9.99969482421875, -9.99969482421875, -9.99969482421875, -9.99969482421875, -9.99969482421875, -9.99969482421875, -9.99969482421875, -9.99969482421875, -9.99969482421875, -9.99969482421875, -9.99969482421875, -9.99969482421875, -9.99969482421875, -9.99969482421875, -9.99969482421875, -9.99969482421875, -9.99969482421875, -9.99969482421875, -9.99969482421875, -9.99969482421875, -9.99969482421875, -9.99969482421875, -9.99969482421875, -9.99969482421875, -9.99969482421875, -9.99969482421875, -9.99969482421875, -9.99969482421875, -9.99969482421875, -9.99969482421875, -9.99969482421875, -9.99969482421875, -9.99969482421875, -9.99969482421875, -9.99969482421875, -9.99969482421875, -9.99969482421875, -9.99969482421875, -9.99969482421875, -9.99969482421875, -9.99969482421875, -9.99969482421875, -9.99969482421875, -9.99969482421875, -9.99969482421875, -9.99969482421875, -9.99969482421875, -9.99969482421875, -9.99969482421875, -9.99969482421875, -9.99969482421875, -9.99969482421875, -9.99969482421875, -9.99969482421875, -9.99969482421875, -9.99969482421875, -9.99969482421875, -9.99969482421875, -9.99969482421875, -9.99969482421875, -9.99969482421875, -9.99969482421875, -9.99969482421875, -9.99969482421875, -9.99969482421875, -9.99969482421875, -9.99969482421875, -9.99969482421875, -9.99969482421875, -9.99969482421875, -9.99969482421875, -9.99969482421875, -9.99969482421875, -9.99969482421875, -9.99969482421875, -9.99969482421875, -9.99969482421875, -9.99969482421875, -9.99969482421875, -9.99969482421875, -9.99969482421875, -9.99969482421875, -9.99969482421875, -9.99969482421875, -9.99969482421875], "Corrected time": [0.0, 0.9999999974752427, 1.9999999949504854, 2.999999992425728, 3.999999989900971, 4.9999999873762135, 5.999999984851456, 6.999999982326699, 7.999999979801942, 8.999999977277184, 9.999999974752427, 10.99999997222767, 11.999999969702912, 12.999999967178155, 13.999999964653398, 14.99999996212864, 15.999999959603883, 16.999999957079126, 17.99999995455437, 18.99999995202961, 19.999999949504854, 20.999999946980097, 21.99999994445534, 22.999999941930582, 23.999999939405825, 24.999999936881068, 25.99999993435631, 26.999999931831553, 27.999999929306796, 28.99999992678204, 29.99999992425728, 30.999999921732524, 31.999999919207767, 32.99999991668301, 33.99999991415825, 34.999999911633495, 35.99999990910874, 36.99999990658398, 37.99999990405922, 38.999999901534466, 39.99999989900971, 40.99999989648495, 41.999999893960194, 42.999999891435436, 43.99999988891068, 44.99999988638592, 45.999999883861165, 46.99999988133641, 47.99999987881165, 48.99999987628689, 49.999999873762135, 50.99999987123738, 51.99999986871262, 52.99999986618786, 53.999999863663106, 54.99999986113835, 55.99999985861359, 56.999999856088834, 57.99999985356408, 58.99999985103932, 59.99999984851456, 60.999999845989805, 61.99999984346505, 62.99999984094029, 63.99999983841553, 64.99999983589078, 65.99999983336602, 66.99999983084126, 67.9999998283165, 68.99999982579175, 69.99999982326699, 70.99999982074223, 71.99999981821747, 72.99999981569272, 73.99999981316796, 74.9999998106432, 75.99999980811845, 76.99999980559369, 77.99999980306893, 78.99999980054417, 79.99999979801942, 80.99999979549466, 81.9999997929699, 82.99999979044514, 83.99999978792039, 84.99999978539563, 85.99999978287087, 86.99999978034612, 87.99999977782136, 88.9999997752966, 89.99999977277184, 90.99999977024709, 91.99999976772233, 92.99999976519757, 93.99999976267281, 94.99999976014806, 95.9999997576233, 96.99999975509854, 97.99999975257379, 98.99999975004903, 99.99999974752427, 100.99999974499951, 101.99999974247476, 102.99999973995, 103.99999973742524, 104.99999973490048, 105.99999973237573, 106.99999972985097, 107.99999972732621, 108.99999972480146, 109.9999997222767, 110.99999971975194, 111.99999971722718, 112.99999971470243, 113.99999971217767, 114.99999970965291, 115.99999970712815, 116.9999997046034, 117.99999970207864, 118.99999969955388], "Index": [1.0, 2.0, 3.0, 4.0, 5.0, 6.0, 7.0, 8.0, 9.0, 10.0, 11.0, 12.0, 13.0, 14.0, 15.0, 16.0, 17.0, 18.0, 19.0, 20.0, 21.0, 22.0, 23.0, 24.0, 25.0, 26.0, 27.0, 28.0, 29.0, 30.0, 31.0, 32.0, 33.0, 34.0, 35.0, 36.0, 37.0, 38.0, 39.0, 40.0, 41.0, 42.0, 43.0, 44.0, 45.0, 46.0, 47.0, 48.0, 49.0, 50.0, 51.0, 52.0, 53.0, 54.0, 55.0, 56.0, 57.0, 58.0, 59.0, 60.0, 61.0, 62.0, 63.0, 64.0, 65.0, 66.0, 67.0, 68.0, 69.0, 70.0, 71.0, 72.0, 73.0, 74.0, 75.0, 76.0, 77.0, 78.0, 79.0, 80.0, 81.0, 82.0, 83.0, 84.0, 85.0, 86.0, 87.0, 88.0, 89.0, 90.0, 91.0, 92.0, 93.0, 94.0, 95.0, 96.0, 97.0, 98.0, 99.0, 100.0, 101.0, 102.0, 103.0, 104.0, 105.0, 106.0, 107.0, 108.0, 109.0, 110.0, 111.0, 112.0, 113.0, 114.0, 115.0, 116.0, 117.0, 118.0, 119.0, 120.0]}}