{"recordsignal": {"Time": [4249.3042572715385, 4250.304257269014, 4251.304257266489, 4252.304257263964, 4253.3042572614395, 4254.304257258915, 4255.30425725639, 4256.304257253865, 4257.3042572513405, 4258.304257248816, 4259.304257246291, 4260.304257243766, 4261.304257241241, 4262.304257238717, 4263.304257236192, 4264.304257233667, 4265.304257231142, 4266.304257228618, 4267.304257226093, 4268.304257223568, 4269.304257221043, 4270.304257218519, 4271.304257215994, 4272.304257213469, 4273.304257210944, 4274.30425720842, 4275.304257205895, 4276.30425720337, 4277.304257200845, 4278.304257198321, 4279.304257195796, 4280.304257193271, 4281.304257190746, 4282.3042571882215, 4283.304257185697, 4284.304257183172, 4285.304257180647, 4286.3042571781225, 4287.304257175598, 4288.304257173073, 4289.304257170548, 4290.3042571680235, 4291.304257165499, 4292.304257162974, 4293.304257160449, 4294.304257157924, 4295.3042571554, 4296.304257152875, 4297.30425715035, 4298.304257147825, 4299.304257145301, 4300.304257142776, 4301.304257140251, 4302.304257137726, 4303.304257135202, 4304.304257132677, 4305.304257130152, 4306.304257127627, 4307.304257125103, 4308.304257122578, 4309.304257120053, 4310.304257117528, 4311.304257115004, 4312.304257112479, 4313.304257109954, 4314.304257107429, 4315.3042571049045, 4316.30425710238, 4317.304257099855, 4318.30425709733, 4319.3042570948055, 4320.304257092281, 4321.304257089756, 4322.304257087231, 4323.3042570847065, 4324.304257082182, 4325.304257079657, 4326.304257077132, 4327.304257074607, 4328.304257072083, 4329.304257069558, 4330.304257067033, 4331.304257064508, 4332.304257061984, 4333.304257059459, 4334.304257056934, 4335.304257054409, 4336.304257051885, 4337.30425704936, 4338.304257046835, 4339.30425704431, 4340.304257041786, 4341.304257039261, 4342.304257036736, 4343.304257034211, 4344.304257031687, 4345.304257029162, 4346.304257026637, 4347.304257024112, 4348.304257021588, 4349.304257019063, 4350.304257016538, 4351.304257014013, 4352.3042570114885, 4353.304257008964, 4354.304257006439, 4355.304257003914, 4356.3042570013895, 4357.304256998865, 4358.30425699634, 4359.304256993815, 4360.3042569912905, 4361.304256988766, 4362.304256986241, 4363.304256983716, 4364.304256981191, 4365.304256978667, 4366.304256976142, 4367.304256973617, 4368.304256971092], "WE(1).Potential": [-9.99969482421875, -9.3157958984375, -9.13970947265625, -8.90472412109375, -8.76251220703125, -8.62518310546875, -8.4503173828125, -8.2928466796875, -8.16925048828125, -8.02032470703125, -7.8887939453125, -7.74139404296875, -7.608642578125, -7.44384765625, -7.2821044921875, -7.21405029296875, -7.0184326171875, -6.96258544921875, -6.78009033203125, -6.7413330078125, -6.56707763671875, -6.48284912109375, -6.40838623046875, -6.2811279296875, -6.1199951171875, -6.107177734375, -5.9442138671875, -5.82977294921875, -5.76568603515625, -5.73822021484375, -5.58990478515625, -5.5828857421875, -5.45928955078125, -5.34210205078125, -5.2880859375, -5.23406982421875, -5.21026611328125, -5.06805419921875, -5.01220703125, -5.009765625, -4.9169921875, -4.83734130859375, -4.7283935546875, -4.7174072265625, -4.67132568359375, -4.619140625, -4.52545166015625, -4.4854736328125, -4.4781494140625, -4.36126708984375, -4.2938232421875, -4.24224853515625, -4.2041015625, -4.1497802734375, -4.10186767578125, -4.0557861328125, -4.01519775390625, -3.95416259765625, -3.91265869140625, -3.90899658203125, -3.86322021484375, -3.84735107421875, -3.82293701171875, -3.78173828125, -3.734130859375, -3.69781494140625, -3.61968994140625, -3.55010986328125, -3.486328125, -3.4814453125, -3.43109130859375, -3.38470458984375, -3.34014892578125, -3.29559326171875, -3.2489013671875, -3.2098388671875, -3.1964111328125, -3.1463623046875, -3.12164306640625, -3.07708740234375, -3.02825927734375, -2.9974365234375, -3.00140380859375, -3.02276611328125, -2.9571533203125, -2.90283203125, -2.91717529296875, -2.82958984375, -2.77313232421875, -2.73529052734375, -2.68524169921875, -2.71270751953125, -2.64068603515625, -2.63458251953125, -2.576904296875, -2.6153564453125, -2.54852294921875, -2.48687744140625, -2.46826171875, -2.4969482421875, -2.37579345703125, -2.4359130859375, -2.353515625, -2.37213134765625, -2.3321533203125, -2.32757568359375, -2.244873046875, -2.235107421875, -2.27630615234375, -2.1923828125, -2.1514892578125, -2.19329833984375, -2.1246337890625, -2.1612548828125, -2.0697021484375, -2.047119140625, -2.06298828125, -2.01568603515625, -1.981201171875, -2.0404052734375], "Corrected time": [0.0, 0.9999999974752427, 1.9999999949504854, 2.999999992425728, 3.999999989900971, 4.9999999873762135, 5.999999984851456, 6.999999982326699, 7.999999979801942, 8.999999977277184, 9.999999974752427, 10.99999997222767, 11.999999969702912, 12.999999967178155, 13.999999964653398, 14.99999996212864, 15.999999959603883, 16.999999957079126, 17.99999995455437, 18.99999995202961, 19.999999949504854, 20.999999946980097, 21.99999994445534, 22.999999941930582, 23.999999939405825, 24.999999936881068, 25.99999993435631, 26.999999931831553, 27.999999929306796, 28.99999992678204, 29.99999992425728, 30.999999921732524, 31.999999919207767, 32.99999991668301, 33.99999991415825, 34.999999911633495, 35.99999990910874, 36.99999990658398, 37.99999990405922, 38.999999901534466, 39.99999989900971, 40.99999989648495, 41.999999893960194, 42.999999891435436, 43.99999988891068, 44.99999988638592, 45.999999883861165, 46.99999988133641, 47.99999987881165, 48.99999987628689, 49.999999873762135, 50.99999987123738, 51.99999986871262, 52.99999986618786, 53.999999863663106, 54.99999986113835, 55.99999985861359, 56.999999856088834, 57.99999985356408, 58.99999985103932, 59.99999984851456, 60.999999845989805, 61.99999984346505, 62.99999984094029, 63.99999983841553, 64.99999983589078, 65.99999983336602, 66.99999983084126, 67.9999998283165, 68.99999982579175, 69.99999982326699, 70.99999982074223, 71.99999981821747, 72.99999981569272, 73.99999981316796, 74.9999998106432, 75.99999980811845, 76.99999980559369, 77.99999980306893, 78.99999980054417, 79.99999979801942, 80.99999979549466, 81.9999997929699, 82.99999979044514, 83.99999978792039, 84.99999978539563, 85.99999978287087, 86.99999978034612, 87.99999977782136, 88.9999997752966, 89.99999977277184, 90.99999977024709, 91.99999976772233, 92.99999976519757, 93.99999976267281, 94.99999976014806, 95.9999997576233, 96.99999975509854, 97.99999975257379, 98.99999975004903, 99.99999974752427, 100.99999974499951, 101.99999974247476, 102.99999973995, 103.99999973742524, 104.99999973490048, 105.99999973237573, 106.99999972985097, 107.99999972732621, 108.99999972480146, 109.9999997222767, 110.99999971975194, 111.99999971722718, 112.99999971470243, 113.99999971217767, 114.99999970965291, 115.99999970712815, 116.9999997046034, 117.99999970207864, 118.99999969955388], "Index": [1.0, 2.0, 3.0, 4.0, 5.0, 6.0, 7.0, 8.0, 9.0, 10.0, 11.0, 12.0, 13.0, 14.0, 15.0, 16.0, 17.0, 18.0, 19.0, 20.0, 21.0, 22.0, 23.0, 24.0, 25.0, 26.0, 27.0, 28.0, 29.0, 30.0, 31.0, 32.0, 33.0, 34.0, 35.0, 36.0, 37.0, 38.0, 39.0, 40.0, 41.0, 42.0, 43.0, 44.0, 45.0, 46.0, 47.0, 48.0, 49.0, 50.0, 51.0, 52.0, 53.0, 54.0, 55.0, 56.0, 57.0, 58.0, 59.0, 60.0, 61.0, 62.0, 63.0, 64.0, 65.0, 66.0, 67.0, 68.0, 69.0, 70.0, 71.0, 72.0, 73.0, 74.0, 75.0, 76.0, 77.0, 78.0, 79.0, 80.0, 81.0, 82.0, 83.0, 84.0, 85.0, 86.0, 87.0, 88.0, 89.0, 90.0, 91.0, 92.0, 93.0, 94.0, 95.0, 96.0, 97.0, 98.0, 99.0, 100.0, 101.0, 102.0, 103.0, 104.0, 105.0, 106.0, 107.0, 108.0, 109.0, 110.0, 111.0, 112.0, 113.0, 114.0, 115.0, 116.0, 117.0, 118.0, 119.0, 120.0]}}