{"recordsignal": {"Time": [3338.438143571254, 3339.438143568729, 3340.4381435662044, 3341.4381435636797, 3342.438143561155, 3343.43814355863, 3344.4381435561054, 3345.4381435535806, 3346.438143551056, 3347.438143548531, 3348.4381435460064, 3349.4381435434816, 3350.438143540957, 3351.438143538432, 3352.4381435359073, 3353.4381435333826, 3354.438143530858, 3355.438143528333, 3356.4381435258083, 3357.4381435232835, 3358.438143520759, 3359.438143518234, 3360.4381435157093, 3361.4381435131845, 3362.4381435106598, 3363.438143508135, 3364.4381435056102, 3365.4381435030855, 3366.4381435005607, 3367.438143498036, 3368.438143495511, 3369.4381434929865, 3370.4381434904617, 3371.438143487937, 3372.438143485412, 3373.4381434828874, 3374.4381434803627, 3375.438143477838, 3376.438143475313, 3377.4381434727884, 3378.4381434702636, 3379.438143467739, 3380.438143465214, 3381.4381434626894, 3382.4381434601646, 3383.43814345764, 3384.438143455115, 3385.4381434525903, 3386.4381434500656, 3387.438143447541, 3388.438143445016, 3389.4381434424913, 3390.4381434399666, 3391.438143437442, 3392.438143434917, 3393.4381434323923, 3394.4381434298675, 3395.4381434273428, 3396.438143424818, 3397.4381434222933, 3398.4381434197685, 3399.4381434172437, 3400.438143414719, 3401.438143412194, 3402.4381434096695, 3403.4381434071447, 3404.43814340462, 3405.438143402095, 3406.4381433995704, 3407.4381433970457, 3408.438143394521, 3409.438143391996, 3410.4381433894714, 3411.4381433869466, 3412.438143384422, 3413.438143381897, 3414.4381433793724, 3415.4381433768476, 3416.438143374323, 3417.438143371798, 3418.4381433692733, 3419.4381433667486, 3420.438143364224, 3421.438143361699, 3422.4381433591743, 3423.4381433566496, 3424.438143354125, 3425.4381433516, 3426.4381433490753, 3427.4381433465505, 3428.438143344026, 3429.438143341501, 3430.4381433389763, 3431.4381433364515, 3432.4381433339267, 3433.438143331402, 3434.4381433288772, 3435.4381433263525, 3436.4381433238277, 3437.438143321303, 3438.438143318778, 3439.4381433162534, 3440.4381433137287, 3441.438143311204, 3442.438143308679, 3443.4381433061544, 3444.4381433036297, 3445.438143301105, 3446.43814329858, 3447.4381432960554, 3448.4381432935306, 3449.438143291006, 3450.438143288481, 3451.4381432859564, 3452.4381432834316, 3453.438143280907, 3454.438143278382, 3455.4381432758573, 3456.4381432733326, 3457.438143270808], "WE(1).Potential": [-1.2335205078125, -4.24713134765625, -6.78009033203125, -7.2991943359375, -7.57904052734375, -7.90740966796875, -8.21624755859375, -8.43414306640625, -8.56597900390625, -8.739013671875, -8.9813232421875, -9.10888671875, -9.2645263671875, -9.46990966796875, -9.647216796875, -9.7882080078125, -9.96368408203125, -9.99969482421875, -9.99969482421875, -9.99969482421875, -9.99969482421875, -9.99969482421875, -9.99969482421875, -9.99969482421875, -9.99969482421875, -9.99969482421875, -9.99969482421875, -9.99969482421875, -9.99969482421875, -9.99969482421875, -9.99969482421875, -9.99969482421875, -9.99969482421875, -9.99969482421875, -9.99969482421875, -9.99969482421875, -9.99969482421875, -9.99969482421875, -9.99969482421875, -9.99969482421875, -9.99969482421875, -9.99969482421875, -9.99969482421875, -9.99969482421875, -9.99969482421875, -9.99969482421875, -9.99969482421875, -9.99969482421875, -9.99969482421875, -9.99969482421875, -9.99969482421875, -9.99969482421875, -9.99969482421875, -9.99969482421875, -9.99969482421875, -9.99969482421875, -9.99969482421875, -9.99969482421875, -9.99969482421875, -9.99969482421875, -9.99969482421875, -9.99969482421875, -9.99969482421875, -9.99969482421875, -9.99969482421875, -9.99969482421875, -9.99969482421875, -9.99969482421875, -9.99969482421875, -9.99969482421875, -9.99969482421875, -9.99969482421875, -9.99969482421875, -9.99969482421875, -9.99969482421875, -9.99969482421875, -9.99969482421875, -9.99969482421875, -9.99969482421875, -9.99969482421875, -9.99969482421875, -9.99969482421875, -9.99969482421875, -9.99969482421875, -9.99969482421875, -9.99969482421875, -9.99969482421875, -9.99969482421875, -9.99969482421875, -9.99969482421875, -9.99969482421875, -9.99969482421875, -9.99969482421875, -9.99969482421875, -9.99969482421875, -9.99969482421875, -9.99969482421875, -9.99969482421875, -9.99969482421875, -9.99969482421875, -9.99969482421875, -9.99969482421875, -9.99969482421875, -9.99969482421875, -9.99969482421875, -9.99969482421875, -9.99969482421875, -9.99969482421875, -9.99969482421875, -9.99969482421875, -9.99969482421875, -9.99969482421875, -9.99969482421875, -9.99969482421875, -9.99969482421875, -9.99969482421875, -9.99969482421875, -9.99969482421875, -9.99969482421875, -9.99969482421875], "Corrected time": [0.0, 0.9999999974752427, 1.9999999949504854, 2.999999992425728, 3.999999989900971, 4.9999999873762135, 5.999999984851456, 6.999999982326699, 7.999999979801942, 8.999999977277184, 9.999999974752427, 10.99999997222767, 11.999999969702912, 12.999999967178155, 13.999999964653398, 14.99999996212864, 15.999999959603883, 16.999999957079126, 17.99999995455437, 18.99999995202961, 19.999999949504854, 20.999999946980097, 21.99999994445534, 22.999999941930582, 23.999999939405825, 24.999999936881068, 25.99999993435631, 26.999999931831553, 27.999999929306796, 28.99999992678204, 29.99999992425728, 30.999999921732524, 31.999999919207767, 32.99999991668301, 33.99999991415825, 34.999999911633495, 35.99999990910874, 36.99999990658398, 37.99999990405922, 38.999999901534466, 39.99999989900971, 40.99999989648495, 41.999999893960194, 42.999999891435436, 43.99999988891068, 44.99999988638592, 45.999999883861165, 46.99999988133641, 47.99999987881165, 48.99999987628689, 49.999999873762135, 50.99999987123738, 51.99999986871262, 52.99999986618786, 53.999999863663106, 54.99999986113835, 55.99999985861359, 56.999999856088834, 57.99999985356408, 58.99999985103932, 59.99999984851456, 60.999999845989805, 61.99999984346505, 62.99999984094029, 63.99999983841553, 64.99999983589078, 65.99999983336602, 66.99999983084126, 67.9999998283165, 68.99999982579175, 69.99999982326699, 70.99999982074223, 71.99999981821747, 72.99999981569272, 73.99999981316796, 74.9999998106432, 75.99999980811845, 76.99999980559369, 77.99999980306893, 78.99999980054417, 79.99999979801942, 80.99999979549466, 81.9999997929699, 82.99999979044514, 83.99999978792039, 84.99999978539563, 85.99999978287087, 86.99999978034612, 87.99999977782136, 88.9999997752966, 89.99999977277184, 90.99999977024709, 91.99999976772233, 92.99999976519757, 93.99999976267281, 94.99999976014806, 95.9999997576233, 96.99999975509854, 97.99999975257379, 98.99999975004903, 99.99999974752427, 100.99999974499951, 101.99999974247476, 102.99999973995, 103.99999973742524, 104.99999973490048, 105.99999973237573, 106.99999972985097, 107.99999972732621, 108.99999972480146, 109.9999997222767, 110.99999971975194, 111.99999971722718, 112.99999971470243, 113.99999971217767, 114.99999970965291, 115.99999970712815, 116.9999997046034, 117.99999970207864, 118.99999969955388], "Index": [1.0, 2.0, 3.0, 4.0, 5.0, 6.0, 7.0, 8.0, 9.0, 10.0, 11.0, 12.0, 13.0, 14.0, 15.0, 16.0, 17.0, 18.0, 19.0, 20.0, 21.0, 22.0, 23.0, 24.0, 25.0, 26.0, 27.0, 28.0, 29.0, 30.0, 31.0, 32.0, 33.0, 34.0, 35.0, 36.0, 37.0, 38.0, 39.0, 40.0, 41.0, 42.0, 43.0, 44.0, 45.0, 46.0, 47.0, 48.0, 49.0, 50.0, 51.0, 52.0, 53.0, 54.0, 55.0, 56.0, 57.0, 58.0, 59.0, 60.0, 61.0, 62.0, 63.0, 64.0, 65.0, 66.0, 67.0, 68.0, 69.0, 70.0, 71.0, 72.0, 73.0, 74.0, 75.0, 76.0, 77.0, 78.0, 79.0, 80.0, 81.0, 82.0, 83.0, 84.0, 85.0, 86.0, 87.0, 88.0, 89.0, 90.0, 91.0, 92.0, 93.0, 94.0, 95.0, 96.0, 97.0, 98.0, 99.0, 100.0, 101.0, 102.0, 103.0, 104.0, 105.0, 106.0, 107.0, 108.0, 109.0, 110.0, 111.0, 112.0, 113.0, 114.0, 115.0, 116.0, 117.0, 118.0, 119.0, 120.0]}}