{"recordsignal": {"Time": [2878.997009731231, 2879.9970097287064, 2880.9970097261817, 2881.997009723657, 2882.997009721132, 2883.9970097186074, 2884.9970097160826, 2885.997009713558, 2886.997009711033, 2887.9970097085084, 2888.9970097059836, 2889.997009703459, 2890.997009700934, 2891.9970096984093, 2892.9970096958846, 2893.99700969336, 2894.997009690835, 2895.9970096883103, 2896.9970096857855, 2897.997009683261, 2898.997009680736, 2899.9970096782113, 2900.9970096756865, 2901.9970096731618, 2902.997009670637, 2903.9970096681122, 2904.9970096655875, 2905.9970096630627, 2906.997009660538, 2907.997009658013, 2908.9970096554885, 2909.9970096529637, 2910.997009650439, 2911.997009647914, 2912.9970096453894, 2913.9970096428647, 2914.99700964034, 2915.997009637815, 2916.9970096352904, 2917.9970096327656, 2918.997009630241, 2919.997009627716, 2920.9970096251914, 2921.9970096226666, 2922.997009620142, 2923.997009617617, 2924.9970096150923, 2925.9970096125676, 2926.997009610043, 2927.997009607518, 2928.9970096049933, 2929.9970096024686, 2930.997009599944, 2931.997009597419, 2932.9970095948943, 2933.9970095923695, 2934.9970095898448, 2935.99700958732, 2936.9970095847953, 2937.9970095822705, 2938.9970095797457, 2939.997009577221, 2940.997009574696, 2941.9970095721715, 2942.9970095696467, 2943.997009567122, 2944.997009564597, 2945.9970095620724, 2946.9970095595477, 2947.997009557023, 2948.997009554498, 2949.9970095519734, 2950.9970095494486, 2951.997009546924, 2952.997009544399, 2953.9970095418744, 2954.9970095393496, 2955.997009536825, 2956.9970095343, 2957.9970095317753, 2958.9970095292506, 2959.997009526726, 2960.997009524201, 2961.9970095216763, 2962.9970095191516, 2963.997009516627, 2964.997009514102, 2965.9970095115773, 2966.9970095090525, 2967.997009506528, 2968.997009504003, 2969.9970095014783, 2970.9970094989535, 2971.9970094964287, 2972.997009493904, 2973.9970094913792, 2974.9970094888545, 2975.9970094863297, 2976.997009483805, 2977.99700948128, 2978.9970094787554, 2979.9970094762307, 2980.997009473706, 2981.997009471181, 2982.9970094686564, 2983.9970094661317, 2984.997009463607, 2985.997009461082, 2986.9970094585574, 2987.9970094560326, 2988.997009453508, 2989.997009450983, 2990.9970094484584, 2991.9970094459336, 2992.997009443409, 2993.997009440884, 2994.9970094383593, 2995.9970094358346, 2996.99700943331, 2997.997009430785], "WE(1).Potential": [-1.5911865234375, 0.80474853515625, 0.87615966796875, 0.91461181640625, 1.0040283203125, 1.041259765625, 1.04766845703125, 1.05804443359375, 1.0369873046875, 1.0687255859375, 1.14013671875, 1.12640380859375, 1.08489990234375, 1.16058349609375, 1.1370849609375, 1.1029052734375, 1.12518310546875, 1.20758056640625, 1.1468505859375, 1.1773681640625, 1.21978759765625, 1.1566162109375, 1.16455078125, 1.234130859375, 1.14898681640625, 1.22467041015625, 1.16546630859375, 1.21368408203125, 1.1761474609375, 1.19415283203125, 1.21612548828125, 1.22833251953125, 1.20361328125, 1.1865234375, 1.18804931640625, 1.1834716796875, 1.175537109375, 1.19384765625, 1.21551513671875, 1.25823974609375, 1.207275390625, 1.25823974609375, 1.17950439453125, 1.2567138671875, 1.17156982421875, 1.1761474609375, 1.175537109375, 1.16119384765625, 1.20941162109375, 1.23931884765625, 1.221923828125, 1.23291015625, 1.2115478515625, 1.2200927734375, 1.239013671875, 1.2603759765625, 1.20452880859375, 1.2017822265625, 1.2603759765625, 1.24542236328125, 1.19049072265625, 1.20147705078125, 1.19415283203125, 1.1932373046875, 1.22314453125, 1.2664794921875, 1.2005615234375, 1.28204345703125, 1.21002197265625, 1.2396240234375, 1.26800537109375, 1.253662109375, 1.20574951171875, 1.25701904296875, 1.2738037109375, 1.199951171875, 1.1932373046875, 1.2701416015625, 1.209716796875, 1.26434326171875, 1.21002197265625, 1.24298095703125, 1.17156982421875, 1.259765625, 1.18316650390625, 1.2091064453125, 1.224365234375, 1.1761474609375, 1.17340087890625, 1.18621826171875, 1.2042236328125, 1.2213134765625, 1.24237060546875, 1.251220703125, 1.2091064453125, 1.20269775390625, 1.2274169921875, 1.17218017578125, 1.1968994140625, 1.240234375, 1.231689453125, 1.201171875, 1.17889404296875, 1.20330810546875, 1.21002197265625, 1.239013671875, 1.21246337890625, 1.168212890625, 1.16424560546875, 1.19781494140625, 1.2286376953125, 1.20147705078125, 1.1669921875, 1.25091552734375, 1.1920166015625, 1.17218017578125, 1.1944580078125, 1.25732421875, 1.22467041015625, 1.23199462890625], "Corrected time": [0.0, 0.9999999974752427, 1.9999999949504854, 2.999999992425728, 3.999999989900971, 4.9999999873762135, 5.999999984851456, 6.999999982326699, 7.999999979801942, 8.999999977277184, 9.999999974752427, 10.99999997222767, 11.999999969702912, 12.999999967178155, 13.999999964653398, 14.99999996212864, 15.999999959603883, 16.999999957079126, 17.99999995455437, 18.99999995202961, 19.999999949504854, 20.999999946980097, 21.99999994445534, 22.999999941930582, 23.999999939405825, 24.999999936881068, 25.99999993435631, 26.999999931831553, 27.999999929306796, 28.99999992678204, 29.99999992425728, 30.999999921732524, 31.999999919207767, 32.99999991668301, 33.99999991415825, 34.999999911633495, 35.99999990910874, 36.99999990658398, 37.99999990405922, 38.999999901534466, 39.99999989900971, 40.99999989648495, 41.999999893960194, 42.999999891435436, 43.99999988891068, 44.99999988638592, 45.999999883861165, 46.99999988133641, 47.99999987881165, 48.99999987628689, 49.999999873762135, 50.99999987123738, 51.99999986871262, 52.99999986618786, 53.999999863663106, 54.99999986113835, 55.99999985861359, 56.999999856088834, 57.99999985356408, 58.99999985103932, 59.99999984851456, 60.999999845989805, 61.99999984346505, 62.99999984094029, 63.99999983841553, 64.99999983589078, 65.99999983336602, 66.99999983084126, 67.9999998283165, 68.99999982579175, 69.99999982326699, 70.99999982074223, 71.99999981821747, 72.99999981569272, 73.99999981316796, 74.9999998106432, 75.99999980811845, 76.99999980559369, 77.99999980306893, 78.99999980054417, 79.99999979801942, 80.99999979549466, 81.9999997929699, 82.99999979044514, 83.99999978792039, 84.99999978539563, 85.99999978287087, 86.99999978034612, 87.99999977782136, 88.9999997752966, 89.99999977277184, 90.99999977024709, 91.99999976772233, 92.99999976519757, 93.99999976267281, 94.99999976014806, 95.9999997576233, 96.99999975509854, 97.99999975257379, 98.99999975004903, 99.99999974752427, 100.99999974499951, 101.99999974247476, 102.99999973995, 103.99999973742524, 104.99999973490048, 105.99999973237573, 106.99999972985097, 107.99999972732621, 108.99999972480146, 109.9999997222767, 110.99999971975194, 111.99999971722718, 112.99999971470243, 113.99999971217767, 114.99999970965291, 115.99999970712815, 116.9999997046034, 117.99999970207864, 118.99999969955388], "Index": [1.0, 2.0, 3.0, 4.0, 5.0, 6.0, 7.0, 8.0, 9.0, 10.0, 11.0, 12.0, 13.0, 14.0, 15.0, 16.0, 17.0, 18.0, 19.0, 20.0, 21.0, 22.0, 23.0, 24.0, 25.0, 26.0, 27.0, 28.0, 29.0, 30.0, 31.0, 32.0, 33.0, 34.0, 35.0, 36.0, 37.0, 38.0, 39.0, 40.0, 41.0, 42.0, 43.0, 44.0, 45.0, 46.0, 47.0, 48.0, 49.0, 50.0, 51.0, 52.0, 53.0, 54.0, 55.0, 56.0, 57.0, 58.0, 59.0, 60.0, 61.0, 62.0, 63.0, 64.0, 65.0, 66.0, 67.0, 68.0, 69.0, 70.0, 71.0, 72.0, 73.0, 74.0, 75.0, 76.0, 77.0, 78.0, 79.0, 80.0, 81.0, 82.0, 83.0, 84.0, 85.0, 86.0, 87.0, 88.0, 89.0, 90.0, 91.0, 92.0, 93.0, 94.0, 95.0, 96.0, 97.0, 98.0, 99.0, 100.0, 101.0, 102.0, 103.0, 104.0, 105.0, 106.0, 107.0, 108.0, 109.0, 110.0, 111.0, 112.0, 113.0, 114.0, 115.0, 116.0, 117.0, 118.0, 119.0, 120.0]}}