{"recordsignal": {"Time": [3109.399088149522, 3110.399088146997, 3111.3990881444724, 3112.3990881419477, 3113.399088139423, 3114.399088136898, 3115.3990881343734, 3116.3990881318487, 3117.399088129324, 3118.399088126799, 3119.3990881242744, 3120.3990881217496, 3121.399088119225, 3122.3990881167, 3123.3990881141754, 3124.3990881116506, 3125.399088109126, 3126.399088106601, 3127.3990881040763, 3128.3990881015516, 3129.399088099027, 3130.399088096502, 3131.3990880939773, 3132.3990880914525, 3133.399088088928, 3134.399088086403, 3135.3990880838783, 3136.3990880813535, 3137.3990880788288, 3138.399088076304, 3139.3990880737792, 3140.3990880712545, 3141.3990880687297, 3142.399088066205, 3143.39908806368, 3144.3990880611555, 3145.3990880586307, 3146.399088056106, 3147.399088053581, 3148.3990880510564, 3149.3990880485317, 3150.399088046007, 3151.399088043482, 3152.3990880409574, 3153.3990880384326, 3154.399088035908, 3155.399088033383, 3156.3990880308584, 3157.3990880283336, 3158.399088025809, 3159.399088023284, 3160.3990880207593, 3161.3990880182346, 3162.39908801571, 3163.399088013185, 3164.3990880106603, 3165.3990880081355, 3166.399088005611, 3167.399088003086, 3168.3990880005613, 3169.3990879980365, 3170.3990879955118, 3171.399087992987, 3172.3990879904622, 3173.3990879879375, 3174.3990879854127, 3175.399087982888, 3176.399087980363, 3177.3990879778385, 3178.3990879753137, 3179.399087972789, 3180.399087970264, 3181.3990879677394, 3182.3990879652147, 3183.39908796269, 3184.399087960165, 3185.3990879576404, 3186.3990879551156, 3187.399087952591, 3188.399087950066, 3189.3990879475414, 3190.3990879450166, 3191.399087942492, 3192.399087939967, 3193.3990879374423, 3194.3990879349176, 3195.399087932393, 3196.399087929868, 3197.3990879273433, 3198.3990879248186, 3199.399087922294, 3200.399087919769, 3201.3990879172443, 3202.3990879147195, 3203.399087912195, 3204.39908790967, 3205.3990879071453, 3206.3990879046205, 3207.3990879020957, 3208.399087899571, 3209.3990878970462, 3210.3990878945215, 3211.3990878919967, 3212.399087889472, 3213.399087886947, 3214.3990878844224, 3215.3990878818977, 3216.399087879373, 3217.399087876848, 3218.3990878743234, 3219.3990878717987, 3220.399087869274, 3221.399087866749, 3222.3990878642244, 3223.3990878616996, 3224.399087859175, 3225.39908785665, 3226.3990878541254, 3227.3990878516006, 3228.399087849076], "WE(1).Potential": [-1.77734375, 1.01806640625, 1.01043701171875, 1.06597900390625, 1.05743408203125, 1.01287841796875, 0.9930419921875, 1.041259765625, 1.0125732421875, 1.08123779296875, 1.0418701171875, 1.06048583984375, 1.06170654296875, 1.0748291015625, 1.03424072265625, 1.0986328125, 1.10504150390625, 1.09344482421875, 1.10382080078125, 1.03851318359375, 1.07208251953125, 1.075439453125, 1.07421875, 1.1114501953125, 1.05865478515625, 1.0394287109375, 1.058349609375, 1.11328125, 1.1102294921875, 1.1138916015625, 1.08245849609375, 1.0357666015625, 1.060791015625, 1.11053466796875, 1.0302734375, 1.04949951171875, 1.04766845703125, 1.05010986328125, 1.1090087890625, 1.07086181640625, 1.11968994140625, 1.0809326171875, 1.0845947265625, 1.1041259765625, 1.06201171875, 1.055908203125, 1.05010986328125, 1.08367919921875, 1.0748291015625, 1.055908203125, 1.092529296875, 1.07147216796875, 1.06292724609375, 1.09710693359375, 1.14166259765625, 1.07635498046875, 1.1419677734375, 1.1138916015625, 1.11785888671875, 1.1572265625, 1.171875, 1.1358642578125, 1.09893798828125, 1.1529541015625, 1.1907958984375, 1.131591796875, 1.16119384765625, 1.15234375, 1.14227294921875, 1.1944580078125, 1.160888671875, 1.1187744140625, 1.14593505859375, 1.18133544921875, 1.2042236328125, 1.1981201171875, 1.15081787109375, 1.12091064453125, 1.1712646484375, 1.2127685546875, 1.1468505859375, 1.1529541015625, 1.195068359375, 1.1956787109375, 1.195068359375, 1.21002197265625, 1.146240234375, 1.17889404296875, 1.153564453125, 1.16851806640625, 1.22283935546875, 1.234130859375, 1.23687744140625, 1.19049072265625, 1.1920166015625, 1.20086669921875, 1.23046875, 1.1846923828125, 1.15325927734375, 1.18896484375, 1.219482421875, 1.15509033203125, 1.19354248046875, 1.182861328125, 1.160888671875, 1.16241455078125, 1.16119384765625, 1.17279052734375, 1.2103271484375, 1.236572265625, 1.2042236328125, 1.1785888671875, 1.23626708984375, 1.1767578125, 1.18316650390625, 1.209716796875, 1.24359130859375, 1.21856689453125, 1.20452880859375, 1.20086669921875], "Corrected time": [0.0, 0.9999999974752427, 1.9999999949504854, 2.999999992425728, 3.999999989900971, 4.9999999873762135, 5.999999984851456, 6.999999982326699, 7.999999979801942, 8.999999977277184, 9.999999974752427, 10.99999997222767, 11.999999969702912, 12.999999967178155, 13.999999964653398, 14.99999996212864, 15.999999959603883, 16.999999957079126, 17.99999995455437, 18.99999995202961, 19.999999949504854, 20.999999946980097, 21.99999994445534, 22.999999941930582, 23.999999939405825, 24.999999936881068, 25.99999993435631, 26.999999931831553, 27.999999929306796, 28.99999992678204, 29.99999992425728, 30.999999921732524, 31.999999919207767, 32.99999991668301, 33.99999991415825, 34.999999911633495, 35.99999990910874, 36.99999990658398, 37.99999990405922, 38.999999901534466, 39.99999989900971, 40.99999989648495, 41.999999893960194, 42.999999891435436, 43.99999988891068, 44.99999988638592, 45.999999883861165, 46.99999988133641, 47.99999987881165, 48.99999987628689, 49.999999873762135, 50.99999987123738, 51.99999986871262, 52.99999986618786, 53.999999863663106, 54.99999986113835, 55.99999985861359, 56.999999856088834, 57.99999985356408, 58.99999985103932, 59.99999984851456, 60.999999845989805, 61.99999984346505, 62.99999984094029, 63.99999983841553, 64.99999983589078, 65.99999983336602, 66.99999983084126, 67.9999998283165, 68.99999982579175, 69.99999982326699, 70.99999982074223, 71.99999981821747, 72.99999981569272, 73.99999981316796, 74.9999998106432, 75.99999980811845, 76.99999980559369, 77.99999980306893, 78.99999980054417, 79.99999979801942, 80.99999979549466, 81.9999997929699, 82.99999979044514, 83.99999978792039, 84.99999978539563, 85.99999978287087, 86.99999978034612, 87.99999977782136, 88.9999997752966, 89.99999977277184, 90.99999977024709, 91.99999976772233, 92.99999976519757, 93.99999976267281, 94.99999976014806, 95.9999997576233, 96.99999975509854, 97.99999975257379, 98.99999975004903, 99.99999974752427, 100.99999974499951, 101.99999974247476, 102.99999973995, 103.99999973742524, 104.99999973490048, 105.99999973237573, 106.99999972985097, 107.99999972732621, 108.99999972480146, 109.9999997222767, 110.99999971975194, 111.99999971722718, 112.99999971470243, 113.99999971217767, 114.99999970965291, 115.99999970712815, 116.9999997046034, 117.99999970207864, 118.99999969955388], "Index": [1.0, 2.0, 3.0, 4.0, 5.0, 6.0, 7.0, 8.0, 9.0, 10.0, 11.0, 12.0, 13.0, 14.0, 15.0, 16.0, 17.0, 18.0, 19.0, 20.0, 21.0, 22.0, 23.0, 24.0, 25.0, 26.0, 27.0, 28.0, 29.0, 30.0, 31.0, 32.0, 33.0, 34.0, 35.0, 36.0, 37.0, 38.0, 39.0, 40.0, 41.0, 42.0, 43.0, 44.0, 45.0, 46.0, 47.0, 48.0, 49.0, 50.0, 51.0, 52.0, 53.0, 54.0, 55.0, 56.0, 57.0, 58.0, 59.0, 60.0, 61.0, 62.0, 63.0, 64.0, 65.0, 66.0, 67.0, 68.0, 69.0, 70.0, 71.0, 72.0, 73.0, 74.0, 75.0, 76.0, 77.0, 78.0, 79.0, 80.0, 81.0, 82.0, 83.0, 84.0, 85.0, 86.0, 87.0, 88.0, 89.0, 90.0, 91.0, 92.0, 93.0, 94.0, 95.0, 96.0, 97.0, 98.0, 99.0, 100.0, 101.0, 102.0, 103.0, 104.0, 105.0, 106.0, 107.0, 108.0, 109.0, 110.0, 111.0, 112.0, 113.0, 114.0, 115.0, 116.0, 117.0, 118.0, 119.0, 120.0]}}