{"recordsignal": {"Time": [2649.083940311706, 2650.0839403091813, 2651.0839403066566, 2652.083940304132, 2653.083940301607, 2654.0839402990823, 2655.0839402965576, 2656.083940294033, 2657.083940291508, 2658.0839402889833, 2659.0839402864585, 2660.0839402839338, 2661.083940281409, 2662.0839402788843, 2663.0839402763595, 2664.0839402738347, 2665.08394027131, 2666.083940268785, 2667.0839402662605, 2668.0839402637357, 2669.083940261211, 2670.083940258686, 2671.0839402561614, 2672.0839402536367, 2673.083940251112, 2674.083940248587, 2675.0839402460624, 2676.0839402435377, 2677.083940241013, 2678.083940238488, 2679.0839402359634, 2680.0839402334386, 2681.083940230914, 2682.083940228389, 2683.0839402258644, 2684.0839402233396, 2685.083940220815, 2686.08394021829, 2687.0839402157653, 2688.0839402132406, 2689.083940210716, 2690.083940208191, 2691.0839402056663, 2692.0839402031415, 2693.083940200617, 2694.083940198092, 2695.0839401955673, 2696.0839401930425, 2697.0839401905178, 2698.083940187993, 2699.0839401854682, 2700.0839401829435, 2701.0839401804187, 2702.083940177894, 2703.083940175369, 2704.0839401728444, 2705.0839401703197, 2706.083940167795, 2707.08394016527, 2708.0839401627454, 2709.0839401602207, 2710.083940157696, 2711.083940155171, 2712.0839401526464, 2713.0839401501216, 2714.083940147597, 2715.083940145072, 2716.0839401425474, 2717.0839401400226, 2718.083940137498, 2719.083940134973, 2720.0839401324483, 2721.0839401299236, 2722.083940127399, 2723.083940124874, 2724.0839401223493, 2725.0839401198245, 2726.0839401173, 2727.083940114775, 2728.0839401122503, 2729.0839401097255, 2730.0839401072008, 2731.083940104676, 2732.0839401021512, 2733.0839400996265, 2734.0839400971017, 2735.083940094577, 2736.083940092052, 2737.0839400895275, 2738.0839400870027, 2739.083940084478, 2740.083940081953, 2741.0839400794284, 2742.0839400769037, 2743.083940074379, 2744.083940071854, 2745.0839400693294, 2746.0839400668046, 2747.08394006428, 2748.083940061755, 2749.0839400592304, 2750.0839400567056, 2751.083940054181, 2752.083940051656, 2753.0839400491313, 2754.0839400466066, 2755.083940044082, 2756.083940041557, 2757.0839400390323, 2758.0839400365076, 2759.083940033983, 2760.083940031458, 2761.0839400289333, 2762.0839400264085, 2763.0839400238838, 2764.083940021359, 2765.0839400188343, 2766.0839400163095, 2767.0839400137847, 2768.08394001126], "WE(1).Potential": [-1.6412353515625, 0.8050537109375, 0.870361328125, 0.98541259765625, 0.94940185546875, 0.9716796875, 1.0101318359375, 1.02325439453125, 1.09893798828125, 1.063232421875, 1.0546875, 1.142578125, 1.06658935546875, 1.1480712890625, 1.06781005859375, 1.148681640625, 1.1102294921875, 1.1444091796875, 1.090087890625, 1.10198974609375, 1.14044189453125, 1.160888671875, 1.15203857421875, 1.1444091796875, 1.13983154296875, 1.1859130859375, 1.173095703125, 1.13189697265625, 1.16302490234375, 1.1846923828125, 1.1700439453125, 1.14532470703125, 1.18316650390625, 1.14013671875, 1.209716796875, 1.126708984375, 1.217041015625, 1.14471435546875, 1.153564453125, 1.2213134765625, 1.14776611328125, 1.2310791015625, 1.17462158203125, 1.15631103515625, 1.22772216796875, 1.2493896484375, 1.21734619140625, 1.2310791015625, 1.26220703125, 1.20941162109375, 1.28814697265625, 1.30889892578125, 1.3140869140625, 1.27166748046875, 1.23870849609375, 1.297607421875, 1.30340576171875, 1.2530517578125, 1.29852294921875, 1.2689208984375, 1.25335693359375, 1.26861572265625, 1.26708984375, 1.3446044921875, 1.282958984375, 1.27593994140625, 1.3153076171875, 1.3372802734375, 1.29638671875, 1.30279541015625, 1.2872314453125, 1.25579833984375, 1.34429931640625, 1.2506103515625, 1.3336181640625, 1.25579833984375, 1.31988525390625, 1.2640380859375, 1.31744384765625, 1.28173828125, 1.25396728515625, 1.2310791015625, 1.25640869140625, 1.30279541015625, 1.239013671875, 1.2152099609375, 1.23016357421875, 1.2701416015625, 1.24969482421875, 1.25152587890625, 1.28265380859375, 1.25, 1.24908447265625, 1.2127685546875, 1.22955322265625, 1.2677001953125, 1.192626953125, 1.265869140625, 1.285400390625, 1.2579345703125, 1.219482421875, 1.24542236328125, 1.2567138671875, 1.2786865234375, 1.2921142578125, 1.28265380859375, 1.2939453125, 1.27655029296875, 1.25457763671875, 1.260986328125, 1.20513916015625, 1.297607421875, 1.2237548828125, 1.298828125, 1.2774658203125, 1.21917724609375, 1.22589111328125, 1.27716064453125, 1.29669189453125, 1.2554931640625], "Corrected time": [0.0, 0.9999999974752427, 1.9999999949504854, 2.999999992425728, 3.999999989900971, 4.9999999873762135, 5.999999984851456, 6.999999982326699, 7.999999979801942, 8.999999977277184, 9.999999974752427, 10.99999997222767, 11.999999969702912, 12.999999967178155, 13.999999964653398, 14.99999996212864, 15.999999959603883, 16.999999957079126, 17.99999995455437, 18.99999995202961, 19.999999949504854, 20.999999946980097, 21.99999994445534, 22.999999941930582, 23.999999939405825, 24.999999936881068, 25.99999993435631, 26.999999931831553, 27.999999929306796, 28.99999992678204, 29.99999992425728, 30.999999921732524, 31.999999919207767, 32.99999991668301, 33.99999991415825, 34.999999911633495, 35.99999990910874, 36.99999990658398, 37.99999990405922, 38.999999901534466, 39.99999989900971, 40.99999989648495, 41.999999893960194, 42.999999891435436, 43.99999988891068, 44.99999988638592, 45.999999883861165, 46.99999988133641, 47.99999987881165, 48.99999987628689, 49.999999873762135, 50.99999987123738, 51.99999986871262, 52.99999986618786, 53.999999863663106, 54.99999986113835, 55.99999985861359, 56.999999856088834, 57.99999985356408, 58.99999985103932, 59.99999984851456, 60.999999845989805, 61.99999984346505, 62.99999984094029, 63.99999983841553, 64.99999983589078, 65.99999983336602, 66.99999983084126, 67.9999998283165, 68.99999982579175, 69.99999982326699, 70.99999982074223, 71.99999981821747, 72.99999981569272, 73.99999981316796, 74.9999998106432, 75.99999980811845, 76.99999980559369, 77.99999980306893, 78.99999980054417, 79.99999979801942, 80.99999979549466, 81.9999997929699, 82.99999979044514, 83.99999978792039, 84.99999978539563, 85.99999978287087, 86.99999978034612, 87.99999977782136, 88.9999997752966, 89.99999977277184, 90.99999977024709, 91.99999976772233, 92.99999976519757, 93.99999976267281, 94.99999976014806, 95.9999997576233, 96.99999975509854, 97.99999975257379, 98.99999975004903, 99.99999974752427, 100.99999974499951, 101.99999974247476, 102.99999973995, 103.99999973742524, 104.99999973490048, 105.99999973237573, 106.99999972985097, 107.99999972732621, 108.99999972480146, 109.9999997222767, 110.99999971975194, 111.99999971722718, 112.99999971470243, 113.99999971217767, 114.99999970965291, 115.99999970712815, 116.9999997046034, 117.99999970207864, 118.99999969955388], "Index": [1.0, 2.0, 3.0, 4.0, 5.0, 6.0, 7.0, 8.0, 9.0, 10.0, 11.0, 12.0, 13.0, 14.0, 15.0, 16.0, 17.0, 18.0, 19.0, 20.0, 21.0, 22.0, 23.0, 24.0, 25.0, 26.0, 27.0, 28.0, 29.0, 30.0, 31.0, 32.0, 33.0, 34.0, 35.0, 36.0, 37.0, 38.0, 39.0, 40.0, 41.0, 42.0, 43.0, 44.0, 45.0, 46.0, 47.0, 48.0, 49.0, 50.0, 51.0, 52.0, 53.0, 54.0, 55.0, 56.0, 57.0, 58.0, 59.0, 60.0, 61.0, 62.0, 63.0, 64.0, 65.0, 66.0, 67.0, 68.0, 69.0, 70.0, 71.0, 72.0, 73.0, 74.0, 75.0, 76.0, 77.0, 78.0, 79.0, 80.0, 81.0, 82.0, 83.0, 84.0, 85.0, 86.0, 87.0, 88.0, 89.0, 90.0, 91.0, 92.0, 93.0, 94.0, 95.0, 96.0, 97.0, 98.0, 99.0, 100.0, 101.0, 102.0, 103.0, 104.0, 105.0, 106.0, 107.0, 108.0, 109.0, 110.0, 111.0, 112.0, 113.0, 114.0, 115.0, 116.0, 117.0, 118.0, 119.0, 120.0]}}