{"recordsignal": {"Time": [4473.31321670597, 4474.3132167034455, 4475.313216700921, 4476.313216698396, 4477.313216695871, 4478.3132166933465, 4479.313216690822, 4480.313216688297, 4481.313216685772, 4482.313216683247, 4483.313216680723, 4484.313216678198, 4485.313216675673, 4486.313216673148, 4487.313216670624, 4488.313216668099, 4489.313216665574, 4490.313216663049, 4491.313216660525, 4492.313216658, 4493.313216655475, 4494.31321665295, 4495.313216650426, 4496.313216647901, 4497.313216645376, 4498.313216642851, 4499.313216640327, 4500.313216637802, 4501.313216635277, 4502.313216632752, 4503.3132166302275, 4504.313216627703, 4505.313216625178, 4506.313216622653, 4507.3132166201285, 4508.313216617604, 4509.313216615079, 4510.313216612554, 4511.3132166100295, 4512.313216607505, 4513.31321660498, 4514.313216602455, 4515.3132165999305, 4516.313216597406, 4517.313216594881, 4518.313216592356, 4519.313216589831, 4520.313216587307, 4521.313216584782, 4522.313216582257, 4523.313216579732, 4524.313216577208, 4525.313216574683, 4526.313216572158, 4527.313216569633, 4528.313216567109, 4529.313216564584, 4530.313216562059, 4531.313216559534, 4532.31321655701, 4533.313216554485, 4534.31321655196, 4535.313216549435, 4536.313216546911, 4537.313216544386, 4538.313216541861, 4539.313216539336, 4540.3132165368115, 4541.313216534287, 4542.313216531762, 4543.313216529237, 4544.3132165267125, 4545.313216524188, 4546.313216521663, 4547.313216519138, 4548.3132165166135, 4549.313216514089, 4550.313216511564, 4551.313216509039, 4552.313216506514, 4553.31321650399, 4554.313216501465, 4555.31321649894, 4556.313216496415, 4557.313216493891, 4558.313216491366, 4559.313216488841, 4560.313216486316, 4561.313216483792, 4562.313216481267, 4563.313216478742, 4564.313216476217, 4565.313216473693, 4566.313216471168, 4567.313216468643, 4568.313216466118, 4569.313216463594, 4570.313216461069, 4571.313216458544, 4572.313216456019, 4573.3132164534945, 4574.31321645097, 4575.313216448445, 4576.31321644592, 4577.3132164433955, 4578.313216440871, 4579.313216438346, 4580.313216435821, 4581.3132164332965, 4582.313216430772, 4583.313216428247, 4584.313216425722, 4585.313216423197, 4586.313216420673, 4587.313216418148, 4588.313216415623, 4589.313216413098, 4590.313216410574, 4591.313216408049, 4592.313216405524], "WE(1).Potential": [-2.4951171875, -2.42431640625, -2.33306884765625, -2.25830078125, -2.2900390625, -2.1630859375, -2.130126953125, -2.13836669921875, -2.0965576171875, -2.04681396484375, -2.01416015625, -1.94366455078125, -1.8560791015625, -1.81976318359375, -1.79901123046875, -1.80389404296875, -1.82861328125, -1.70684814453125, -1.77459716796875, -1.6802978515625, -1.7218017578125, -1.6485595703125, -1.590576171875, -1.65435791015625, -1.56280517578125, -1.5301513671875, -1.549072265625, -1.5594482421875, -1.56646728515625, -1.55975341796875, -1.54815673828125, -1.47613525390625, -1.451416015625, -1.42486572265625, -1.40228271484375, -1.4453125, -1.395263671875, -1.4080810546875, -1.4141845703125, -1.39495849609375, -1.2982177734375, -1.35711669921875, -1.31927490234375, -1.25091552734375, -1.23931884765625, -1.2750244140625, -1.2628173828125, -1.18499755859375, -1.17584228515625, -1.20391845703125, -1.102294921875, -1.16973876953125, -1.104736328125, -1.03240966796875, -1.06109619140625, -1.01898193359375, -1.041259765625, -1.0357666015625, -0.98876953125, -0.93353271484375, -0.9326171875, -0.9210205078125, -0.89202880859375, -0.9356689453125, -0.845947265625, -0.859375, -0.8966064453125, -0.85113525390625, -0.78857421875, -0.836181640625, -0.8013916015625, -0.83282470703125, -0.74462890625, -0.7806396484375, -0.77606201171875, -0.7342529296875, -0.721435546875, -0.7939453125, -0.76092529296875, -0.73822021484375, -0.693084716796875, -0.66741943359375, -0.74114990234375, -0.69384765625, -0.679931640625, -0.701141357421875, -0.661407470703125, -0.641357421875, -0.619842529296875, -0.6187744140625, -0.602203369140625, -0.575592041015625, -0.564483642578125, -0.544525146484375, -0.549591064453125, -0.56890869140625, -0.59136962890625, -0.57952880859375, -0.5560302734375, -0.553985595703125, -0.527008056640625, -0.554229736328125, -0.550079345703125, -0.477996826171875, -0.478485107421875, -0.49395751953125, -0.4891357421875, -0.510498046875, -0.516021728515625, -0.507293701171875, -0.487030029296875, -0.452667236328125, -0.418304443359375, -0.4375, -0.461700439453125, -0.454345703125, -0.402923583984375, -0.367523193359375, -0.40740966796875, -0.424072265625], "Corrected time": [0.0, 0.9999999974752427, 1.9999999949504854, 2.999999992425728, 3.999999989900971, 4.9999999873762135, 5.999999984851456, 6.999999982326699, 7.999999979801942, 8.999999977277184, 9.999999974752427, 10.99999997222767, 11.999999969702912, 12.999999967178155, 13.999999964653398, 14.99999996212864, 15.999999959603883, 16.999999957079126, 17.99999995455437, 18.99999995202961, 19.999999949504854, 20.999999946980097, 21.99999994445534, 22.999999941930582, 23.999999939405825, 24.999999936881068, 25.99999993435631, 26.999999931831553, 27.999999929306796, 28.99999992678204, 29.99999992425728, 30.999999921732524, 31.999999919207767, 32.99999991668301, 33.99999991415825, 34.999999911633495, 35.99999990910874, 36.99999990658398, 37.99999990405922, 38.999999901534466, 39.99999989900971, 40.99999989648495, 41.999999893960194, 42.999999891435436, 43.99999988891068, 44.99999988638592, 45.999999883861165, 46.99999988133641, 47.99999987881165, 48.99999987628689, 49.999999873762135, 50.99999987123738, 51.99999986871262, 52.99999986618786, 53.999999863663106, 54.99999986113835, 55.99999985861359, 56.999999856088834, 57.99999985356408, 58.99999985103932, 59.99999984851456, 60.999999845989805, 61.99999984346505, 62.99999984094029, 63.99999983841553, 64.99999983589078, 65.99999983336602, 66.99999983084126, 67.9999998283165, 68.99999982579175, 69.99999982326699, 70.99999982074223, 71.99999981821747, 72.99999981569272, 73.99999981316796, 74.9999998106432, 75.99999980811845, 76.99999980559369, 77.99999980306893, 78.99999980054417, 79.99999979801942, 80.99999979549466, 81.9999997929699, 82.99999979044514, 83.99999978792039, 84.99999978539563, 85.99999978287087, 86.99999978034612, 87.99999977782136, 88.9999997752966, 89.99999977277184, 90.99999977024709, 91.99999976772233, 92.99999976519757, 93.99999976267281, 94.99999976014806, 95.9999997576233, 96.99999975509854, 97.99999975257379, 98.99999975004903, 99.99999974752427, 100.99999974499951, 101.99999974247476, 102.99999973995, 103.99999973742524, 104.99999973490048, 105.99999973237573, 106.99999972985097, 107.99999972732621, 108.99999972480146, 109.9999997222767, 110.99999971975194, 111.99999971722718, 112.99999971470243, 113.99999971217767, 114.99999970965291, 115.99999970712815, 116.9999997046034, 117.99999970207864, 118.99999969955388], "Index": [1.0, 2.0, 3.0, 4.0, 5.0, 6.0, 7.0, 8.0, 9.0, 10.0, 11.0, 12.0, 13.0, 14.0, 15.0, 16.0, 17.0, 18.0, 19.0, 20.0, 21.0, 22.0, 23.0, 24.0, 25.0, 26.0, 27.0, 28.0, 29.0, 30.0, 31.0, 32.0, 33.0, 34.0, 35.0, 36.0, 37.0, 38.0, 39.0, 40.0, 41.0, 42.0, 43.0, 44.0, 45.0, 46.0, 47.0, 48.0, 49.0, 50.0, 51.0, 52.0, 53.0, 54.0, 55.0, 56.0, 57.0, 58.0, 59.0, 60.0, 61.0, 62.0, 63.0, 64.0, 65.0, 66.0, 67.0, 68.0, 69.0, 70.0, 71.0, 72.0, 73.0, 74.0, 75.0, 76.0, 77.0, 78.0, 79.0, 80.0, 81.0, 82.0, 83.0, 84.0, 85.0, 86.0, 87.0, 88.0, 89.0, 90.0, 91.0, 92.0, 93.0, 94.0, 95.0, 96.0, 97.0, 98.0, 99.0, 100.0, 101.0, 102.0, 103.0, 104.0, 105.0, 106.0, 107.0, 108.0, 109.0, 110.0, 111.0, 112.0, 113.0, 114.0, 115.0, 116.0, 117.0, 118.0, 119.0, 120.0]}}