{"recordsignal": {"Time": [5374.119461431653, 5375.119461429128, 5376.119461426603, 5377.1194614240785, 5378.119461421554, 5379.119461419029, 5380.119461416504, 5381.1194614139795, 5382.119461411455, 5383.11946140893, 5384.119461406405, 5385.11946140388, 5386.119461401356, 5387.119461398831, 5388.119461396306, 5389.119461393781, 5390.119461391257, 5391.119461388732, 5392.119461386207, 5393.119461383682, 5394.119461381158, 5395.119461378633, 5396.119461376108, 5397.119461373583, 5398.119461371059, 5399.119461368534, 5400.119461366009, 5401.119461363484, 5402.11946136096, 5403.119461358435, 5404.11946135591, 5405.119461353385, 5406.119461350861, 5407.119461348336, 5408.119461345811, 5409.119461343286, 5410.1194613407615, 5411.119461338237, 5412.119461335712, 5413.119461333187, 5414.1194613306625, 5415.119461328138, 5416.119461325613, 5417.119461323088, 5418.1194613205635, 5419.119461318039, 5420.119461315514, 5421.119461312989, 5422.119461310464, 5423.11946130794, 5424.119461305415, 5425.11946130289, 5426.119461300365, 5427.119461297841, 5428.119461295316, 5429.119461292791, 5430.119461290266, 5431.119461287742, 5432.119461285217, 5433.119461282692, 5434.119461280167, 5435.119461277643, 5436.119461275118, 5437.119461272593, 5438.119461270068, 5439.119461267544, 5440.119461265019, 5441.119461262494, 5442.119461259969, 5443.1194612574445, 5444.11946125492, 5445.119461252395, 5446.11946124987, 5447.1194612473455, 5448.119461244821, 5449.119461242296, 5450.119461239771, 5451.1194612372465, 5452.119461234722, 5453.119461232197, 5454.119461229672, 5455.119461227147, 5456.119461224623, 5457.119461222098, 5458.119461219573, 5459.119461217048, 5460.119461214524, 5461.119461211999, 5462.119461209474, 5463.119461206949, 5464.119461204425, 5465.1194612019, 5466.119461199375, 5467.11946119685, 5468.119461194326, 5469.119461191801, 5470.119461189276, 5471.119461186751, 5472.119461184227, 5473.119461181702, 5474.119461179177, 5475.119461176652, 5476.1194611741275, 5477.119461171603, 5478.119461169078, 5479.119461166553, 5480.1194611640285, 5481.119461161504, 5482.119461158979, 5483.119461156454, 5484.1194611539295, 5485.119461151405, 5486.11946114888, 5487.119461146355, 5488.11946114383, 5489.119461141306, 5490.119461138781, 5491.119461136256, 5492.119461133731, 5493.119461131207], "WE(1).Potential": [-9.00482177734375, -9.99969482421875, -9.99969482421875, 0.037139892578125, 0.109619140625, 0.076812744140625, 0.0479736328125, 0.053131103515625, 0.1, 0.05316162109375, 0.055206298828125, 0.11419677734375, 0.041778564453125, 0.1, 0.04742431640625, 0.1, 0.059112548828125, 0.03692626953125, 0.11474609375, 0.03729248046875, 0.05255126953125, 0.1, 0.1, 0.049468994140625, 0.1, 0.116943359375, 0.057342529296875, 0.051483154296875, 0.096099853515625, 0.119049072265625, 0.058135986328125, 0.136688232421875, 0.104217529296875, 0.12200927734375, 0.100341796875, 0.078582763671875, 0.089996337890625, 0.1285400390625, 0.14013671875, 0.144439697265625, 0.147979736328125, 0.150115966796875, 0.085968017578125, 0.138397216796875, 0.159820556640625, 0.15789794921875, 0.165618896484375, 0.149322509765625, 0.16058349609375, 0.116973876953125, 0.157440185546875, 0.09393310546875, 0.158966064453125, 0.127655029296875, 0.13916015625, 0.096588134765625, 0.1517333984375, 0.122406005859375, 0.13201904296875, 0.155731201171875, 0.115570068359375, 0.08599853515625, 0.145111083984375, 0.0850830078125, 0.13409423828125, 0.098114013671875, 0.16021728515625, 0.087066650390625, 0.1234130859375, 0.099578857421875, 0.12200927734375, 0.1221923828125, 0.09283447265625, 0.10833740234375, 0.14019775390625, 0.152313232421875, 0.0926513671875, 0.158538818359375, 0.167388916015625, 0.12554931640625, 0.133819580078125, 0.1104736328125, 0.15966796875, 0.0919189453125, 0.1605224609375, 0.091888427734375, 0.165557861328125, 0.140899658203125, 0.10089111328125, 0.11944580078125, 0.159088134765625, 0.09552001953125, 0.1466064453125, 0.12396240234375, 0.133544921875, 0.141693115234375, 0.144500732421875, 0.1031494140625, 0.117584228515625, 0.16290283203125, 0.0928955078125, 0.153076171875, 0.0931396484375, 0.171417236328125, 0.158538818359375, 0.141510009765625, 0.159515380859375, 0.15496826171875, 0.11846923828125, 0.152008056640625, 0.102203369140625, 0.10150146484375, 0.0960693359375, 0.140106201171875, 0.13824462890625, 0.15234375, 0.1796875, 0.1737060546875, 0.160736083984375, 0.103973388671875], "Corrected time": [0.0, 0.9999999974752427, 1.9999999949504854, 2.999999992425728, 3.999999989900971, 4.9999999873762135, 5.999999984851456, 6.999999982326699, 7.999999979801942, 8.999999977277184, 9.999999974752427, 10.99999997222767, 11.999999969702912, 12.999999967178155, 13.999999964653398, 14.99999996212864, 15.999999959603883, 16.999999957079126, 17.99999995455437, 18.99999995202961, 19.999999949504854, 20.999999946980097, 21.99999994445534, 22.999999941930582, 23.999999939405825, 24.999999936881068, 25.99999993435631, 26.999999931831553, 27.999999929306796, 28.99999992678204, 29.99999992425728, 30.999999921732524, 31.999999919207767, 32.99999991668301, 33.99999991415825, 34.999999911633495, 35.99999990910874, 36.99999990658398, 37.99999990405922, 38.999999901534466, 39.99999989900971, 40.99999989648495, 41.999999893960194, 42.999999891435436, 43.99999988891068, 44.99999988638592, 45.999999883861165, 46.99999988133641, 47.99999987881165, 48.99999987628689, 49.999999873762135, 50.99999987123738, 51.99999986871262, 52.99999986618786, 53.999999863663106, 54.99999986113835, 55.99999985861359, 56.999999856088834, 57.99999985356408, 58.99999985103932, 59.99999984851456, 60.999999845989805, 61.99999984346505, 62.99999984094029, 63.99999983841553, 64.99999983589078, 65.99999983336602, 66.99999983084126, 67.9999998283165, 68.99999982579175, 69.99999982326699, 70.99999982074223, 71.99999981821747, 72.99999981569272, 73.99999981316796, 74.9999998106432, 75.99999980811845, 76.99999980559369, 77.99999980306893, 78.99999980054417, 79.99999979801942, 80.99999979549466, 81.9999997929699, 82.99999979044514, 83.99999978792039, 84.99999978539563, 85.99999978287087, 86.99999978034612, 87.99999977782136, 88.9999997752966, 89.99999977277184, 90.99999977024709, 91.99999976772233, 92.99999976519757, 93.99999976267281, 94.99999976014806, 95.9999997576233, 96.99999975509854, 97.99999975257379, 98.99999975004903, 99.99999974752427, 100.99999974499951, 101.99999974247476, 102.99999973995, 103.99999973742524, 104.99999973490048, 105.99999973237573, 106.99999972985097, 107.99999972732621, 108.99999972480146, 109.9999997222767, 110.99999971975194, 111.99999971722718, 112.99999971470243, 113.99999971217767, 114.99999970965291, 115.99999970712815, 116.9999997046034, 117.99999970207864, 118.99999969955388], "Index": [1.0, 2.0, 3.0, 4.0, 5.0, 6.0, 7.0, 8.0, 9.0, 10.0, 11.0, 12.0, 13.0, 14.0, 15.0, 16.0, 17.0, 18.0, 19.0, 20.0, 21.0, 22.0, 23.0, 24.0, 25.0, 26.0, 27.0, 28.0, 29.0, 30.0, 31.0, 32.0, 33.0, 34.0, 35.0, 36.0, 37.0, 38.0, 39.0, 40.0, 41.0, 42.0, 43.0, 44.0, 45.0, 46.0, 47.0, 48.0, 49.0, 50.0, 51.0, 52.0, 53.0, 54.0, 55.0, 56.0, 57.0, 58.0, 59.0, 60.0, 61.0, 62.0, 63.0, 64.0, 65.0, 66.0, 67.0, 68.0, 69.0, 70.0, 71.0, 72.0, 73.0, 74.0, 75.0, 76.0, 77.0, 78.0, 79.0, 80.0, 81.0, 82.0, 83.0, 84.0, 85.0, 86.0, 87.0, 88.0, 89.0, 90.0, 91.0, 92.0, 93.0, 94.0, 95.0, 96.0, 97.0, 98.0, 99.0, 100.0, 101.0, 102.0, 103.0, 104.0, 105.0, 106.0, 107.0, 108.0, 109.0, 110.0, 111.0, 112.0, 113.0, 114.0, 115.0, 116.0, 117.0, 118.0, 119.0, 120.0]}}