{"recordsignal": {"Time": [4697.676273139507, 4698.676273136983, 4699.676273134458, 4700.676273131933, 4701.676273129408, 4702.676273126884, 4703.676273124359, 4704.676273121834, 4705.676273119309, 4706.676273116785, 4707.67627311426, 4708.676273111735, 4709.67627310921, 4710.676273106686, 4711.676273104161, 4712.676273101636, 4713.676273099111, 4714.676273096587, 4715.676273094062, 4716.676273091537, 4717.676273089012, 4718.6762730864875, 4719.676273083963, 4720.676273081438, 4721.676273078913, 4722.6762730763885, 4723.676273073864, 4724.676273071339, 4725.676273068814, 4726.6762730662895, 4727.676273063765, 4728.67627306124, 4729.676273058715, 4730.67627305619, 4731.676273053666, 4732.676273051141, 4733.676273048616, 4734.676273046091, 4735.676273043567, 4736.676273041042, 4737.676273038517, 4738.676273035992, 4739.676273033468, 4740.676273030943, 4741.676273028418, 4742.676273025893, 4743.676273023369, 4744.676273020844, 4745.676273018319, 4746.676273015794, 4747.67627301327, 4748.676273010745, 4749.67627300822, 4750.676273005695, 4751.6762730031705, 4752.676273000646, 4753.676272998121, 4754.676272995596, 4755.6762729930715, 4756.676272990547, 4757.676272988022, 4758.676272985497, 4759.6762729829725, 4760.676272980448, 4761.676272977923, 4762.676272975398, 4763.676272972873, 4764.676272970349, 4765.676272967824, 4766.676272965299, 4767.676272962774, 4768.67627296025, 4769.676272957725, 4770.6762729552, 4771.676272952675, 4772.676272950151, 4773.676272947626, 4774.676272945101, 4775.676272942576, 4776.676272940052, 4777.676272937527, 4778.676272935002, 4779.676272932477, 4780.676272929953, 4781.676272927428, 4782.676272924903, 4783.676272922378, 4784.676272919854, 4785.676272917329, 4786.676272914804, 4787.676272912279, 4788.6762729097545, 4789.67627290723, 4790.676272904705, 4791.67627290218, 4792.6762728996555, 4793.676272897131, 4794.676272894606, 4795.676272892081, 4796.6762728895565, 4797.676272887032, 4798.676272884507, 4799.676272881982, 4800.676272879457, 4801.676272876933, 4802.676272874408, 4803.676272871883, 4804.676272869358, 4805.676272866834, 4806.676272864309, 4807.676272861784, 4808.676272859259, 4809.676272856735, 4810.67627285421, 4811.676272851685, 4812.67627284916, 4813.676272846636, 4814.676272844111, 4815.676272841586, 4816.676272839061], "WE(1).Potential": [-1.07666015625, -1.08245849609375, -1.0186767578125, -1.0430908203125, -0.95916748046875, -0.99029541015625, -0.90301513671875, -0.94329833984375, -0.9381103515625, -0.84808349609375, -0.80596923828125, -0.870361328125, -0.7757568359375, -0.8148193359375, -0.726318359375, -0.730865478515625, -0.768157958984375, -0.67987060546875, -0.72894287109375, -0.654266357421875, -0.6221923828125, -0.63116455078125, -0.617279052734375, -0.53826904296875, -0.566925048828125, -0.518218994140625, -0.460357666015625, -0.5013427734375, -0.4251708984375, -0.41778564453125, -0.44586181640625, -0.41424560546875, -0.3497314453125, -0.355072021484375, -0.373992919921875, -0.351043701171875, -0.36199951171875, -0.379425048828125, -0.381561279296875, -0.37158203125, -0.375518798828125, -0.379180908203125, -0.29705810546875, -0.364898681640625, -0.331329345703125, -0.315460205078125, -0.354339599609375, -0.281036376953125, -0.33880615234375, -0.355072021484375, -0.32855224609375, -0.291748046875, -0.2574462890625, -0.330596923828125, -0.25665283203125, -0.31011962890625, -0.307891845703125, -0.240997314453125, -0.233795166015625, -0.29803466796875, -0.21173095703125, -0.2596435546875, -0.280609130859375, -0.228057861328125, -0.188385009765625, -0.18170166015625, -0.19232177734375, -0.16497802734375, -0.15997314453125, -0.1513671875, -0.1832275390625, -0.181365966796875, -0.13104248046875, -0.116180419921875, -0.110687255859375, -0.129058837890625, -0.169921875, -0.085845947265625, -0.12060546875, -0.139984130859375, -0.0743408203125, -0.045013427734375, -0.109039306640625, -0.039886474609375, -0.090692138671875, -0.0417022705078125, -0.056558227539062506, -0.006195068359375, 0.011883544921875003, -0.047796630859374994, -0.020220947265624997, 0.014337158203125006, 0.040777587890625, 0.012499999999999997, 0.0055786132812500056, 0.03131103515625, 0.043307495117187504, 0.037872314453125, 0.02783203125, 0.0882720947265625, 0.074127197265625, 0.0743408203125, 0.055938720703125, 0.05133056640625, 0.122772216796875, 0.139434814453125, 0.077880859375, 0.1514892578125, 0.12371826171875, 0.076141357421875, 0.1492919921875, 0.0780029296875, 0.1395263671875, 0.094573974609375, 0.1241455078125, 0.125762939453125, 0.1, 0.07281494140625, 0.07691040039062501, 0.02294921875], "Corrected time": [0.0, 0.9999999974752427, 1.9999999949504854, 2.999999992425728, 3.999999989900971, 4.9999999873762135, 5.999999984851456, 6.999999982326699, 7.999999979801942, 8.999999977277184, 9.999999974752427, 10.99999997222767, 11.999999969702912, 12.999999967178155, 13.999999964653398, 14.99999996212864, 15.999999959603883, 16.999999957079126, 17.99999995455437, 18.99999995202961, 19.999999949504854, 20.999999946980097, 21.99999994445534, 22.999999941930582, 23.999999939405825, 24.999999936881068, 25.99999993435631, 26.999999931831553, 27.999999929306796, 28.99999992678204, 29.99999992425728, 30.999999921732524, 31.999999919207767, 32.99999991668301, 33.99999991415825, 34.999999911633495, 35.99999990910874, 36.99999990658398, 37.99999990405922, 38.999999901534466, 39.99999989900971, 40.99999989648495, 41.999999893960194, 42.999999891435436, 43.99999988891068, 44.99999988638592, 45.999999883861165, 46.99999988133641, 47.99999987881165, 48.99999987628689, 49.999999873762135, 50.99999987123738, 51.99999986871262, 52.99999986618786, 53.999999863663106, 54.99999986113835, 55.99999985861359, 56.999999856088834, 57.99999985356408, 58.99999985103932, 59.99999984851456, 60.999999845989805, 61.99999984346505, 62.99999984094029, 63.99999983841553, 64.99999983589078, 65.99999983336602, 66.99999983084126, 67.9999998283165, 68.99999982579175, 69.99999982326699, 70.99999982074223, 71.99999981821747, 72.99999981569272, 73.99999981316796, 74.9999998106432, 75.99999980811845, 76.99999980559369, 77.99999980306893, 78.99999980054417, 79.99999979801942, 80.99999979549466, 81.9999997929699, 82.99999979044514, 83.99999978792039, 84.99999978539563, 85.99999978287087, 86.99999978034612, 87.99999977782136, 88.9999997752966, 89.99999977277184, 90.99999977024709, 91.99999976772233, 92.99999976519757, 93.99999976267281, 94.99999976014806, 95.9999997576233, 96.99999975509854, 97.99999975257379, 98.99999975004903, 99.99999974752427, 100.99999974499951, 101.99999974247476, 102.99999973995, 103.99999973742524, 104.99999973490048, 105.99999973237573, 106.99999972985097, 107.99999972732621, 108.99999972480146, 109.9999997222767, 110.99999971975194, 111.99999971722718, 112.99999971470243, 113.99999971217767, 114.99999970965291, 115.99999970712815, 116.9999997046034, 117.99999970207864, 118.99999969955388], "Index": [1.0, 2.0, 3.0, 4.0, 5.0, 6.0, 7.0, 8.0, 9.0, 10.0, 11.0, 12.0, 13.0, 14.0, 15.0, 16.0, 17.0, 18.0, 19.0, 20.0, 21.0, 22.0, 23.0, 24.0, 25.0, 26.0, 27.0, 28.0, 29.0, 30.0, 31.0, 32.0, 33.0, 34.0, 35.0, 36.0, 37.0, 38.0, 39.0, 40.0, 41.0, 42.0, 43.0, 44.0, 45.0, 46.0, 47.0, 48.0, 49.0, 50.0, 51.0, 52.0, 53.0, 54.0, 55.0, 56.0, 57.0, 58.0, 59.0, 60.0, 61.0, 62.0, 63.0, 64.0, 65.0, 66.0, 67.0, 68.0, 69.0, 70.0, 71.0, 72.0, 73.0, 74.0, 75.0, 76.0, 77.0, 78.0, 79.0, 80.0, 81.0, 82.0, 83.0, 84.0, 85.0, 86.0, 87.0, 88.0, 89.0, 90.0, 91.0, 92.0, 93.0, 94.0, 95.0, 96.0, 97.0, 98.0, 99.0, 100.0, 101.0, 102.0, 103.0, 104.0, 105.0, 106.0, 107.0, 108.0, 109.0, 110.0, 111.0, 112.0, 113.0, 114.0, 115.0, 116.0, 117.0, 118.0, 119.0, 120.0]}}