{"recordsignal": {"Time": [5600.454554860212, 5601.454554857687, 5602.454554855162, 5603.454554852638, 5604.454554850113, 5605.454554847588, 5606.454554845063, 5607.4545548425385, 5608.454554840014, 5609.454554837489, 5610.454554834964, 5611.4545548324395, 5612.454554829915, 5613.45455482739, 5614.454554824865, 5615.4545548223405, 5616.454554819816, 5617.454554817291, 5618.454554814766, 5619.454554812241, 5620.454554809717, 5621.454554807192, 5622.454554804667, 5623.454554802142, 5624.454554799618, 5625.454554797093, 5626.454554794568, 5627.454554792043, 5628.454554789519, 5629.454554786994, 5630.454554784469, 5631.454554781944, 5632.45455477942, 5633.454554776895, 5634.45455477437, 5635.454554771845, 5636.454554769321, 5637.454554766796, 5638.454554764271, 5639.454554761746, 5640.4545547592215, 5641.454554756697, 5642.454554754172, 5643.454554751647, 5644.4545547491225, 5645.454554746598, 5646.454554744073, 5647.454554741548, 5648.4545547390235, 5649.454554736499, 5650.454554733974, 5651.454554731449, 5652.454554728924, 5653.4545547264, 5654.454554723875, 5655.45455472135, 5656.454554718825, 5657.454554716301, 5658.454554713776, 5659.454554711251, 5660.454554708726, 5661.454554706202, 5662.454554703677, 5663.454554701152, 5664.454554698627, 5665.454554696103, 5666.454554693578, 5667.454554691053, 5668.454554688528, 5669.454554686004, 5670.454554683479, 5671.454554680954, 5672.454554678429, 5673.454554675905, 5674.45455467338, 5675.454554670855, 5676.45455466833, 5677.4545546658055, 5678.454554663281, 5679.454554660756, 5680.454554658231, 5681.4545546557065, 5682.454554653182, 5683.454554650657, 5684.454554648132, 5685.4545546456075, 5686.454554643083, 5687.454554640558, 5688.454554638033, 5689.454554635508, 5690.454554632984, 5691.454554630459, 5692.454554627934, 5693.454554625409, 5694.454554622885, 5695.45455462036, 5696.454554617835, 5697.45455461531, 5698.454554612786, 5699.454554610261, 5700.454554607736, 5701.454554605211, 5702.454554602687, 5703.454554600162, 5704.454554597637, 5705.454554595112, 5706.454554592588, 5707.454554590063, 5708.454554587538, 5709.454554585013, 5710.4545545824885, 5711.454554579964, 5712.454554577439, 5713.454554574914, 5714.4545545723895, 5715.454554569865, 5716.45455456734, 5717.454554564815, 5718.4545545622905, 5719.454554559766], "WE(1).Potential": [-9.99969482421875, -9.99969482421875, 0.190277099609375, 0.1490478515625, 0.207855224609375, 0.15191650390625, 0.157196044921875, 0.162445068359375, 0.14959716796875, 0.194580078125, 0.1575927734375, 0.1353759765625, 0.139678955078125, 0.18896484375, 0.181488037109375, 0.126312255859375, 0.10406494140625, 0.113922119140625, 0.16143798828125, 0.080718994140625, 0.090728759765625, 0.085052490234375, 0.06451416015625, 0.063629150390625, 0.1, 0.111419677734375, 0.10784912109375, 0.09259033203125, 0.05548095703125, 0.097808837890625, 0.13250732421875, 0.08099365234375, 0.09912109375, 0.1700439453125, 0.108245849609375, 0.132568359375, 0.1845703125, 0.180328369140625, 0.137786865234375, 0.20233154296875, 0.14794921875, 0.121795654296875, 0.14642333984375, 0.180938720703125, 0.176483154296875, 0.1702880859375, 0.1400146484375, 0.097198486328125, 0.13568115234375, 0.131256103515625, 0.075469970703125, 0.04595947265625, 0.066802978515625, 0.1, 0.113525390625, 0.1, 0.1, 0.09662170410156251, 0.036346435546875, 0.097869873046875, 0.10418701171875, 0.129547119140625, 0.1240234375, 0.136077880859375, 0.1422119140625, 0.157257080078125, 0.157012939453125, 0.1722412109375, 0.17779541015625, 0.184661865234375, 0.187347412109375, 0.15625, 0.143096923828125, 0.1412353515625, 0.148162841796875, 0.114288330078125, 0.162139892578125, 0.168121337890625, 0.092498779296875, 0.145294189453125, 0.123443603515625, 0.078643798828125, 0.07354736328125, 0.11883544921875, 0.053558349609375, 0.03387451171875, 0.08336181640625001, 0.070098876953125, 0.03082275390625, 0.10968017578125, 0.06512451171875, 0.076751708984375, 0.1234130859375, 0.062530517578125, 0.126434326171875, 0.157867431640625, 0.129150390625, 0.099884033203125, 0.125, 0.184600830078125, 0.170562744140625, 0.13848876953125, 0.121826171875, 0.194061279296875, 0.120758056640625, 0.18914794921875, 0.188201904296875, 0.1214599609375, 0.135986328125, 0.16119384765625, 0.131378173828125, 0.1009521484375, 0.14288330078125, 0.1539306640625, 0.13055419921875, 0.082000732421875, 0.061279296875, 0.080780029296875, 0.11810302734375, 0.1], "Corrected time": [0.0, 0.9999999974752427, 1.9999999949504854, 2.999999992425728, 3.999999989900971, 4.9999999873762135, 5.999999984851456, 6.999999982326699, 7.999999979801942, 8.999999977277184, 9.999999974752427, 10.99999997222767, 11.999999969702912, 12.999999967178155, 13.999999964653398, 14.99999996212864, 15.999999959603883, 16.999999957079126, 17.99999995455437, 18.99999995202961, 19.999999949504854, 20.999999946980097, 21.99999994445534, 22.999999941930582, 23.999999939405825, 24.999999936881068, 25.99999993435631, 26.999999931831553, 27.999999929306796, 28.99999992678204, 29.99999992425728, 30.999999921732524, 31.999999919207767, 32.99999991668301, 33.99999991415825, 34.999999911633495, 35.99999990910874, 36.99999990658398, 37.99999990405922, 38.999999901534466, 39.99999989900971, 40.99999989648495, 41.999999893960194, 42.999999891435436, 43.99999988891068, 44.99999988638592, 45.999999883861165, 46.99999988133641, 47.99999987881165, 48.99999987628689, 49.999999873762135, 50.99999987123738, 51.99999986871262, 52.99999986618786, 53.999999863663106, 54.99999986113835, 55.99999985861359, 56.999999856088834, 57.99999985356408, 58.99999985103932, 59.99999984851456, 60.999999845989805, 61.99999984346505, 62.99999984094029, 63.99999983841553, 64.99999983589078, 65.99999983336602, 66.99999983084126, 67.9999998283165, 68.99999982579175, 69.99999982326699, 70.99999982074223, 71.99999981821747, 72.99999981569272, 73.99999981316796, 74.9999998106432, 75.99999980811845, 76.99999980559369, 77.99999980306893, 78.99999980054417, 79.99999979801942, 80.99999979549466, 81.9999997929699, 82.99999979044514, 83.99999978792039, 84.99999978539563, 85.99999978287087, 86.99999978034612, 87.99999977782136, 88.9999997752966, 89.99999977277184, 90.99999977024709, 91.99999976772233, 92.99999976519757, 93.99999976267281, 94.99999976014806, 95.9999997576233, 96.99999975509854, 97.99999975257379, 98.99999975004903, 99.99999974752427, 100.99999974499951, 101.99999974247476, 102.99999973995, 103.99999973742524, 104.99999973490048, 105.99999973237573, 106.99999972985097, 107.99999972732621, 108.99999972480146, 109.9999997222767, 110.99999971975194, 111.99999971722718, 112.99999971470243, 113.99999971217767, 114.99999970965291, 115.99999970712815, 116.9999997046034, 117.99999970207864, 118.99999969955388], "Index": [1.0, 2.0, 3.0, 4.0, 5.0, 6.0, 7.0, 8.0, 9.0, 10.0, 11.0, 12.0, 13.0, 14.0, 15.0, 16.0, 17.0, 18.0, 19.0, 20.0, 21.0, 22.0, 23.0, 24.0, 25.0, 26.0, 27.0, 28.0, 29.0, 30.0, 31.0, 32.0, 33.0, 34.0, 35.0, 36.0, 37.0, 38.0, 39.0, 40.0, 41.0, 42.0, 43.0, 44.0, 45.0, 46.0, 47.0, 48.0, 49.0, 50.0, 51.0, 52.0, 53.0, 54.0, 55.0, 56.0, 57.0, 58.0, 59.0, 60.0, 61.0, 62.0, 63.0, 64.0, 65.0, 66.0, 67.0, 68.0, 69.0, 70.0, 71.0, 72.0, 73.0, 74.0, 75.0, 76.0, 77.0, 78.0, 79.0, 80.0, 81.0, 82.0, 83.0, 84.0, 85.0, 86.0, 87.0, 88.0, 89.0, 90.0, 91.0, 92.0, 93.0, 94.0, 95.0, 96.0, 97.0, 98.0, 99.0, 100.0, 101.0, 102.0, 103.0, 104.0, 105.0, 106.0, 107.0, 108.0, 109.0, 110.0, 111.0, 112.0, 113.0, 114.0, 115.0, 116.0, 117.0, 118.0, 119.0, 120.0]}}