{"recordsignal": {"Time": [602.2446854794783, 603.2446854769536, 604.2446854744288, 605.2446854719041, 606.2446854693793, 607.2446854668545, 608.2446854643298, 609.244685461805, 610.2446854592803, 611.2446854567555, 612.2446854542308, 613.244685451706, 614.2446854491812, 615.2446854466565, 616.2446854441317, 617.244685441607, 618.2446854390822, 619.2446854365575, 620.2446854340327, 621.244685431508, 622.2446854289832, 623.2446854264584, 624.2446854239337, 625.2446854214089, 626.2446854188842, 627.2446854163594, 628.2446854138346, 629.2446854113099, 630.2446854087851, 631.2446854062604, 632.2446854037356, 633.2446854012109, 634.2446853986861, 635.2446853961613, 636.2446853936366, 637.2446853911118, 638.2446853885871, 639.2446853860623, 640.2446853835376, 641.2446853810128, 642.244685378488, 643.2446853759633, 644.2446853734385, 645.2446853709138, 646.244685368389, 647.2446853658643, 648.2446853633395, 649.2446853608147, 650.24468535829, 651.2446853557652, 652.2446853532405, 653.2446853507157, 654.244685348191, 655.2446853456662, 656.2446853431414, 657.2446853406167, 658.2446853380919, 659.2446853355672, 660.2446853330424, 661.2446853305177, 662.2446853279929, 663.2446853254681, 664.2446853229434, 665.2446853204186, 666.2446853178939, 667.2446853153691, 668.2446853128444, 669.2446853103196, 670.2446853077948, 671.2446853052701, 672.2446853027453, 673.2446853002206, 674.2446852976958, 675.244685295171, 676.2446852926463, 677.2446852901215, 678.2446852875968, 679.244685285072, 680.2446852825473, 681.2446852800225, 682.2446852774978, 683.244685274973, 684.2446852724482, 685.2446852699235, 686.2446852673987, 687.244685264874, 688.2446852623492, 689.2446852598245, 690.2446852572997, 691.2446852547749, 692.2446852522502, 693.2446852497254, 694.2446852472007, 695.2446852446759, 696.2446852421511, 697.2446852396264, 698.2446852371016, 699.2446852345769, 700.2446852320521, 701.2446852295274, 702.2446852270026, 703.2446852244778, 704.2446852219531, 705.2446852194283, 706.2446852169036, 707.2446852143788, 708.2446852118541, 709.2446852093293, 710.2446852068045, 711.2446852042798, 712.244685201755, 713.2446851992303, 714.2446851967055, 715.2446851941808, 716.244685191656, 717.2446851891312, 718.2446851866065, 719.2446851840817, 720.244685181557, 721.2446851790322], "WE(1).Potential": [-1.102294921875, 1.34002685546875, 1.3140869140625, 1.29638671875, 1.34796142578125, 1.37939453125, 1.33544921875, 1.329345703125, 1.3751220703125, 1.41204833984375, 1.39129638671875, 1.3433837890625, 1.35986328125, 1.43310546875, 1.41265869140625, 1.3970947265625, 1.42425537109375, 1.4208984375, 1.36688232421875, 1.33087158203125, 1.0064697265625, 0.36151123046875, 1.47369384765625, 1.4703369140625, 1.4697265625, 1.5057373046875, 1.370849609375, 1.40167236328125, 0.68084716796875, -2.40264892578125, 1.55914306640625, 1.6717529296875, 1.65771484375, 1.70166015625, 1.614990234375, 1.65496826171875, 1.580810546875, 1.62322998046875, 1.56219482421875, 1.600341796875, 1.57196044921875, 1.5643310546875, 1.4984130859375, 1.4385986328125, 0.83709716796875, 1.13067626953125, 1.668701171875, 1.64459228515625, 1.571044921875, 1.5478515625, 1.5496826171875, 1.5545654296875, 1.57440185546875, 1.57989501953125, 1.57806396484375, 1.56005859375, 1.5216064453125, 1.490478515625, 1.5423583984375, 1.52069091796875, 1.4666748046875, 1.5478515625, 1.47003173828125, 1.5234375, 1.46148681640625, 1.45263671875, 1.529541015625, 1.4910888671875, 1.4520263671875, 1.42730712890625, 1.4324951171875, 1.49810791015625, 1.47705078125, 1.4190673828125, 1.4996337890625, 1.439208984375, 1.4093017578125, 1.4996337890625, 1.4166259765625, 1.4453125, 1.48651123046875, 1.419677734375, 1.40960693359375, 1.395263671875, 1.41204833984375, 1.3916015625, 1.39617919921875, 1.4105224609375, 1.40350341796875, 1.42669677734375, 1.461181640625, 1.4080810546875, 1.197509765625, -0.82550048828125, 0.7562255859375, 1.49566650390625, 1.580810546875, 1.57562255859375, 1.60797119140625, 1.64581298828125, 1.602783203125, 1.57196044921875, 1.54815673828125, 1.56402587890625, 1.5606689453125, 1.56219482421875, 1.590576171875, 1.5899658203125, 1.56524658203125, 1.51824951171875, 1.57470703125, 1.57440185546875, 1.5472412109375, 1.54144287109375, 1.4990234375, 1.28204345703125, 0.18792724609375, 0.69580078125, 0.221221923828125, 1.08062744140625], "Corrected time": [0.0, 0.9999999974752427, 1.9999999949504854, 2.999999992425728, 3.999999989900971, 4.9999999873762135, 5.999999984851456, 6.999999982326699, 7.999999979801942, 8.999999977277184, 9.999999974752427, 10.99999997222767, 11.999999969702912, 12.999999967178155, 13.999999964653398, 14.99999996212864, 15.999999959603883, 16.999999957079126, 17.99999995455437, 18.99999995202961, 19.999999949504854, 20.999999946980097, 21.99999994445534, 22.999999941930582, 23.999999939405825, 24.999999936881068, 25.99999993435631, 26.999999931831553, 27.999999929306796, 28.99999992678204, 29.99999992425728, 30.999999921732524, 31.999999919207767, 32.99999991668301, 33.99999991415825, 34.999999911633495, 35.99999990910874, 36.99999990658398, 37.99999990405922, 38.999999901534466, 39.99999989900971, 40.99999989648495, 41.999999893960194, 42.999999891435436, 43.99999988891068, 44.99999988638592, 45.999999883861165, 46.99999988133641, 47.99999987881165, 48.99999987628689, 49.999999873762135, 50.99999987123738, 51.99999986871262, 52.99999986618786, 53.999999863663106, 54.99999986113835, 55.99999985861359, 56.999999856088834, 57.99999985356408, 58.99999985103932, 59.99999984851456, 60.999999845989805, 61.99999984346505, 62.99999984094029, 63.99999983841553, 64.99999983589078, 65.99999983336602, 66.99999983084126, 67.9999998283165, 68.99999982579175, 69.99999982326699, 70.99999982074223, 71.99999981821747, 72.99999981569272, 73.99999981316796, 74.9999998106432, 75.99999980811845, 76.99999980559369, 77.99999980306893, 78.99999980054417, 79.99999979801942, 80.99999979549466, 81.9999997929699, 82.99999979044514, 83.99999978792039, 84.99999978539563, 85.99999978287087, 86.99999978034612, 87.99999977782136, 88.9999997752966, 89.99999977277184, 90.99999977024709, 91.99999976772233, 92.99999976519757, 93.99999976267281, 94.99999976014806, 95.9999997576233, 96.99999975509854, 97.99999975257379, 98.99999975004903, 99.99999974752427, 100.99999974499951, 101.99999974247476, 102.99999973995, 103.99999973742524, 104.99999973490048, 105.99999973237573, 106.99999972985097, 107.99999972732621, 108.99999972480146, 109.9999997222767, 110.99999971975194, 111.99999971722718, 112.99999971470243, 113.99999971217767, 114.99999970965291, 115.99999970712815, 116.9999997046034, 117.99999970207864, 118.99999969955388], "Index": [1.0, 2.0, 3.0, 4.0, 5.0, 6.0, 7.0, 8.0, 9.0, 10.0, 11.0, 12.0, 13.0, 14.0, 15.0, 16.0, 17.0, 18.0, 19.0, 20.0, 21.0, 22.0, 23.0, 24.0, 25.0, 26.0, 27.0, 28.0, 29.0, 30.0, 31.0, 32.0, 33.0, 34.0, 35.0, 36.0, 37.0, 38.0, 39.0, 40.0, 41.0, 42.0, 43.0, 44.0, 45.0, 46.0, 47.0, 48.0, 49.0, 50.0, 51.0, 52.0, 53.0, 54.0, 55.0, 56.0, 57.0, 58.0, 59.0, 60.0, 61.0, 62.0, 63.0, 64.0, 65.0, 66.0, 67.0, 68.0, 69.0, 70.0, 71.0, 72.0, 73.0, 74.0, 75.0, 76.0, 77.0, 78.0, 79.0, 80.0, 81.0, 82.0, 83.0, 84.0, 85.0, 86.0, 87.0, 88.0, 89.0, 90.0, 91.0, 92.0, 93.0, 94.0, 95.0, 96.0, 97.0, 98.0, 99.0, 100.0, 101.0, 102.0, 103.0, 104.0, 105.0, 106.0, 107.0, 108.0, 109.0, 110.0, 111.0, 112.0, 113.0, 114.0, 115.0, 116.0, 117.0, 118.0, 119.0, 120.0]}}