{"recordsignal": {"Time": [4922.679296571429, 4923.679296568905, 4924.67929656638, 4925.679296563855, 4926.67929656133, 4927.679296558806, 4928.679296556281, 4929.679296553756, 4930.679296551231, 4931.679296548707, 4932.679296546182, 4933.679296543657, 4934.679296541132, 4935.679296538608, 4936.679296536083, 4937.679296533558, 4938.679296531033, 4939.6792965285085, 4940.679296525984, 4941.679296523459, 4942.679296520934, 4943.6792965184095, 4944.679296515885, 4945.67929651336, 4946.679296510835, 4947.6792965083105, 4948.679296505786, 4949.679296503261, 4950.679296500736, 4951.679296498211, 4952.679296495687, 4953.679296493162, 4954.679296490637, 4955.679296488112, 4956.679296485588, 4957.679296483063, 4958.679296480538, 4959.679296478013, 4960.679296475489, 4961.679296472964, 4962.679296470439, 4963.679296467914, 4964.67929646539, 4965.679296462865, 4966.67929646034, 4967.679296457815, 4968.679296455291, 4969.679296452766, 4970.679296450241, 4971.679296447716, 4972.6792964451915, 4973.679296442667, 4974.679296440142, 4975.679296437617, 4976.6792964350925, 4977.679296432568, 4978.679296430043, 4979.679296427518, 4980.6792964249935, 4981.679296422469, 4982.679296419944, 4983.679296417419, 4984.679296414894, 4985.67929641237, 4986.679296409845, 4987.67929640732, 4988.679296404795, 4989.679296402271, 4990.679296399746, 4991.679296397221, 4992.679296394696, 4993.679296392172, 4994.679296389647, 4995.679296387122, 4996.679296384597, 4997.679296382073, 4998.679296379548, 4999.679296377023, 5000.679296374498, 5001.679296371974, 5002.679296369449, 5003.679296366924, 5004.679296364399, 5005.679296361875, 5006.67929635935, 5007.679296356825, 5008.6792963543, 5009.6792963517755, 5010.679296349251, 5011.679296346726, 5012.679296344201, 5013.6792963416765, 5014.679296339152, 5015.679296336627, 5016.679296334102, 5017.6792963315775, 5018.679296329053, 5019.679296326528, 5020.679296324003, 5021.679296321478, 5022.679296318954, 5023.679296316429, 5024.679296313904, 5025.679296311379, 5026.679296308855, 5027.67929630633, 5028.679296303805, 5029.67929630128, 5030.679296298756, 5031.679296296231, 5032.679296293706, 5033.679296291181, 5034.679296288657, 5035.679296286132, 5036.679296283607, 5037.679296281082, 5038.679296278558, 5039.679296276033, 5040.679296273508, 5041.679296270983], "WE(1).Potential": [-3.4222412109375, -6.47674560546875, -1.08489990234375, -0.9197998046875, -0.963134765625, -0.892333984375, -0.804443359375, -0.8624267578125, -0.76385498046875, -0.71624755859375, -0.69000244140625, -0.660003662109375, -0.629913330078125, -0.674285888671875, -0.65277099609375, -0.55914306640625, -0.60858154296875, -0.58349609375, -0.490875244140625, -0.536529541015625, -0.49749755859375, -0.491455078125, -0.48822021484375, -0.412994384765625, -0.37994384765625, -0.37139892578125, -0.363922119140625, -0.373443603515625, -0.37042236328125, -0.377655029296875, -0.35382080078125, -0.320068359375, -0.317596435546875, -0.323455810546875, -0.32647705078125, -0.3140869140625, -0.25537109375, -0.26849365234375, -0.249267578125, -0.25726318359375, -0.178466796875, -0.226806640625, -0.18115234375, -0.223175048828125, -0.187957763671875, -0.12921142578125, -0.188629150390625, -0.131500244140625, -0.130523681640625, -0.16180419921875, -0.073883056640625, -0.133575439453125, -0.05133056640625, -0.0999969482421875, -0.03826904296875, -0.094781494140625, -0.070074462890625, -0.010186767578125006, 0.0014495849609375, -0.034890747070312506, 0.061206054687500004, 0.014068603515625, 0.0632781982421875, 0.036956787109375, 0.114471435546875, 0.088409423828125, 0.0650634765625, 0.146575927734375, 0.171234130859375, 0.13555908203125, 0.131134033203125, 0.126495361328125, 0.185455322265625, 0.222259521484375, 0.21337890625, 0.21539306640625, 0.1883544921875, 0.188232421875, 0.239654541015625, 0.251678466796875, 0.2474365234375, 0.204864501953125, 0.17987060546875, 0.221771240234375, 0.26788330078125, 0.19189453125, 0.23846435546875, 0.24530029296875, 0.2740478515625, 0.291778564453125, 0.27349853515625, 0.2369384765625, 0.225616455078125, 0.264007568359375, 0.29132080078125, 0.323974609375, 0.2847900390625, 0.251861572265625, 0.3016357421875, 0.320404052734375, 0.348785400390625, 0.34820556640625, 0.3282470703125, 0.33636474609375, 0.35247802734375, 0.365264892578125, 0.364288330078125, 0.352203369140625, 0.2861328125, 0.342376708984375, 0.3709716796875, 0.310028076171875, 0.31097412109375, 0.37542724609375, 0.3299560546875, 0.333709716796875, 0.37554931640625, 0.381561279296875, 0.35406494140625, 0.31854248046875], "Corrected time": [0.0, 0.9999999974752427, 1.9999999949504854, 2.999999992425728, 3.999999989900971, 4.9999999873762135, 5.999999984851456, 6.999999982326699, 7.999999979801942, 8.999999977277184, 9.999999974752427, 10.99999997222767, 11.999999969702912, 12.999999967178155, 13.999999964653398, 14.99999996212864, 15.999999959603883, 16.999999957079126, 17.99999995455437, 18.99999995202961, 19.999999949504854, 20.999999946980097, 21.99999994445534, 22.999999941930582, 23.999999939405825, 24.999999936881068, 25.99999993435631, 26.999999931831553, 27.999999929306796, 28.99999992678204, 29.99999992425728, 30.999999921732524, 31.999999919207767, 32.99999991668301, 33.99999991415825, 34.999999911633495, 35.99999990910874, 36.99999990658398, 37.99999990405922, 38.999999901534466, 39.99999989900971, 40.99999989648495, 41.999999893960194, 42.999999891435436, 43.99999988891068, 44.99999988638592, 45.999999883861165, 46.99999988133641, 47.99999987881165, 48.99999987628689, 49.999999873762135, 50.99999987123738, 51.99999986871262, 52.99999986618786, 53.999999863663106, 54.99999986113835, 55.99999985861359, 56.999999856088834, 57.99999985356408, 58.99999985103932, 59.99999984851456, 60.999999845989805, 61.99999984346505, 62.99999984094029, 63.99999983841553, 64.99999983589078, 65.99999983336602, 66.99999983084126, 67.9999998283165, 68.99999982579175, 69.99999982326699, 70.99999982074223, 71.99999981821747, 72.99999981569272, 73.99999981316796, 74.9999998106432, 75.99999980811845, 76.99999980559369, 77.99999980306893, 78.99999980054417, 79.99999979801942, 80.99999979549466, 81.9999997929699, 82.99999979044514, 83.99999978792039, 84.99999978539563, 85.99999978287087, 86.99999978034612, 87.99999977782136, 88.9999997752966, 89.99999977277184, 90.99999977024709, 91.99999976772233, 92.99999976519757, 93.99999976267281, 94.99999976014806, 95.9999997576233, 96.99999975509854, 97.99999975257379, 98.99999975004903, 99.99999974752427, 100.99999974499951, 101.99999974247476, 102.99999973995, 103.99999973742524, 104.99999973490048, 105.99999973237573, 106.99999972985097, 107.99999972732621, 108.99999972480146, 109.9999997222767, 110.99999971975194, 111.99999971722718, 112.99999971470243, 113.99999971217767, 114.99999970965291, 115.99999970712815, 116.9999997046034, 117.99999970207864, 118.99999969955388], "Index": [1.0, 2.0, 3.0, 4.0, 5.0, 6.0, 7.0, 8.0, 9.0, 10.0, 11.0, 12.0, 13.0, 14.0, 15.0, 16.0, 17.0, 18.0, 19.0, 20.0, 21.0, 22.0, 23.0, 24.0, 25.0, 26.0, 27.0, 28.0, 29.0, 30.0, 31.0, 32.0, 33.0, 34.0, 35.0, 36.0, 37.0, 38.0, 39.0, 40.0, 41.0, 42.0, 43.0, 44.0, 45.0, 46.0, 47.0, 48.0, 49.0, 50.0, 51.0, 52.0, 53.0, 54.0, 55.0, 56.0, 57.0, 58.0, 59.0, 60.0, 61.0, 62.0, 63.0, 64.0, 65.0, 66.0, 67.0, 68.0, 69.0, 70.0, 71.0, 72.0, 73.0, 74.0, 75.0, 76.0, 77.0, 78.0, 79.0, 80.0, 81.0, 82.0, 83.0, 84.0, 85.0, 86.0, 87.0, 88.0, 89.0, 90.0, 91.0, 92.0, 93.0, 94.0, 95.0, 96.0, 97.0, 98.0, 99.0, 100.0, 101.0, 102.0, 103.0, 104.0, 105.0, 106.0, 107.0, 108.0, 109.0, 110.0, 111.0, 112.0, 113.0, 114.0, 115.0, 116.0, 117.0, 118.0, 119.0, 120.0]}}