{"recordsignal": {"Time": [6282.954809137064, 6283.95480913454, 6284.954809132015, 6285.95480912949, 6286.954809126965, 6287.9548091244405, 6288.954809121916, 6289.954809119391, 6290.954809116866, 6291.9548091143415, 6292.954809111817, 6293.954809109292, 6294.954809106767, 6295.9548091042425, 6296.954809101718, 6297.954809099193, 6298.954809096668, 6299.9548090941435, 6300.954809091619, 6301.954809089094, 6302.954809086569, 6303.954809084044, 6304.95480908152, 6305.954809078995, 6306.95480907647, 6307.954809073945, 6308.954809071421, 6309.954809068896, 6310.954809066371, 6311.954809063846, 6312.954809061322, 6313.954809058797, 6314.954809056272, 6315.954809053747, 6316.954809051223, 6317.954809048698, 6318.954809046173, 6319.954809043648, 6320.954809041124, 6321.954809038599, 6322.954809036074, 6323.954809033549, 6324.9548090310245, 6325.9548090285, 6326.954809025975, 6327.95480902345, 6328.9548090209255, 6329.954809018401, 6330.954809015876, 6331.954809013351, 6332.9548090108265, 6333.954809008302, 6334.954809005777, 6335.954809003252, 6336.954809000727, 6337.954808998203, 6338.954808995678, 6339.954808993153, 6340.954808990628, 6341.954808988104, 6342.954808985579, 6343.954808983054, 6344.954808980529, 6345.954808978005, 6346.95480897548, 6347.954808972955, 6348.95480897043, 6349.954808967906, 6350.954808965381, 6351.954808962856, 6352.954808960331, 6353.954808957807, 6354.954808955282, 6355.954808952757, 6356.954808950232, 6357.9548089477075, 6358.954808945183, 6359.954808942658, 6360.954808940133, 6361.9548089376085, 6362.954808935084, 6363.954808932559, 6364.954808930034, 6365.9548089275095, 6366.954808924985, 6367.95480892246, 6368.954808919935, 6369.95480891741, 6370.954808914886, 6371.954808912361, 6372.954808909836, 6373.954808907311, 6374.954808904787, 6375.954808902262, 6376.954808899737, 6377.954808897212, 6378.954808894688, 6379.954808892163, 6380.954808889638, 6381.954808887113, 6382.954808884589, 6383.954808882064, 6384.954808879539, 6385.954808877014, 6386.95480887449, 6387.954808871965, 6388.95480886944, 6389.954808866915, 6390.9548088643905, 6391.954808861866, 6392.954808859341, 6393.954808856816, 6394.9548088542915, 6395.954808851767, 6396.954808849242, 6397.954808846717, 6398.9548088441925, 6399.954808841668, 6400.954808839143, 6401.954808836618], "WE(1).Potential": [0.12872314453125, 0.16058349609375, 0.11279296875, 0.095733642578125, 0.121612548828125, 0.03076171875, 0.08148193359375, 0.09201660156250001, 0.006622314453125, 0.0641387939453125, 0.028472900390625, 0.07136840820312501, 0.02585449218750001, 0.044177246093750004, 0.005368041992187503, 0.025149536132812497, 0.017431640624999994, 0.021145629882812503, 0.033700561523437506, -0.022250366210937497, 0.041751098632812504, -0.0272369384765625, 0.046044921875000006, 0.025088500976562497, -0.008636474609375, 0.020355224609375, 0.03912353515625, 0.08685302734375, 0.1173095703125, 0.091796875, 0.079986572265625, 0.145843505859375, 0.185577392578125, 0.187896728515625, 0.1597900390625, 0.17669677734375, 0.189208984375, 0.224365234375, 0.285675048828125, 0.29388427734375, 0.26373291015625, 0.24224853515625, 0.314483642578125, 0.248016357421875, 0.238006591796875, 0.26788330078125, 0.28192138671875, 0.27801513671875, 0.210906982421875, 0.24530029296875, 0.248199462890625, 0.171356201171875, 0.134063720703125, 0.1248779296875, 0.1170654296875, 0.1, 0.1, 0.0605377197265625, 0.05777587890625, 0.00439453125, -0.011444091796875, -0.04330139160156249, -0.007739257812499997, -0.07191772460937501, -0.03594970703125, -0.038201904296875006, 0.010223388671875, -0.064544677734375, 0.0035400390625, -0.058142089843749994, 0.024295043945312497, -0.05048828125000002, 0.0023101806640624944, 0.02586975097656251, 0.045724487304687506, 0.025421142578125, 0.002655029296875, 0.03712158203125, 0.02288818359375, 0.027081298828125003, 0.014312744140625, 0.07905883789062501, 0.01214599609375, 0.06966247558593751, 0.1, 0.1, 0.111114501953125, 0.124725341796875, 0.064544677734375, 0.100921630859375, 0.093841552734375, 0.0966796875, 0.108978271484375, 0.1678466796875, 0.199127197265625, 0.169464111328125, 0.16265869140625, 0.16180419921875, 0.244354248046875, 0.17315673828125, 0.19281005859375, 0.223785400390625, 0.20904541015625, 0.23138427734375, 0.229736328125, 0.27362060546875, 0.30206298828125, 0.30499267578125, 0.29168701171875, 0.28082275390625, 0.26910400390625, 0.277862548828125, 0.2562255859375, 0.28167724609375, 0.27593994140625, 0.241729736328125, 0.207305908203125, 0.197479248046875, 0.188385009765625, 0.134735107421875], "Corrected time": [0.0, 0.9999999974752427, 1.9999999949504854, 2.999999992425728, 3.999999989900971, 4.9999999873762135, 5.999999984851456, 6.999999982326699, 7.999999979801942, 8.999999977277184, 9.999999974752427, 10.99999997222767, 11.999999969702912, 12.999999967178155, 13.999999964653398, 14.99999996212864, 15.999999959603883, 16.999999957079126, 17.99999995455437, 18.99999995202961, 19.999999949504854, 20.999999946980097, 21.99999994445534, 22.999999941930582, 23.999999939405825, 24.999999936881068, 25.99999993435631, 26.999999931831553, 27.999999929306796, 28.99999992678204, 29.99999992425728, 30.999999921732524, 31.999999919207767, 32.99999991668301, 33.99999991415825, 34.999999911633495, 35.99999990910874, 36.99999990658398, 37.99999990405922, 38.999999901534466, 39.99999989900971, 40.99999989648495, 41.999999893960194, 42.999999891435436, 43.99999988891068, 44.99999988638592, 45.999999883861165, 46.99999988133641, 47.99999987881165, 48.99999987628689, 49.999999873762135, 50.99999987123738, 51.99999986871262, 52.99999986618786, 53.999999863663106, 54.99999986113835, 55.99999985861359, 56.999999856088834, 57.99999985356408, 58.99999985103932, 59.99999984851456, 60.999999845989805, 61.99999984346505, 62.99999984094029, 63.99999983841553, 64.99999983589078, 65.99999983336602, 66.99999983084126, 67.9999998283165, 68.99999982579175, 69.99999982326699, 70.99999982074223, 71.99999981821747, 72.99999981569272, 73.99999981316796, 74.9999998106432, 75.99999980811845, 76.99999980559369, 77.99999980306893, 78.99999980054417, 79.99999979801942, 80.99999979549466, 81.9999997929699, 82.99999979044514, 83.99999978792039, 84.99999978539563, 85.99999978287087, 86.99999978034612, 87.99999977782136, 88.9999997752966, 89.99999977277184, 90.99999977024709, 91.99999976772233, 92.99999976519757, 93.99999976267281, 94.99999976014806, 95.9999997576233, 96.99999975509854, 97.99999975257379, 98.99999975004903, 99.99999974752427, 100.99999974499951, 101.99999974247476, 102.99999973995, 103.99999973742524, 104.99999973490048, 105.99999973237573, 106.99999972985097, 107.99999972732621, 108.99999972480146, 109.9999997222767, 110.99999971975194, 111.99999971722718, 112.99999971470243, 113.99999971217767, 114.99999970965291, 115.99999970712815, 116.9999997046034, 117.99999970207864, 118.99999969955388], "Index": [1.0, 2.0, 3.0, 4.0, 5.0, 6.0, 7.0, 8.0, 9.0, 10.0, 11.0, 12.0, 13.0, 14.0, 15.0, 16.0, 17.0, 18.0, 19.0, 20.0, 21.0, 22.0, 23.0, 24.0, 25.0, 26.0, 27.0, 28.0, 29.0, 30.0, 31.0, 32.0, 33.0, 34.0, 35.0, 36.0, 37.0, 38.0, 39.0, 40.0, 41.0, 42.0, 43.0, 44.0, 45.0, 46.0, 47.0, 48.0, 49.0, 50.0, 51.0, 52.0, 53.0, 54.0, 55.0, 56.0, 57.0, 58.0, 59.0, 60.0, 61.0, 62.0, 63.0, 64.0, 65.0, 66.0, 67.0, 68.0, 69.0, 70.0, 71.0, 72.0, 73.0, 74.0, 75.0, 76.0, 77.0, 78.0, 79.0, 80.0, 81.0, 82.0, 83.0, 84.0, 85.0, 86.0, 87.0, 88.0, 89.0, 90.0, 91.0, 92.0, 93.0, 94.0, 95.0, 96.0, 97.0, 98.0, 99.0, 100.0, 101.0, 102.0, 103.0, 104.0, 105.0, 106.0, 107.0, 108.0, 109.0, 110.0, 111.0, 112.0, 113.0, 114.0, 115.0, 116.0, 117.0, 118.0, 119.0, 120.0]}}