{"recordsignal": {"Time": [5148.166375002129, 5149.166374999604, 5150.166374997079, 5151.166374994555, 5152.16637499203, 5153.166374989505, 5154.16637498698, 5155.166374984456, 5156.166374981931, 5157.166374979406, 5158.166374976881, 5159.166374974357, 5160.166374971832, 5161.166374969307, 5162.166374966782, 5163.166374964258, 5164.166374961733, 5165.166374959208, 5166.166374956683, 5167.1663749541585, 5168.166374951634, 5169.166374949109, 5170.166374946584, 5171.1663749440595, 5172.166374941535, 5173.16637493901, 5174.166374936485, 5175.1663749339605, 5176.166374931436, 5177.166374928911, 5178.166374926386, 5179.166374923861, 5180.166374921337, 5181.166374918812, 5182.166374916287, 5183.166374913762, 5184.166374911238, 5185.166374908713, 5186.166374906188, 5187.166374903663, 5188.166374901139, 5189.166374898614, 5190.166374896089, 5191.166374893564, 5192.16637489104, 5193.166374888515, 5194.16637488599, 5195.166374883465, 5196.166374880941, 5197.166374878416, 5198.166374875891, 5199.166374873366, 5200.1663748708415, 5201.166374868317, 5202.166374865792, 5203.166374863267, 5204.1663748607425, 5205.166374858218, 5206.166374855693, 5207.166374853168, 5208.1663748506435, 5209.166374848119, 5210.166374845594, 5211.166374843069, 5212.166374840544, 5213.16637483802, 5214.166374835495, 5215.16637483297, 5216.166374830445, 5217.166374827921, 5218.166374825396, 5219.166374822871, 5220.166374820346, 5221.166374817822, 5222.166374815297, 5223.166374812772, 5224.166374810247, 5225.166374807723, 5226.166374805198, 5227.166374802673, 5228.166374800148, 5229.166374797624, 5230.166374795099, 5231.166374792574, 5232.166374790049, 5233.166374787525, 5234.166374785, 5235.166374782475, 5236.16637477995, 5237.1663747774255, 5238.166374774901, 5239.166374772376, 5240.166374769851, 5241.1663747673265, 5242.166374764802, 5243.166374762277, 5244.166374759752, 5245.1663747572275, 5246.166374754703, 5247.166374752178, 5248.166374749653, 5249.166374747128, 5250.166374744604, 5251.166374742079, 5252.166374739554, 5253.166374737029, 5254.166374734505, 5255.16637473198, 5256.166374729455, 5257.16637472693, 5258.166374724406, 5259.166374721881, 5260.166374719356, 5261.166374716831, 5262.166374714307, 5263.166374711782, 5264.166374709257, 5265.166374706732, 5266.166374704208, 5267.166374701683], "WE(1).Potential": [-2.9266357421875, -0.36834716796875, -0.265838623046875, -0.23590087890625, -0.226959228515625, -0.22222900390625, -0.2252197265625, -0.210723876953125, -0.1878662109375, -0.171905517578125, -0.133819580078125, -0.095123291015625, -0.061065673828125, -0.0999969482421875, -0.0130615234375, -0.0711578369140625, -0.0384521484375, 0.00537109375, -0.024407958984375006, 0.014926147460937497, 0.015673828124999997, -0.01324462890625, 0.012603759765625, 0.03558349609375, 0.0157470703125, 0.08702697753906251, 0.1015625, 0.088134765625, 0.051788330078125, 0.1153564453125, 0.075347900390625, 0.093109130859375, 0.0986328125, 0.103973388671875, 0.10247802734375, 0.10369873046875, 0.17401123046875, 0.098175048828125, 0.160308837890625, 0.159759521484375, 0.118865966796875, 0.2032470703125, 0.13909912109375, 0.2310791015625, 0.189208984375, 0.2125244140625, 0.200225830078125, 0.21746826171875, 0.23828125, 0.239990234375, 0.23211669921875, 0.28271484375, 0.22918701171875, 0.27239990234375, 0.32550048828125, 0.3271484375, 0.29388427734375, 0.349822998046875, 0.352752685546875, 0.298370361328125, 0.3592529296875, 0.393646240234375, 0.329315185546875, 0.33795166015625, 0.41180419921875, 0.401031494140625, 0.420196533203125, 0.420623779296875, 0.42657470703125, 0.375762939453125, 0.354583740234375, 0.35418701171875, 0.3487548828125, 0.363494873046875, 0.353271484375, 0.4249267578125, 0.41253662109375, 0.36163330078125, 0.3995361328125, 0.43121337890625, 0.3524169921875, 0.408966064453125, 0.428253173828125, 0.435211181640625, 0.391815185546875, 0.37091064453125, 0.3778076171875, 0.3609619140625, 0.359832763671875, 0.387451171875, 0.440032958984375, 0.437957763671875, 0.41058349609375, 0.366943359375, 0.369537353515625, 0.356292724609375, 0.3885498046875, 0.437042236328125, 0.38165283203125, 0.423370361328125, 0.35736083984375, 0.4210205078125, 0.388580322265625, 0.42340087890625, 0.38494873046875, 0.359588623046875, 0.414703369140625, 0.357574462890625, 0.414764404296875, 0.4287109375, 0.436004638671875, 0.43536376953125, 0.434173583984375, 0.43707275390625, 0.409423828125, 0.3704833984375, 0.4495849609375, 0.421783447265625, 0.38629150390625, 0.461181640625], "Corrected time": [0.0, 0.9999999974752427, 1.9999999949504854, 2.999999992425728, 3.999999989900971, 4.9999999873762135, 5.999999984851456, 6.999999982326699, 7.999999979801942, 8.999999977277184, 9.999999974752427, 10.99999997222767, 11.999999969702912, 12.999999967178155, 13.999999964653398, 14.99999996212864, 15.999999959603883, 16.999999957079126, 17.99999995455437, 18.99999995202961, 19.999999949504854, 20.999999946980097, 21.99999994445534, 22.999999941930582, 23.999999939405825, 24.999999936881068, 25.99999993435631, 26.999999931831553, 27.999999929306796, 28.99999992678204, 29.99999992425728, 30.999999921732524, 31.999999919207767, 32.99999991668301, 33.99999991415825, 34.999999911633495, 35.99999990910874, 36.99999990658398, 37.99999990405922, 38.999999901534466, 39.99999989900971, 40.99999989648495, 41.999999893960194, 42.999999891435436, 43.99999988891068, 44.99999988638592, 45.999999883861165, 46.99999988133641, 47.99999987881165, 48.99999987628689, 49.999999873762135, 50.99999987123738, 51.99999986871262, 52.99999986618786, 53.999999863663106, 54.99999986113835, 55.99999985861359, 56.999999856088834, 57.99999985356408, 58.99999985103932, 59.99999984851456, 60.999999845989805, 61.99999984346505, 62.99999984094029, 63.99999983841553, 64.99999983589078, 65.99999983336602, 66.99999983084126, 67.9999998283165, 68.99999982579175, 69.99999982326699, 70.99999982074223, 71.99999981821747, 72.99999981569272, 73.99999981316796, 74.9999998106432, 75.99999980811845, 76.99999980559369, 77.99999980306893, 78.99999980054417, 79.99999979801942, 80.99999979549466, 81.9999997929699, 82.99999979044514, 83.99999978792039, 84.99999978539563, 85.99999978287087, 86.99999978034612, 87.99999977782136, 88.9999997752966, 89.99999977277184, 90.99999977024709, 91.99999976772233, 92.99999976519757, 93.99999976267281, 94.99999976014806, 95.9999997576233, 96.99999975509854, 97.99999975257379, 98.99999975004903, 99.99999974752427, 100.99999974499951, 101.99999974247476, 102.99999973995, 103.99999973742524, 104.99999973490048, 105.99999973237573, 106.99999972985097, 107.99999972732621, 108.99999972480146, 109.9999997222767, 110.99999971975194, 111.99999971722718, 112.99999971470243, 113.99999971217767, 114.99999970965291, 115.99999970712815, 116.9999997046034, 117.99999970207864, 118.99999969955388], "Index": [1.0, 2.0, 3.0, 4.0, 5.0, 6.0, 7.0, 8.0, 9.0, 10.0, 11.0, 12.0, 13.0, 14.0, 15.0, 16.0, 17.0, 18.0, 19.0, 20.0, 21.0, 22.0, 23.0, 24.0, 25.0, 26.0, 27.0, 28.0, 29.0, 30.0, 31.0, 32.0, 33.0, 34.0, 35.0, 36.0, 37.0, 38.0, 39.0, 40.0, 41.0, 42.0, 43.0, 44.0, 45.0, 46.0, 47.0, 48.0, 49.0, 50.0, 51.0, 52.0, 53.0, 54.0, 55.0, 56.0, 57.0, 58.0, 59.0, 60.0, 61.0, 62.0, 63.0, 64.0, 65.0, 66.0, 67.0, 68.0, 69.0, 70.0, 71.0, 72.0, 73.0, 74.0, 75.0, 76.0, 77.0, 78.0, 79.0, 80.0, 81.0, 82.0, 83.0, 84.0, 85.0, 86.0, 87.0, 88.0, 89.0, 90.0, 91.0, 92.0, 93.0, 94.0, 95.0, 96.0, 97.0, 98.0, 99.0, 100.0, 101.0, 102.0, 103.0, 104.0, 105.0, 106.0, 107.0, 108.0, 109.0, 110.0, 111.0, 112.0, 113.0, 114.0, 115.0, 116.0, 117.0, 118.0, 119.0, 120.0]}}