{"recordsignal": {"Time": [6511.079935561103, 6512.079935558579, 6513.079935556054, 6514.079935553529, 6515.079935551004, 6516.07993554848, 6517.079935545955, 6518.07993554343, 6519.079935540905, 6520.079935538381, 6521.079935535856, 6522.079935533331, 6523.079935530806, 6524.079935528282, 6525.079935525757, 6526.079935523232, 6527.079935520707, 6528.0799355181825, 6529.079935515658, 6530.079935513133, 6531.079935510608, 6532.0799355080835, 6533.079935505559, 6534.079935503034, 6535.079935500509, 6536.0799354979845, 6537.07993549546, 6538.079935492935, 6539.07993549041, 6540.079935487885, 6541.079935485361, 6542.079935482836, 6543.079935480311, 6544.079935477786, 6545.079935475262, 6546.079935472737, 6547.079935470212, 6548.079935467687, 6549.079935465163, 6550.079935462638, 6551.079935460113, 6552.079935457588, 6553.079935455064, 6554.079935452539, 6555.079935450014, 6556.079935447489, 6557.079935444965, 6558.07993544244, 6559.079935439915, 6560.07993543739, 6561.079935434866, 6562.079935432341, 6563.079935429816, 6564.079935427291, 6565.0799354247665, 6566.079935422242, 6567.079935419717, 6568.079935417192, 6569.0799354146675, 6570.079935412143, 6571.079935409618, 6572.079935407093, 6573.0799354045685, 6574.079935402044, 6575.079935399519, 6576.079935396994, 6577.079935394469, 6578.079935391945, 6579.07993538942, 6580.079935386895, 6581.07993538437, 6582.079935381846, 6583.079935379321, 6584.079935376796, 6585.079935374271, 6586.079935371747, 6587.079935369222, 6588.079935366697, 6589.079935364172, 6590.079935361648, 6591.079935359123, 6592.079935356598, 6593.079935354073, 6594.079935351549, 6595.079935349024, 6596.079935346499, 6597.079935343974, 6598.0799353414495, 6599.079935338925, 6600.0799353364, 6601.079935333875, 6602.0799353313505, 6603.079935328826, 6604.079935326301, 6605.079935323776, 6606.0799353212515, 6607.079935318727, 6608.079935316202, 6609.079935313677, 6610.079935311152, 6611.079935308628, 6612.079935306103, 6613.079935303578, 6614.079935301053, 6615.079935298529, 6616.079935296004, 6617.079935293479, 6618.079935290954, 6619.07993528843, 6620.079935285905, 6621.07993528338, 6622.079935280855, 6623.079935278331, 6624.079935275806, 6625.079935273281, 6626.079935270756, 6627.079935268232, 6628.079935265707, 6629.079935263182, 6630.079935260657], "WE(1).Potential": [0.292236328125, 0.285614013671875, 0.2874755859375, 0.252288818359375, 0.26519775390625, 0.253662109375, 0.307647705078125, 0.291748046875, 0.2767333984375, 0.256317138671875, 0.2620849609375, 0.25860595703125, 0.287567138671875, 0.314483642578125, 0.301849365234375, 0.298797607421875, 0.330841064453125, 0.33770751953125, 0.28668212890625, 0.316253662109375, 0.30401611328125, 0.265380859375, 0.274566650390625, 0.318023681640625, 0.34490966796875, 0.26470947265625, 0.286102294921875, 0.331878662109375, 0.251434326171875, 0.26275634765625, 0.254730224609375, 0.22735595703125, 0.2088623046875, 0.2391357421875, 0.21075439453125, 0.128997802734375, 0.134857177734375, 0.14642333984375, 0.11737060546875, 0.1, 0.08265380859375, 0.0583953857421875, 0.036676025390625006, 0.023846435546875003, 0.0344818115234375, 0.0339630126953125, 0.014617919921875, 0.022515869140625006, -0.01507568359375, 0.0090789794921875, 0.013269042968750006, -0.04317016601562501, -0.04877014160156251, -0.034860229492187506, 0.028652954101562503, -0.0007202148437499972, -0.05018310546875002, -0.04079895019531249, 0.015753173828124994, -0.003326416015625, -0.04298095703124999, 0.023611450195312494, -0.018197631835937506, -0.048303222656250006, -0.05264587402343751, -0.042764282226562506, 0.011788940429687506, 0.011221313476562494, -0.042501831054687494, -0.04052734375, -0.029016113281250006, -0.036080932617187506, 0.00970458984375, 0.03387451171875, 0.044403076171875, 0.01629638671875, -0.04622192382812501, -0.022778320312500003, -0.02581481933593749, 0.035595703125, -0.024752807617187497, -0.019601440429687506, 0.007427978515625003, -0.06257324218750002, 0.009033203125, -0.0538482666015625, -0.0018432617187500028, -0.040029907226562494, -0.007781982421875, 0.001220703125, 0.005523681640625, 0.0010620117187500056, -0.010690307617187506, -0.030603027343750006, -0.010427856445312494, 0.015600585937499994, 0.02423095703125, 0.0574462890625, 0.054205322265625, 0.0707244873046875, 0.0883880615234375, 0.09698486328125, 0.1011962890625, 0.124847412109375, 0.137969970703125, 0.12689208984375, 0.134552001953125, 0.162628173828125, 0.151031494140625, 0.119476318359375, 0.1217041015625, 0.17266845703125, 0.199188232421875, 0.147125244140625, 0.202362060546875, 0.179901123046875, 0.229339599609375, 0.18341064453125, 0.16021728515625, 0.192535400390625], "Corrected time": [0.0, 0.9999999974752427, 1.9999999949504854, 2.999999992425728, 3.999999989900971, 4.9999999873762135, 5.999999984851456, 6.999999982326699, 7.999999979801942, 8.999999977277184, 9.999999974752427, 10.99999997222767, 11.999999969702912, 12.999999967178155, 13.999999964653398, 14.99999996212864, 15.999999959603883, 16.999999957079126, 17.99999995455437, 18.99999995202961, 19.999999949504854, 20.999999946980097, 21.99999994445534, 22.999999941930582, 23.999999939405825, 24.999999936881068, 25.99999993435631, 26.999999931831553, 27.999999929306796, 28.99999992678204, 29.99999992425728, 30.999999921732524, 31.999999919207767, 32.99999991668301, 33.99999991415825, 34.999999911633495, 35.99999990910874, 36.99999990658398, 37.99999990405922, 38.999999901534466, 39.99999989900971, 40.99999989648495, 41.999999893960194, 42.999999891435436, 43.99999988891068, 44.99999988638592, 45.999999883861165, 46.99999988133641, 47.99999987881165, 48.99999987628689, 49.999999873762135, 50.99999987123738, 51.99999986871262, 52.99999986618786, 53.999999863663106, 54.99999986113835, 55.99999985861359, 56.999999856088834, 57.99999985356408, 58.99999985103932, 59.99999984851456, 60.999999845989805, 61.99999984346505, 62.99999984094029, 63.99999983841553, 64.99999983589078, 65.99999983336602, 66.99999983084126, 67.9999998283165, 68.99999982579175, 69.99999982326699, 70.99999982074223, 71.99999981821747, 72.99999981569272, 73.99999981316796, 74.9999998106432, 75.99999980811845, 76.99999980559369, 77.99999980306893, 78.99999980054417, 79.99999979801942, 80.99999979549466, 81.9999997929699, 82.99999979044514, 83.99999978792039, 84.99999978539563, 85.99999978287087, 86.99999978034612, 87.99999977782136, 88.9999997752966, 89.99999977277184, 90.99999977024709, 91.99999976772233, 92.99999976519757, 93.99999976267281, 94.99999976014806, 95.9999997576233, 96.99999975509854, 97.99999975257379, 98.99999975004903, 99.99999974752427, 100.99999974499951, 101.99999974247476, 102.99999973995, 103.99999973742524, 104.99999973490048, 105.99999973237573, 106.99999972985097, 107.99999972732621, 108.99999972480146, 109.9999997222767, 110.99999971975194, 111.99999971722718, 112.99999971470243, 113.99999971217767, 114.99999970965291, 115.99999970712815, 116.9999997046034, 117.99999970207864, 118.99999969955388], "Index": [1.0, 2.0, 3.0, 4.0, 5.0, 6.0, 7.0, 8.0, 9.0, 10.0, 11.0, 12.0, 13.0, 14.0, 15.0, 16.0, 17.0, 18.0, 19.0, 20.0, 21.0, 22.0, 23.0, 24.0, 25.0, 26.0, 27.0, 28.0, 29.0, 30.0, 31.0, 32.0, 33.0, 34.0, 35.0, 36.0, 37.0, 38.0, 39.0, 40.0, 41.0, 42.0, 43.0, 44.0, 45.0, 46.0, 47.0, 48.0, 49.0, 50.0, 51.0, 52.0, 53.0, 54.0, 55.0, 56.0, 57.0, 58.0, 59.0, 60.0, 61.0, 62.0, 63.0, 64.0, 65.0, 66.0, 67.0, 68.0, 69.0, 70.0, 71.0, 72.0, 73.0, 74.0, 75.0, 76.0, 77.0, 78.0, 79.0, 80.0, 81.0, 82.0, 83.0, 84.0, 85.0, 86.0, 87.0, 88.0, 89.0, 90.0, 91.0, 92.0, 93.0, 94.0, 95.0, 96.0, 97.0, 98.0, 99.0, 100.0, 101.0, 102.0, 103.0, 104.0, 105.0, 106.0, 107.0, 108.0, 109.0, 110.0, 111.0, 112.0, 113.0, 114.0, 115.0, 116.0, 117.0, 118.0, 119.0, 120.0]}}