{"recordsignal": {"Time": [5827.51061828695, 5828.510618284426, 5829.510618281901, 5830.510618279376, 5831.510618276851, 5832.510618274327, 5833.510618271802, 5834.510618269277, 5835.510618266752, 5836.510618264228, 5837.510618261703, 5838.510618259178, 5839.510618256653, 5840.5106182541285, 5841.510618251604, 5842.510618249079, 5843.510618246554, 5844.5106182440295, 5845.510618241505, 5846.51061823898, 5847.510618236455, 5848.5106182339305, 5849.510618231406, 5850.510618228881, 5851.510618226356, 5852.510618223831, 5853.510618221307, 5854.510618218782, 5855.510618216257, 5856.510618213732, 5857.510618211208, 5858.510618208683, 5859.510618206158, 5860.510618203633, 5861.510618201109, 5862.510618198584, 5863.510618196059, 5864.510618193534, 5865.51061819101, 5866.510618188485, 5867.51061818596, 5868.510618183435, 5869.510618180911, 5870.510618178386, 5871.510618175861, 5872.510618173336, 5873.5106181708115, 5874.510618168287, 5875.510618165762, 5876.510618163237, 5877.5106181607125, 5878.510618158188, 5879.510618155663, 5880.510618153138, 5881.5106181506135, 5882.510618148089, 5883.510618145564, 5884.510618143039, 5885.510618140514, 5886.51061813799, 5887.510618135465, 5888.51061813294, 5889.510618130415, 5890.510618127891, 5891.510618125366, 5892.510618122841, 5893.510618120316, 5894.510618117792, 5895.510618115267, 5896.510618112742, 5897.510618110217, 5898.510618107693, 5899.510618105168, 5900.510618102643, 5901.510618100118, 5902.510618097594, 5903.510618095069, 5904.510618092544, 5905.510618090019, 5906.510618087495, 5907.51061808497, 5908.510618082445, 5909.51061807992, 5910.5106180773955, 5911.510618074871, 5912.510618072346, 5913.510618069821, 5914.5106180672965, 5915.510618064772, 5916.510618062247, 5917.510618059722, 5918.5106180571975, 5919.510618054673, 5920.510618052148, 5921.510618049623, 5922.510618047098, 5923.510618044574, 5924.510618042049, 5925.510618039524, 5926.510618036999, 5927.510618034475, 5928.51061803195, 5929.510618029425, 5930.5106180269, 5931.510618024376, 5932.510618021851, 5933.510618019326, 5934.510618016801, 5935.510618014277, 5936.510618011752, 5937.510618009227, 5938.510618006702, 5939.510618004178, 5940.510618001653, 5941.510617999128, 5942.510617996603, 5943.5106179940785, 5944.510617991554, 5945.510617989029, 5946.510617986504], "WE(1).Potential": [-9.901123046875, -9.99969482421875, 0.152374267578125, 0.14764404296875, 0.107696533203125, 0.1629638671875, 0.1474609375, 0.114959716796875, 0.090789794921875, 0.081207275390625, 0.093017578125, 0.1190185546875, 0.11328125, 0.0872802734375, 0.110137939453125, 0.12664794921875, 0.13336181640625, 0.123687744140625, 0.101837158203125, 0.074615478515625, 0.058135986328125, 0.05401611328125, 0.1, 0.121856689453125, 0.076385498046875, 0.042022705078125, 0.04022216796875, 0.063446044921875, 0.118377685546875, 0.1, 0.1, 0.11676025390625, 0.087066650390625, 0.089691162109375, 0.0556640625, 0.033477783203125, 0.0929718017578125, 0.112762451171875, 0.110626220703125, 0.113433837890625, 0.09332275390625, 0.052215576171875, 0.05279541015625, 0.050201416015625, 0.086883544921875, 0.093536376953125, 0.036376953125, 0.0973297119140625, 0.101959228515625, 0.061614990234375, 0.0426025390625, 0.054534912109375, 0.057586669921875, 0.061431884765625, 0.061920166015625, 0.119293212890625, 0.133636474609375, 0.10296630859375, 0.11358642578125, 0.10418701171875, 0.131561279296875, 0.1190185546875, 0.10595703125, 0.068328857421875, 0.07122802734375, 0.083770751953125, 0.066741943359375, 0.091217041015625, 0.128662109375, 0.0850830078125, 0.088958740234375, 0.137847900390625, 0.121612548828125, 0.10430908203125, 0.113861083984375, 0.08740234375, 0.07080078125, 0.063629150390625, 0.122894287109375, 0.098968505859375, 0.094512939453125, 0.09197998046875, 0.082061767578125, 0.099639892578125, 0.1, 0.066192626953125, 0.121246337890625, 0.05645751953125, 0.0572509765625, 0.1, 0.09796142578125, 0.036651611328125, 0.1, 0.059967041015625, 0.0416259765625, 0.097076416015625, 0.029693603515625, 0.110870361328125, 0.030548095703125, 0.08660888671875, 0.1, 0.036376953125, 0.0984039306640625, 0.0848388671875, 0.063507080078125, 0.1, 0.09993896484375, 0.0758453369140625, 0.03057861328125, 0.030029296875, 0.030029296875, 0.05731201171875, 0.07965087890625, 0.0509033203125, 0.03436279296875, 0.0533447265625, 0.04864501953125, 0.1, 0.0960693359375, 0.07012939453125], "Corrected time": [0.0, 0.9999999974752427, 1.9999999949504854, 2.999999992425728, 3.999999989900971, 4.9999999873762135, 5.999999984851456, 6.999999982326699, 7.999999979801942, 8.999999977277184, 9.999999974752427, 10.99999997222767, 11.999999969702912, 12.999999967178155, 13.999999964653398, 14.99999996212864, 15.999999959603883, 16.999999957079126, 17.99999995455437, 18.99999995202961, 19.999999949504854, 20.999999946980097, 21.99999994445534, 22.999999941930582, 23.999999939405825, 24.999999936881068, 25.99999993435631, 26.999999931831553, 27.999999929306796, 28.99999992678204, 29.99999992425728, 30.999999921732524, 31.999999919207767, 32.99999991668301, 33.99999991415825, 34.999999911633495, 35.99999990910874, 36.99999990658398, 37.99999990405922, 38.999999901534466, 39.99999989900971, 40.99999989648495, 41.999999893960194, 42.999999891435436, 43.99999988891068, 44.99999988638592, 45.999999883861165, 46.99999988133641, 47.99999987881165, 48.99999987628689, 49.999999873762135, 50.99999987123738, 51.99999986871262, 52.99999986618786, 53.999999863663106, 54.99999986113835, 55.99999985861359, 56.999999856088834, 57.99999985356408, 58.99999985103932, 59.99999984851456, 60.999999845989805, 61.99999984346505, 62.99999984094029, 63.99999983841553, 64.99999983589078, 65.99999983336602, 66.99999983084126, 67.9999998283165, 68.99999982579175, 69.99999982326699, 70.99999982074223, 71.99999981821747, 72.99999981569272, 73.99999981316796, 74.9999998106432, 75.99999980811845, 76.99999980559369, 77.99999980306893, 78.99999980054417, 79.99999979801942, 80.99999979549466, 81.9999997929699, 82.99999979044514, 83.99999978792039, 84.99999978539563, 85.99999978287087, 86.99999978034612, 87.99999977782136, 88.9999997752966, 89.99999977277184, 90.99999977024709, 91.99999976772233, 92.99999976519757, 93.99999976267281, 94.99999976014806, 95.9999997576233, 96.99999975509854, 97.99999975257379, 98.99999975004903, 99.99999974752427, 100.99999974499951, 101.99999974247476, 102.99999973995, 103.99999973742524, 104.99999973490048, 105.99999973237573, 106.99999972985097, 107.99999972732621, 108.99999972480146, 109.9999997222767, 110.99999971975194, 111.99999971722718, 112.99999971470243, 113.99999971217767, 114.99999970965291, 115.99999970712815, 116.9999997046034, 117.99999970207864, 118.99999969955388], "Index": [1.0, 2.0, 3.0, 4.0, 5.0, 6.0, 7.0, 8.0, 9.0, 10.0, 11.0, 12.0, 13.0, 14.0, 15.0, 16.0, 17.0, 18.0, 19.0, 20.0, 21.0, 22.0, 23.0, 24.0, 25.0, 26.0, 27.0, 28.0, 29.0, 30.0, 31.0, 32.0, 33.0, 34.0, 35.0, 36.0, 37.0, 38.0, 39.0, 40.0, 41.0, 42.0, 43.0, 44.0, 45.0, 46.0, 47.0, 48.0, 49.0, 50.0, 51.0, 52.0, 53.0, 54.0, 55.0, 56.0, 57.0, 58.0, 59.0, 60.0, 61.0, 62.0, 63.0, 64.0, 65.0, 66.0, 67.0, 68.0, 69.0, 70.0, 71.0, 72.0, 73.0, 74.0, 75.0, 76.0, 77.0, 78.0, 79.0, 80.0, 81.0, 82.0, 83.0, 84.0, 85.0, 86.0, 87.0, 88.0, 89.0, 90.0, 91.0, 92.0, 93.0, 94.0, 95.0, 96.0, 97.0, 98.0, 99.0, 100.0, 101.0, 102.0, 103.0, 104.0, 105.0, 106.0, 107.0, 108.0, 109.0, 110.0, 111.0, 112.0, 113.0, 114.0, 115.0, 116.0, 117.0, 118.0, 119.0, 120.0]}}