{"recordsignal": {"Time": [6739.952074983257, 6740.9520749807325, 6741.952074978208, 6742.952074975683, 6743.952074973158, 6744.9520749706335, 6745.952074968109, 6746.952074965584, 6747.952074963059, 6748.952074960534, 6749.95207495801, 6750.952074955485, 6751.95207495296, 6752.952074950435, 6753.952074947911, 6754.952074945386, 6755.952074942861, 6756.952074940336, 6757.952074937812, 6758.952074935287, 6759.952074932762, 6760.952074930237, 6761.952074927713, 6762.952074925188, 6763.952074922663, 6764.952074920138, 6765.952074917614, 6766.952074915089, 6767.952074912564, 6768.952074910039, 6769.9520749075145, 6770.95207490499, 6771.952074902465, 6772.95207489994, 6773.9520748974155, 6774.952074894891, 6775.952074892366, 6776.952074889841, 6777.9520748873165, 6778.952074884792, 6779.952074882267, 6780.952074879742, 6781.9520748772175, 6782.952074874693, 6783.952074872168, 6784.952074869643, 6785.952074867118, 6786.952074864594, 6787.952074862069, 6788.952074859544, 6789.952074857019, 6790.952074854495, 6791.95207485197, 6792.952074849445, 6793.95207484692, 6794.952074844396, 6795.952074841871, 6796.952074839346, 6797.952074836821, 6798.952074834297, 6799.952074831772, 6800.952074829247, 6801.952074826722, 6802.952074824198, 6803.952074821673, 6804.952074819148, 6805.952074816623, 6806.9520748140985, 6807.952074811574, 6808.952074809049, 6809.952074806524, 6810.9520748039995, 6811.952074801475, 6812.95207479895, 6813.952074796425, 6814.9520747939005, 6815.952074791376, 6816.952074788851, 6817.952074786326, 6818.952074783801, 6819.952074781277, 6820.952074778752, 6821.952074776227, 6822.952074773702, 6823.952074771178, 6824.952074768653, 6825.952074766128, 6826.952074763603, 6827.952074761079, 6828.952074758554, 6829.952074756029, 6830.952074753504, 6831.95207475098, 6832.952074748455, 6833.95207474593, 6834.952074743405, 6835.952074740881, 6836.952074738356, 6837.952074735831, 6838.952074733306, 6839.9520747307815, 6840.952074728257, 6841.952074725732, 6842.952074723207, 6843.9520747206825, 6844.952074718158, 6845.952074715633, 6846.952074713108, 6847.9520747105835, 6848.952074708059, 6849.952074705534, 6850.952074703009, 6851.952074700484, 6852.95207469796, 6853.952074695435, 6854.95207469291, 6855.952074690385, 6856.952074687861, 6857.952074685336, 6858.952074682811], "WE(1).Potential": [0.228851318359375, 0.16754150390625, 0.2496337890625, 0.223358154296875, 0.189910888671875, 0.20086669921875, 0.247589111328125, 0.222808837890625, 0.19580078125, 0.2039794921875, 0.24737548828125, 0.241851806640625, 0.221160888671875, 0.21966552734375, 0.219451904296875, 0.216766357421875, 0.198333740234375, 0.15911865234375, 0.1248779296875, 0.152801513671875, 0.13323974609375, 0.1185302734375, 0.08331298828125, 0.115234375, 0.13067626953125, 0.1041259765625, 0.12591552734375, 0.1163330078125, 0.125732421875, 0.09649658203125, 0.04632568359375, 0.11822509765625, 0.0877685546875, 0.1212158203125, 0.1, 0.1, 0.04425048828125, 0.1, 0.05010986328125, 0.118499755859375, 0.1002197265625, 0.0482177734375, 0.11712646484375, 0.044921875, 0.11981201171875, 0.04351806640625, 0.124969482421875, 0.1, 0.11895751953125, 0.1, 0.1, 0.1, 0.1, 0.11187744140625, 0.081329345703125, 0.04779052734375, 0.11273193359375, 0.113739013671875, 0.1, 0.12091064453125, 0.0625, 0.046051025390625, 0.07659912109375, 0.123870849609375, 0.101715087890625, 0.057647705078125, 0.05328369140625, 0.05718994140625, 0.07025146484375, 0.097900390625, 0.12091064453125, 0.157135009765625, 0.14532470703125, 0.110260009765625, 0.184478759765625, 0.126434326171875, 0.12664794921875, 0.1328125, 0.13690185546875, 0.18450927734375, 0.216796875, 0.18048095703125, 0.175140380859375, 0.17266845703125, 0.175872802734375, 0.20892333984375, 0.1829833984375, 0.2052001953125, 0.176300048828125, 0.1556396484375, 0.14410400390625, 0.1746826171875, 0.207366943359375, 0.190887451171875, 0.1300048828125, 0.200347900390625, 0.204345703125, 0.150482177734375, 0.139373779296875, 0.148773193359375, 0.1177978515625, 0.1121826171875, 0.12322998046875, 0.112457275390625, 0.108489990234375, 0.165771484375, 0.157745361328125, 0.12078857421875, 0.116546630859375, 0.169464111328125, 0.118011474609375, 0.10308837890625, 0.143341064453125, 0.130218505859375, 0.12188720703125, 0.099456787109375, 0.097900390625, 0.12762451171875, 0.1138916015625, 0.096435546875], "Corrected time": [0.0, 0.9999999974752427, 1.9999999949504854, 2.999999992425728, 3.999999989900971, 4.9999999873762135, 5.999999984851456, 6.999999982326699, 7.999999979801942, 8.999999977277184, 9.999999974752427, 10.99999997222767, 11.999999969702912, 12.999999967178155, 13.999999964653398, 14.99999996212864, 15.999999959603883, 16.999999957079126, 17.99999995455437, 18.99999995202961, 19.999999949504854, 20.999999946980097, 21.99999994445534, 22.999999941930582, 23.999999939405825, 24.999999936881068, 25.99999993435631, 26.999999931831553, 27.999999929306796, 28.99999992678204, 29.99999992425728, 30.999999921732524, 31.999999919207767, 32.99999991668301, 33.99999991415825, 34.999999911633495, 35.99999990910874, 36.99999990658398, 37.99999990405922, 38.999999901534466, 39.99999989900971, 40.99999989648495, 41.999999893960194, 42.999999891435436, 43.99999988891068, 44.99999988638592, 45.999999883861165, 46.99999988133641, 47.99999987881165, 48.99999987628689, 49.999999873762135, 50.99999987123738, 51.99999986871262, 52.99999986618786, 53.999999863663106, 54.99999986113835, 55.99999985861359, 56.999999856088834, 57.99999985356408, 58.99999985103932, 59.99999984851456, 60.999999845989805, 61.99999984346505, 62.99999984094029, 63.99999983841553, 64.99999983589078, 65.99999983336602, 66.99999983084126, 67.9999998283165, 68.99999982579175, 69.99999982326699, 70.99999982074223, 71.99999981821747, 72.99999981569272, 73.99999981316796, 74.9999998106432, 75.99999980811845, 76.99999980559369, 77.99999980306893, 78.99999980054417, 79.99999979801942, 80.99999979549466, 81.9999997929699, 82.99999979044514, 83.99999978792039, 84.99999978539563, 85.99999978287087, 86.99999978034612, 87.99999977782136, 88.9999997752966, 89.99999977277184, 90.99999977024709, 91.99999976772233, 92.99999976519757, 93.99999976267281, 94.99999976014806, 95.9999997576233, 96.99999975509854, 97.99999975257379, 98.99999975004903, 99.99999974752427, 100.99999974499951, 101.99999974247476, 102.99999973995, 103.99999973742524, 104.99999973490048, 105.99999973237573, 106.99999972985097, 107.99999972732621, 108.99999972480146, 109.9999997222767, 110.99999971975194, 111.99999971722718, 112.99999971470243, 113.99999971217767, 114.99999970965291, 115.99999970712815, 116.9999997046034, 117.99999970207864, 118.99999969955388], "Index": [1.0, 2.0, 3.0, 4.0, 5.0, 6.0, 7.0, 8.0, 9.0, 10.0, 11.0, 12.0, 13.0, 14.0, 15.0, 16.0, 17.0, 18.0, 19.0, 20.0, 21.0, 22.0, 23.0, 24.0, 25.0, 26.0, 27.0, 28.0, 29.0, 30.0, 31.0, 32.0, 33.0, 34.0, 35.0, 36.0, 37.0, 38.0, 39.0, 40.0, 41.0, 42.0, 43.0, 44.0, 45.0, 46.0, 47.0, 48.0, 49.0, 50.0, 51.0, 52.0, 53.0, 54.0, 55.0, 56.0, 57.0, 58.0, 59.0, 60.0, 61.0, 62.0, 63.0, 64.0, 65.0, 66.0, 67.0, 68.0, 69.0, 70.0, 71.0, 72.0, 73.0, 74.0, 75.0, 76.0, 77.0, 78.0, 79.0, 80.0, 81.0, 82.0, 83.0, 84.0, 85.0, 86.0, 87.0, 88.0, 89.0, 90.0, 91.0, 92.0, 93.0, 94.0, 95.0, 96.0, 97.0, 98.0, 99.0, 100.0, 101.0, 102.0, 103.0, 104.0, 105.0, 106.0, 107.0, 108.0, 109.0, 110.0, 111.0, 112.0, 113.0, 114.0, 115.0, 116.0, 117.0, 118.0, 119.0, 120.0]}}