{"recordsignal": {"Time": [6054.897729712853, 6055.897729710328, 6056.897729707804, 6057.897729705279, 6058.897729702754, 6059.897729700229, 6060.897729697705, 6061.89772969518, 6062.897729692655, 6063.89772969013, 6064.8977296876055, 6065.897729685081, 6066.897729682556, 6067.897729680031, 6068.8977296775065, 6069.897729674982, 6070.897729672457, 6071.897729669932, 6072.8977296674075, 6073.897729664883, 6074.897729662358, 6075.897729659833, 6076.897729657308, 6077.897729654784, 6078.897729652259, 6079.897729649734, 6080.897729647209, 6081.897729644685, 6082.89772964216, 6083.897729639635, 6084.89772963711, 6085.897729634586, 6086.897729632061, 6087.897729629536, 6088.897729627011, 6089.897729624487, 6090.897729621962, 6091.897729619437, 6092.897729616912, 6093.897729614388, 6094.897729611863, 6095.897729609338, 6096.897729606813, 6097.8977296042885, 6098.897729601764, 6099.897729599239, 6100.897729596714, 6101.8977295941895, 6102.897729591665, 6103.89772958914, 6104.897729586615, 6105.8977295840905, 6106.897729581566, 6107.897729579041, 6108.897729576516, 6109.8977295739915, 6110.897729571467, 6111.897729568942, 6112.897729566417, 6113.897729563892, 6114.897729561368, 6115.897729558843, 6116.897729556318, 6117.897729553793, 6118.897729551269, 6119.897729548744, 6120.897729546219, 6121.897729543694, 6122.89772954117, 6123.897729538645, 6124.89772953612, 6125.897729533595, 6126.897729531071, 6127.897729528546, 6128.897729526021, 6129.897729523496, 6130.897729520972, 6131.897729518447, 6132.897729515922, 6133.897729513397, 6134.8977295108725, 6135.897729508348, 6136.897729505823, 6137.897729503298, 6138.8977295007735, 6139.897729498249, 6140.897729495724, 6141.897729493199, 6142.8977294906745, 6143.89772948815, 6144.897729485625, 6145.8977294831, 6146.897729480575, 6147.897729478051, 6148.897729475526, 6149.897729473001, 6150.897729470476, 6151.897729467952, 6152.897729465427, 6153.897729462902, 6154.897729460377, 6155.897729457853, 6156.897729455328, 6157.897729452803, 6158.897729450278, 6159.897729447754, 6160.897729445229, 6161.897729442704, 6162.897729440179, 6163.897729437655, 6164.89772943513, 6165.897729432605, 6166.89772943008, 6167.8977294275555, 6168.897729425031, 6169.897729422506, 6170.897729419981, 6171.8977294174565, 6172.897729414932, 6173.897729412407], "WE(1).Potential": [-9.99969482421875, -9.99969482421875, 0.1015625, 0.087982177734375, 0.094482421875, 0.089996337890625, 0.12890625, 0.156158447265625, 0.15557861328125, 0.085479736328125, 0.084320068359375, 0.0892333984375, 0.111053466796875, 0.12451171875, 0.16552734375, 0.1776123046875, 0.12408447265625, 0.118072509765625, 0.174102783203125, 0.16748046875, 0.10858154296875, 0.115692138671875, 0.123931884765625, 0.1072998046875, 0.16900634765625, 0.154296875, 0.140167236328125, 0.11505126953125, 0.090850830078125, 0.12152099609375, 0.136871337890625, 0.075927734375, 0.10931396484375, 0.121002197265625, 0.070465087890625, 0.07855224609375, 0.071868896484375, 0.05517578125, 0.06817626953125, 0.075225830078125, 0.1, 0.068389892578125, 0.040802001953125, 0.111846923828125, 0.041290283203125, 0.052764892578125, 0.1, 0.034759521484375, 0.09419860839843751, 0.052459716796875, 0.09052124023437501, 0.037506103515625, 0.041351318359375, 0.055328369140625, 0.03533935546875, 0.1, 0.03948974609375, 0.1, 0.045196533203125, 0.053448486328125, 0.00982666015625, 0.04193115234375, 0.1, 0.063018798828125, 0.12298583984375, 0.064117431640625, 0.13592529296875, 0.061614990234375, 0.085968017578125, 0.1009521484375, 0.087738037109375, 0.0792236328125, 0.110321044921875, 0.14715576171875, 0.094573974609375, 0.07305908203125, 0.076995849609375, 0.08984375, 0.08160400390625, 0.08013916015625, 0.146484375, 0.08233642578125, 0.116180419921875, 0.111724853515625, 0.150482177734375, 0.142822265625, 0.104034423828125, 0.08642578125, 0.104248046875, 0.162628173828125, 0.148193359375, 0.10400390625, 0.186065673828125, 0.10955810546875, 0.12603759765625, 0.13690185546875, 0.168792724609375, 0.15966796875, 0.09686279296875, 0.152008056640625, 0.12750244140625, 0.131195068359375, 0.128082275390625, 0.1212158203125, 0.113250732421875, 0.1202392578125, 0.09002685546875, 0.10675048828125, 0.14263916015625, 0.065338134765625, 0.142913818359375, 0.105072021484375, 0.078277587890625, 0.1, 0.050262451171875, 0.131805419921875, 0.0677490234375, 0.047576904296875, 0.099420166015625, 0.048919677734375], "Corrected time": [0.0, 0.9999999974752427, 1.9999999949504854, 2.999999992425728, 3.999999989900971, 4.9999999873762135, 5.999999984851456, 6.999999982326699, 7.999999979801942, 8.999999977277184, 9.999999974752427, 10.99999997222767, 11.999999969702912, 12.999999967178155, 13.999999964653398, 14.99999996212864, 15.999999959603883, 16.999999957079126, 17.99999995455437, 18.99999995202961, 19.999999949504854, 20.999999946980097, 21.99999994445534, 22.999999941930582, 23.999999939405825, 24.999999936881068, 25.99999993435631, 26.999999931831553, 27.999999929306796, 28.99999992678204, 29.99999992425728, 30.999999921732524, 31.999999919207767, 32.99999991668301, 33.99999991415825, 34.999999911633495, 35.99999990910874, 36.99999990658398, 37.99999990405922, 38.999999901534466, 39.99999989900971, 40.99999989648495, 41.999999893960194, 42.999999891435436, 43.99999988891068, 44.99999988638592, 45.999999883861165, 46.99999988133641, 47.99999987881165, 48.99999987628689, 49.999999873762135, 50.99999987123738, 51.99999986871262, 52.99999986618786, 53.999999863663106, 54.99999986113835, 55.99999985861359, 56.999999856088834, 57.99999985356408, 58.99999985103932, 59.99999984851456, 60.999999845989805, 61.99999984346505, 62.99999984094029, 63.99999983841553, 64.99999983589078, 65.99999983336602, 66.99999983084126, 67.9999998283165, 68.99999982579175, 69.99999982326699, 70.99999982074223, 71.99999981821747, 72.99999981569272, 73.99999981316796, 74.9999998106432, 75.99999980811845, 76.99999980559369, 77.99999980306893, 78.99999980054417, 79.99999979801942, 80.99999979549466, 81.9999997929699, 82.99999979044514, 83.99999978792039, 84.99999978539563, 85.99999978287087, 86.99999978034612, 87.99999977782136, 88.9999997752966, 89.99999977277184, 90.99999977024709, 91.99999976772233, 92.99999976519757, 93.99999976267281, 94.99999976014806, 95.9999997576233, 96.99999975509854, 97.99999975257379, 98.99999975004903, 99.99999974752427, 100.99999974499951, 101.99999974247476, 102.99999973995, 103.99999973742524, 104.99999973490048, 105.99999973237573, 106.99999972985097, 107.99999972732621, 108.99999972480146, 109.9999997222767, 110.99999971975194, 111.99999971722718, 112.99999971470243, 113.99999971217767, 114.99999970965291, 115.99999970712815, 116.9999997046034, 117.99999970207864, 118.99999969955388], "Index": [1.0, 2.0, 3.0, 4.0, 5.0, 6.0, 7.0, 8.0, 9.0, 10.0, 11.0, 12.0, 13.0, 14.0, 15.0, 16.0, 17.0, 18.0, 19.0, 20.0, 21.0, 22.0, 23.0, 24.0, 25.0, 26.0, 27.0, 28.0, 29.0, 30.0, 31.0, 32.0, 33.0, 34.0, 35.0, 36.0, 37.0, 38.0, 39.0, 40.0, 41.0, 42.0, 43.0, 44.0, 45.0, 46.0, 47.0, 48.0, 49.0, 50.0, 51.0, 52.0, 53.0, 54.0, 55.0, 56.0, 57.0, 58.0, 59.0, 60.0, 61.0, 62.0, 63.0, 64.0, 65.0, 66.0, 67.0, 68.0, 69.0, 70.0, 71.0, 72.0, 73.0, 74.0, 75.0, 76.0, 77.0, 78.0, 79.0, 80.0, 81.0, 82.0, 83.0, 84.0, 85.0, 86.0, 87.0, 88.0, 89.0, 90.0, 91.0, 92.0, 93.0, 94.0, 95.0, 96.0, 97.0, 98.0, 99.0, 100.0, 101.0, 102.0, 103.0, 104.0, 105.0, 106.0, 107.0, 108.0, 109.0, 110.0, 111.0, 112.0, 113.0, 114.0, 115.0, 116.0, 117.0, 118.0, 119.0, 120.0]}}