{"recordsignal": {"Time": [7655.529458671646, 7656.529458669122, 7657.529458666597, 7658.529458664072, 7659.529458661547, 7660.529458659023, 7661.529458656498, 7662.529458653973, 7663.529458651448, 7664.5294586489235, 7665.529458646399, 7666.529458643874, 7667.529458641349, 7668.5294586388245, 7669.5294586363, 7670.529458633775, 7671.52945863125, 7672.5294586287255, 7673.529458626201, 7674.529458623676, 7675.529458621151, 7676.529458618626, 7677.529458616102, 7678.529458613577, 7679.529458611052, 7680.529458608527, 7681.529458606003, 7682.529458603478, 7683.529458600953, 7684.529458598428, 7685.529458595904, 7686.529458593379, 7687.529458590854, 7688.529458588329, 7689.529458585805, 7690.52945858328, 7691.529458580755, 7692.52945857823, 7693.529458575706, 7694.529458573181, 7695.529458570656, 7696.529458568131, 7697.529458565607, 7698.529458563082, 7699.529458560557, 7700.529458558032, 7701.5294585555075, 7702.529458552983, 7703.529458550458, 7704.529458547933, 7705.5294585454085, 7706.529458542884, 7707.529458540359, 7708.529458537834, 7709.5294585353095, 7710.529458532785, 7711.52945853026, 7712.529458527735, 7713.52945852521, 7714.529458522686, 7715.529458520161, 7716.529458517636, 7717.529458515111, 7718.529458512587, 7719.529458510062, 7720.529458507537, 7721.529458505012, 7722.529458502488, 7723.529458499963, 7724.529458497438, 7725.529458494913, 7726.529458492389, 7727.529458489864, 7728.529458487339, 7729.529458484814, 7730.52945848229, 7731.529458479765, 7732.52945847724, 7733.529458474715, 7734.5294584721905, 7735.529458469666, 7736.529458467141, 7737.529458464616, 7738.5294584620915, 7739.529458459567, 7740.529458457042, 7741.529458454517, 7742.5294584519925, 7743.529458449468, 7744.529458446943, 7745.529458444418, 7746.529458441893, 7747.529458439369, 7748.529458436844, 7749.529458434319, 7750.529458431794, 7751.52945842927, 7752.529458426745, 7753.52945842422, 7754.529458421695, 7755.529458419171, 7756.529458416646, 7757.529458414121, 7758.529458411596, 7759.529458409072, 7760.529458406547, 7761.529458404022, 7762.529458401497, 7763.529458398973, 7764.529458396448, 7765.529458393923, 7766.529458391398, 7767.5294583888735, 7768.529458386349, 7769.529458383824, 7770.529458381299, 7771.5294583787745, 7772.52945837625, 7773.529458373725, 7774.5294583712], "WE(1).Potential": [-9.99969482421875, -9.99969482421875, -9.99969482421875, -9.99969482421875, -9.99969482421875, -9.99969482421875, -9.99969482421875, -9.99969482421875, -9.99969482421875, -9.99969482421875, -9.99969482421875, -9.99969482421875, -9.99969482421875, -9.99969482421875, -9.99969482421875, -9.99969482421875, -9.99969482421875, -9.99969482421875, -9.99969482421875, -9.99969482421875, -9.99969482421875, -9.99969482421875, -9.99969482421875, -9.99969482421875, -9.99969482421875, -9.99969482421875, -9.99969482421875, -9.99969482421875, -9.99969482421875, -9.99969482421875, -9.99969482421875, -9.99969482421875, -9.99969482421875, -9.99969482421875, -9.99969482421875, -9.99969482421875, -9.99969482421875, -9.99969482421875, -9.99969482421875, -9.99969482421875, -9.99969482421875, -9.99969482421875, -9.99969482421875, -9.99969482421875, -9.99969482421875, -9.99969482421875, -9.99969482421875, -9.99969482421875, -9.99969482421875, -9.99969482421875, -9.99969482421875, -9.99969482421875, -9.99969482421875, -9.99969482421875, -9.99969482421875, -9.99969482421875, -9.99969482421875, -9.99969482421875, -9.99969482421875, -9.99969482421875, -9.99969482421875, -9.99969482421875, -9.99969482421875, -9.99969482421875, -9.99969482421875, -9.99969482421875, -9.99969482421875, -9.99969482421875, -9.99969482421875, -9.99969482421875, -9.99969482421875, -9.99969482421875, -9.99969482421875, -9.99969482421875, -9.99969482421875, -9.99969482421875, -9.99969482421875, -9.99969482421875, -9.99969482421875, -9.99969482421875, -9.99969482421875, -9.99969482421875, -9.99969482421875, -9.99969482421875, -9.99969482421875, -9.99969482421875, -9.99969482421875, -9.99969482421875, -9.99969482421875, -9.99969482421875, -9.99969482421875, -9.99969482421875, -9.99969482421875, -9.99969482421875, -9.99969482421875, -9.99969482421875, -9.99969482421875, -9.99969482421875, -9.99969482421875, -9.99969482421875, -9.99969482421875, -9.99969482421875, -9.99969482421875, -9.99969482421875, -9.99969482421875, -9.99969482421875, -9.99969482421875, -9.99969482421875, -9.99969482421875, -9.99969482421875, -9.99969482421875, -9.99969482421875, -9.99969482421875, -9.99969482421875, -9.99969482421875, -9.99969482421875, -9.99969482421875, -9.99969482421875, -9.99969482421875, -9.99969482421875], "Corrected time": [0.0, 0.9999999974752427, 1.9999999949504854, 2.999999992425728, 3.999999989900971, 4.9999999873762135, 5.999999984851456, 6.999999982326699, 7.999999979801942, 8.999999977277184, 9.999999974752427, 10.99999997222767, 11.999999969702912, 12.999999967178155, 13.999999964653398, 14.99999996212864, 15.999999959603883, 16.999999957079126, 17.99999995455437, 18.99999995202961, 19.999999949504854, 20.999999946980097, 21.99999994445534, 22.999999941930582, 23.999999939405825, 24.999999936881068, 25.99999993435631, 26.999999931831553, 27.999999929306796, 28.99999992678204, 29.99999992425728, 30.999999921732524, 31.999999919207767, 32.99999991668301, 33.99999991415825, 34.999999911633495, 35.99999990910874, 36.99999990658398, 37.99999990405922, 38.999999901534466, 39.99999989900971, 40.99999989648495, 41.999999893960194, 42.999999891435436, 43.99999988891068, 44.99999988638592, 45.999999883861165, 46.99999988133641, 47.99999987881165, 48.99999987628689, 49.999999873762135, 50.99999987123738, 51.99999986871262, 52.99999986618786, 53.999999863663106, 54.99999986113835, 55.99999985861359, 56.999999856088834, 57.99999985356408, 58.99999985103932, 59.99999984851456, 60.999999845989805, 61.99999984346505, 62.99999984094029, 63.99999983841553, 64.99999983589078, 65.99999983336602, 66.99999983084126, 67.9999998283165, 68.99999982579175, 69.99999982326699, 70.99999982074223, 71.99999981821747, 72.99999981569272, 73.99999981316796, 74.9999998106432, 75.99999980811845, 76.99999980559369, 77.99999980306893, 78.99999980054417, 79.99999979801942, 80.99999979549466, 81.9999997929699, 82.99999979044514, 83.99999978792039, 84.99999978539563, 85.99999978287087, 86.99999978034612, 87.99999977782136, 88.9999997752966, 89.99999977277184, 90.99999977024709, 91.99999976772233, 92.99999976519757, 93.99999976267281, 94.99999976014806, 95.9999997576233, 96.99999975509854, 97.99999975257379, 98.99999975004903, 99.99999974752427, 100.99999974499951, 101.99999974247476, 102.99999973995, 103.99999973742524, 104.99999973490048, 105.99999973237573, 106.99999972985097, 107.99999972732621, 108.99999972480146, 109.9999997222767, 110.99999971975194, 111.99999971722718, 112.99999971470243, 113.99999971217767, 114.99999970965291, 115.99999970712815, 116.9999997046034, 117.99999970207864, 118.99999969955388], "Index": [1.0, 2.0, 3.0, 4.0, 5.0, 6.0, 7.0, 8.0, 9.0, 10.0, 11.0, 12.0, 13.0, 14.0, 15.0, 16.0, 17.0, 18.0, 19.0, 20.0, 21.0, 22.0, 23.0, 24.0, 25.0, 26.0, 27.0, 28.0, 29.0, 30.0, 31.0, 32.0, 33.0, 34.0, 35.0, 36.0, 37.0, 38.0, 39.0, 40.0, 41.0, 42.0, 43.0, 44.0, 45.0, 46.0, 47.0, 48.0, 49.0, 50.0, 51.0, 52.0, 53.0, 54.0, 55.0, 56.0, 57.0, 58.0, 59.0, 60.0, 61.0, 62.0, 63.0, 64.0, 65.0, 66.0, 67.0, 68.0, 69.0, 70.0, 71.0, 72.0, 73.0, 74.0, 75.0, 76.0, 77.0, 78.0, 79.0, 80.0, 81.0, 82.0, 83.0, 84.0, 85.0, 86.0, 87.0, 88.0, 89.0, 90.0, 91.0, 92.0, 93.0, 94.0, 95.0, 96.0, 97.0, 98.0, 99.0, 100.0, 101.0, 102.0, 103.0, 104.0, 105.0, 106.0, 107.0, 108.0, 109.0, 110.0, 111.0, 112.0, 113.0, 114.0, 115.0, 116.0, 117.0, 118.0, 119.0, 120.0]}}