{"recordsignal": {"Time": [8791.362821803943, 8792.362821801418, 8793.362821798893, 8794.362821796369, 8795.362821793844, 8796.36282179132, 8797.362821788794, 8798.36282178627, 8799.362821783745, 8800.36282178122, 8801.362821778695, 8802.36282177617, 8803.362821773646, 8804.362821771121, 8805.362821768596, 8806.362821766072, 8807.362821763547, 8808.362821761022, 8809.362821758497, 8810.362821755973, 8811.362821753448, 8812.362821750923, 8813.362821748398, 8814.362821745874, 8815.362821743349, 8816.362821740824, 8817.3628217383, 8818.362821735775, 8819.36282173325, 8820.362821730725, 8821.3628217282, 8822.362821725676, 8823.36282172315, 8824.362821720626, 8825.362821718101, 8826.362821715577, 8827.362821713052, 8828.362821710527, 8829.362821708002, 8830.362821705477, 8831.362821702953, 8832.362821700428, 8833.362821697903, 8834.362821695378, 8835.362821692854, 8836.362821690329, 8837.362821687804, 8838.36282168528, 8839.362821682755, 8840.36282168023, 8841.362821677705, 8842.36282167518, 8843.362821672656, 8844.36282167013, 8845.362821667606, 8846.362821665081, 8847.362821662557, 8848.362821660032, 8849.362821657507, 8850.362821654982, 8851.362821652458, 8852.362821649933, 8853.362821647408, 8854.362821644883, 8855.362821642359, 8856.362821639834, 8857.362821637309, 8858.362821634784, 8859.36282163226, 8860.362821629735, 8861.36282162721, 8862.362821624685, 8863.36282162216, 8864.362821619636, 8865.362821617111, 8866.362821614586, 8867.362821612061, 8868.362821609537, 8869.362821607012, 8870.362821604487, 8871.362821601962, 8872.362821599438, 8873.362821596913, 8874.362821594388, 8875.362821591863, 8876.362821589339, 8877.362821586814, 8878.36282158429, 8879.362821581764, 8880.36282157924, 8881.362821576715, 8882.36282157419, 8883.362821571665, 8884.36282156914, 8885.362821566616, 8886.362821564091, 8887.362821561566, 8888.362821559042, 8889.362821556517, 8890.362821553992, 8891.362821551467, 8892.362821548943, 8893.362821546418, 8894.362821543893, 8895.362821541368, 8896.362821538843, 8897.362821536319, 8898.362821533794, 8899.36282153127, 8900.362821528744, 8901.36282152622, 8902.362821523695, 8903.36282152117, 8904.362821518645, 8905.36282151612, 8906.362821513596, 8907.362821511071, 8908.362821508546, 8909.362821506022, 8910.362821503497], "WE(1).Potential": [0.064117431640625, 0.052490234375, 0.12274169921875, 0.133758544921875, 0.06658935546875, 0.05889892578125, 0.074310302734375, 0.136932373046875, 0.078216552734375, 0.112579345703125, 0.139892578125, 0.073211669921875, 0.085540771484375, 0.13922119140625, 0.120635986328125, 0.05877685546875, 0.13214111328125, 0.1044921875, 0.061248779296875, 0.091705322265625, 0.107666015625, 0.086334228515625, 0.086029052734375, 0.076324462890625, 0.138092041015625, 0.061431884765625, 0.06036376953125, 0.074493408203125, 0.090667724609375, 0.1181640625, 0.102447509765625, 0.0574951171875, 0.131866455078125, 0.112579345703125, 0.085418701171875, 0.074951171875, 0.068939208984375, 0.076416015625, 0.07879638671875, 0.065948486328125, 0.062652587890625, 0.102630615234375, 0.08941650390625, 0.119049072265625, 0.1278076171875, 0.11468505859375, 0.12030029296875, 0.10394287109375, 0.0653076171875, 0.08599853515625, 0.1, 0.124664306640625, 0.11334228515625, 0.119903564453125, 0.082611083984375, 0.11590576171875, 0.054290771484375, 0.118194580078125, 0.041290283203125, 0.112091064453125, 0.04669189453125, 0.040069580078125, 0.053955078125, 0.1, 0.09068908691406251, 0.053314208984375, 0.037750244140625, 0.09212341308593751, 0.086181640625, 0.070831298828125, 0.07220458984375, 0.094940185546875, 0.0867919921875, 0.11810302734375, 0.1, 0.11920166015625, 0.114105224609375, 0.085845947265625, 0.06048583984375, 0.04193115234375, 0.121063232421875, 0.0435791015625, 0.1, 0.08538818359375, 0.056182861328125, 0.1, 0.049224853515625, 0.1, 0.1102294921875, 0.052520751953125, 0.1171875, 0.133636474609375, 0.11968994140625, 0.13299560546875, 0.056976318359375, 0.114654541015625, 0.083953857421875, 0.12030029296875, 0.067901611328125, 0.103546142578125, 0.10992431640625, 0.077728271484375, 0.103668212890625, 0.068756103515625, 0.133392333984375, 0.05999755859375, 0.1009521484375, 0.1055908203125, 0.089630126953125, 0.099853515625, 0.116180419921875, 0.058685302734375, 0.1319580078125, 0.059661865234375, 0.12872314453125, 0.08123779296875, 0.051361083984375, 0.1, 0.052032470703125, 0.09088134765625], "Corrected time": [0.0, 0.9999999974752427, 1.9999999949504854, 2.999999992425728, 3.999999989900971, 4.9999999873762135, 5.999999984851456, 6.999999982326699, 7.999999979801942, 8.999999977277184, 9.999999974752427, 10.99999997222767, 11.999999969702912, 12.999999967178155, 13.999999964653398, 14.99999996212864, 15.999999959603883, 16.999999957079126, 17.99999995455437, 18.99999995202961, 19.999999949504854, 20.999999946980097, 21.99999994445534, 22.999999941930582, 23.999999939405825, 24.999999936881068, 25.99999993435631, 26.999999931831553, 27.999999929306796, 28.99999992678204, 29.99999992425728, 30.999999921732524, 31.999999919207767, 32.99999991668301, 33.99999991415825, 34.999999911633495, 35.99999990910874, 36.99999990658398, 37.99999990405922, 38.999999901534466, 39.99999989900971, 40.99999989648495, 41.999999893960194, 42.999999891435436, 43.99999988891068, 44.99999988638592, 45.999999883861165, 46.99999988133641, 47.99999987881165, 48.99999987628689, 49.999999873762135, 50.99999987123738, 51.99999986871262, 52.99999986618786, 53.999999863663106, 54.99999986113835, 55.99999985861359, 56.999999856088834, 57.99999985356408, 58.99999985103932, 59.99999984851456, 60.999999845989805, 61.99999984346505, 62.99999984094029, 63.99999983841553, 64.99999983589078, 65.99999983336602, 66.99999983084126, 67.9999998283165, 68.99999982579175, 69.99999982326699, 70.99999982074223, 71.99999981821747, 72.99999981569272, 73.99999981316796, 74.9999998106432, 75.99999980811845, 76.99999980559369, 77.99999980306893, 78.99999980054417, 79.99999979801942, 80.99999979549466, 81.9999997929699, 82.99999979044514, 83.99999978792039, 84.99999978539563, 85.99999978287087, 86.99999978034612, 87.99999977782136, 88.9999997752966, 89.99999977277184, 90.99999977024709, 91.99999976772233, 92.99999976519757, 93.99999976267281, 94.99999976014806, 95.9999997576233, 96.99999975509854, 97.99999975257379, 98.99999975004903, 99.99999974752427, 100.99999974499951, 101.99999974247476, 102.99999973995, 103.99999973742524, 104.99999973490048, 105.99999973237573, 106.99999972985097, 107.99999972732621, 108.99999972480146, 109.9999997222767, 110.99999971975194, 111.99999971722718, 112.99999971470243, 113.99999971217767, 114.99999970965291, 115.99999970712815, 116.9999997046034, 117.99999970207864, 118.99999969955388], "Index": [1.0, 2.0, 3.0, 4.0, 5.0, 6.0, 7.0, 8.0, 9.0, 10.0, 11.0, 12.0, 13.0, 14.0, 15.0, 16.0, 17.0, 18.0, 19.0, 20.0, 21.0, 22.0, 23.0, 24.0, 25.0, 26.0, 27.0, 28.0, 29.0, 30.0, 31.0, 32.0, 33.0, 34.0, 35.0, 36.0, 37.0, 38.0, 39.0, 40.0, 41.0, 42.0, 43.0, 44.0, 45.0, 46.0, 47.0, 48.0, 49.0, 50.0, 51.0, 52.0, 53.0, 54.0, 55.0, 56.0, 57.0, 58.0, 59.0, 60.0, 61.0, 62.0, 63.0, 64.0, 65.0, 66.0, 67.0, 68.0, 69.0, 70.0, 71.0, 72.0, 73.0, 74.0, 75.0, 76.0, 77.0, 78.0, 79.0, 80.0, 81.0, 82.0, 83.0, 84.0, 85.0, 86.0, 87.0, 88.0, 89.0, 90.0, 91.0, 92.0, 93.0, 94.0, 95.0, 96.0, 97.0, 98.0, 99.0, 100.0, 101.0, 102.0, 103.0, 104.0, 105.0, 106.0, 107.0, 108.0, 109.0, 110.0, 111.0, 112.0, 113.0, 114.0, 115.0, 116.0, 117.0, 118.0, 119.0, 120.0]}}