{"recordsignal": {"Time": [7199.091383824041, 7200.0913838215165, 7201.091383818992, 7202.091383816467, 7203.091383813942, 7204.0913838114175, 7205.091383808893, 7206.091383806368, 7207.091383803843, 7208.091383801318, 7209.091383798794, 7210.091383796269, 7211.091383793744, 7212.091383791219, 7213.091383788695, 7214.09138378617, 7215.091383783645, 7216.09138378112, 7217.091383778596, 7218.091383776071, 7219.091383773546, 7220.091383771021, 7221.091383768497, 7222.091383765972, 7223.091383763447, 7224.091383760922, 7225.091383758398, 7226.091383755873, 7227.091383753348, 7228.091383750823, 7229.0913837482985, 7230.091383745774, 7231.091383743249, 7232.091383740724, 7233.0913837381995, 7234.091383735675, 7235.09138373315, 7236.091383730625, 7237.0913837281005, 7238.091383725576, 7239.091383723051, 7240.091383720526, 7241.091383718001, 7242.091383715477, 7243.091383712952, 7244.091383710427, 7245.091383707902, 7246.091383705378, 7247.091383702853, 7248.091383700328, 7249.091383697803, 7250.091383695279, 7251.091383692754, 7252.091383690229, 7253.091383687704, 7254.09138368518, 7255.091383682655, 7256.09138368013, 7257.091383677605, 7258.091383675081, 7259.091383672556, 7260.091383670031, 7261.091383667506, 7262.091383664982, 7263.091383662457, 7264.091383659932, 7265.091383657407, 7266.0913836548825, 7267.091383652358, 7268.091383649833, 7269.091383647308, 7270.0913836447835, 7271.091383642259, 7272.091383639734, 7273.091383637209, 7274.0913836346845, 7275.09138363216, 7276.091383629635, 7277.09138362711, 7278.091383624585, 7279.091383622061, 7280.091383619536, 7281.091383617011, 7282.091383614486, 7283.091383611962, 7284.091383609437, 7285.091383606912, 7286.091383604387, 7287.091383601863, 7288.091383599338, 7289.091383596813, 7290.091383594288, 7291.091383591764, 7292.091383589239, 7293.091383586714, 7294.091383584189, 7295.091383581665, 7296.09138357914, 7297.091383576615, 7298.09138357409, 7299.0913835715655, 7300.091383569041, 7301.091383566516, 7302.091383563991, 7303.0913835614665, 7304.091383558942, 7305.091383556417, 7306.091383553892, 7307.0913835513675, 7308.091383548843, 7309.091383546318, 7310.091383543793, 7311.091383541268, 7312.091383538744, 7313.091383536219, 7314.091383533694, 7315.091383531169, 7316.091383528645, 7317.09138352612, 7318.091383523595], "WE(1).Potential": [-9.99969482421875, -9.99969482421875, -9.99969482421875, -9.99969482421875, -9.99969482421875, -9.99969482421875, -9.99969482421875, -9.99969482421875, -9.99969482421875, -9.99969482421875, -9.99969482421875, -9.99969482421875, -9.99969482421875, -9.99969482421875, -9.99969482421875, -9.99969482421875, -9.99969482421875, -9.99969482421875, -9.99969482421875, -9.99969482421875, -9.99969482421875, -9.99969482421875, -9.99969482421875, -9.99969482421875, -9.99969482421875, -9.99969482421875, -9.99969482421875, -9.99969482421875, -9.99969482421875, -9.99969482421875, -9.99969482421875, -9.99969482421875, -9.99969482421875, -9.99969482421875, -9.99969482421875, -9.99969482421875, -9.99969482421875, -9.99969482421875, -9.99969482421875, -9.99969482421875, -9.99969482421875, -9.99969482421875, -9.99969482421875, -9.99969482421875, -9.99969482421875, -9.99969482421875, -9.99969482421875, -9.99969482421875, -9.99969482421875, -9.99969482421875, -9.99969482421875, -9.99969482421875, -9.99969482421875, -9.99969482421875, -9.99969482421875, -9.99969482421875, -9.99969482421875, -9.99969482421875, -9.99969482421875, -9.99969482421875, -9.99969482421875, -9.99969482421875, -9.99969482421875, -9.99969482421875, -9.99969482421875, -9.99969482421875, -9.99969482421875, -9.99969482421875, -9.99969482421875, -9.99969482421875, -9.99969482421875, -9.99969482421875, -9.99969482421875, -9.99969482421875, -9.99969482421875, -9.99969482421875, -9.99969482421875, -9.99969482421875, -9.99969482421875, -9.99969482421875, -9.99969482421875, -9.99969482421875, -9.99969482421875, -9.99969482421875, -9.99969482421875, -9.99969482421875, -9.99969482421875, -9.99969482421875, -9.99969482421875, -9.99969482421875, -9.99969482421875, -9.99969482421875, -9.99969482421875, -9.99969482421875, -9.99969482421875, -9.99969482421875, -9.99969482421875, -9.99969482421875, -9.99969482421875, -9.99969482421875, -9.99969482421875, -9.99969482421875, -9.99969482421875, -9.99969482421875, -9.99969482421875, -9.99969482421875, -9.99969482421875, -9.99969482421875, -9.99969482421875, -9.99969482421875, -9.99969482421875, -9.99969482421875, -9.99969482421875, -9.99969482421875, -9.99969482421875, -9.99969482421875, -9.99969482421875, -9.99969482421875, -9.99969482421875, -9.99969482421875], "Corrected time": [0.0, 0.9999999974752427, 1.9999999949504854, 2.999999992425728, 3.999999989900971, 4.9999999873762135, 5.999999984851456, 6.999999982326699, 7.999999979801942, 8.999999977277184, 9.999999974752427, 10.99999997222767, 11.999999969702912, 12.999999967178155, 13.999999964653398, 14.99999996212864, 15.999999959603883, 16.999999957079126, 17.99999995455437, 18.99999995202961, 19.999999949504854, 20.999999946980097, 21.99999994445534, 22.999999941930582, 23.999999939405825, 24.999999936881068, 25.99999993435631, 26.999999931831553, 27.999999929306796, 28.99999992678204, 29.99999992425728, 30.999999921732524, 31.999999919207767, 32.99999991668301, 33.99999991415825, 34.999999911633495, 35.99999990910874, 36.99999990658398, 37.99999990405922, 38.999999901534466, 39.99999989900971, 40.99999989648495, 41.999999893960194, 42.999999891435436, 43.99999988891068, 44.99999988638592, 45.999999883861165, 46.99999988133641, 47.99999987881165, 48.99999987628689, 49.999999873762135, 50.99999987123738, 51.99999986871262, 52.99999986618786, 53.999999863663106, 54.99999986113835, 55.99999985861359, 56.999999856088834, 57.99999985356408, 58.99999985103932, 59.99999984851456, 60.999999845989805, 61.99999984346505, 62.99999984094029, 63.99999983841553, 64.99999983589078, 65.99999983336602, 66.99999983084126, 67.9999998283165, 68.99999982579175, 69.99999982326699, 70.99999982074223, 71.99999981821747, 72.99999981569272, 73.99999981316796, 74.9999998106432, 75.99999980811845, 76.99999980559369, 77.99999980306893, 78.99999980054417, 79.99999979801942, 80.99999979549466, 81.9999997929699, 82.99999979044514, 83.99999978792039, 84.99999978539563, 85.99999978287087, 86.99999978034612, 87.99999977782136, 88.9999997752966, 89.99999977277184, 90.99999977024709, 91.99999976772233, 92.99999976519757, 93.99999976267281, 94.99999976014806, 95.9999997576233, 96.99999975509854, 97.99999975257379, 98.99999975004903, 99.99999974752427, 100.99999974499951, 101.99999974247476, 102.99999973995, 103.99999973742524, 104.99999973490048, 105.99999973237573, 106.99999972985097, 107.99999972732621, 108.99999972480146, 109.9999997222767, 110.99999971975194, 111.99999971722718, 112.99999971470243, 113.99999971217767, 114.99999970965291, 115.99999970712815, 116.9999997046034, 117.99999970207864, 118.99999969955388], "Index": [1.0, 2.0, 3.0, 4.0, 5.0, 6.0, 7.0, 8.0, 9.0, 10.0, 11.0, 12.0, 13.0, 14.0, 15.0, 16.0, 17.0, 18.0, 19.0, 20.0, 21.0, 22.0, 23.0, 24.0, 25.0, 26.0, 27.0, 28.0, 29.0, 30.0, 31.0, 32.0, 33.0, 34.0, 35.0, 36.0, 37.0, 38.0, 39.0, 40.0, 41.0, 42.0, 43.0, 44.0, 45.0, 46.0, 47.0, 48.0, 49.0, 50.0, 51.0, 52.0, 53.0, 54.0, 55.0, 56.0, 57.0, 58.0, 59.0, 60.0, 61.0, 62.0, 63.0, 64.0, 65.0, 66.0, 67.0, 68.0, 69.0, 70.0, 71.0, 72.0, 73.0, 74.0, 75.0, 76.0, 77.0, 78.0, 79.0, 80.0, 81.0, 82.0, 83.0, 84.0, 85.0, 86.0, 87.0, 88.0, 89.0, 90.0, 91.0, 92.0, 93.0, 94.0, 95.0, 96.0, 97.0, 98.0, 99.0, 100.0, 101.0, 102.0, 103.0, 104.0, 105.0, 106.0, 107.0, 108.0, 109.0, 110.0, 111.0, 112.0, 113.0, 114.0, 115.0, 116.0, 117.0, 118.0, 119.0, 120.0]}}