{"recordsignal": {"Time": [8119.519764500184, 8120.519764497659, 8121.519764495134, 8122.519764492609, 8123.5197644900845, 8124.51976448756, 8125.519764485035, 8126.51976448251, 8127.5197644799855, 8128.519764477461, 8129.519764474936, 8130.519764472411, 8131.5197644698865, 8132.519764467362, 8133.519764464837, 8134.519764462312, 8135.519764459787, 8136.519764457263, 8137.519764454738, 8138.519764452213, 8139.519764449688, 8140.519764447164, 8141.519764444639, 8142.519764442114, 8143.519764439589, 8144.519764437065, 8145.51976443454, 8146.519764432015, 8147.51976442949, 8148.519764426966, 8149.519764424441, 8150.519764421916, 8151.519764419391, 8152.519764416867, 8153.519764414342, 8154.519764411817, 8155.519764409292, 8156.5197644067675, 8157.519764404243, 8158.519764401718, 8159.519764399193, 8160.5197643966685, 8161.519764394144, 8162.519764391619, 8163.519764389094, 8164.5197643865695, 8165.519764384045, 8166.51976438152, 8167.519764378995, 8168.51976437647, 8169.519764373946, 8170.519764371421, 8171.519764368896, 8172.519764366371, 8173.519764363847, 8174.519764361322, 8175.519764358797, 8176.519764356272, 8177.519764353748, 8178.519764351223, 8179.519764348698, 8180.519764346173, 8181.519764343649, 8182.519764341124, 8183.519764338599, 8184.519764336074, 8185.51976433355, 8186.519764331025, 8187.5197643285, 8188.519764325975, 8189.5197643234505, 8190.519764320926, 8191.519764318401, 8192.519764315875, 8193.51976431335, 8194.519764310826, 8195.519764308301, 8196.519764305776, 8197.519764303252, 8198.519764300727, 8199.519764298202, 8200.519764295677, 8201.519764293153, 8202.519764290628, 8203.519764288103, 8204.519764285578, 8205.519764283054, 8206.519764280529, 8207.519764278004, 8208.51976427548, 8209.519764272954, 8210.51976427043, 8211.519764267905, 8212.51976426538, 8213.519764262855, 8214.51976426033, 8215.519764257806, 8216.519764255281, 8217.519764252756, 8218.519764250232, 8219.519764247707, 8220.519764245182, 8221.519764242657, 8222.519764240133, 8223.519764237608, 8224.519764235083, 8225.519764232558, 8226.519764230034, 8227.519764227509, 8228.519764224984, 8229.51976422246, 8230.519764219935, 8231.51976421741, 8232.519764214885, 8233.51976421236, 8234.519764209836, 8235.51976420731, 8236.519764204786, 8237.519764202261, 8238.519764199737], "WE(1).Potential": [0.1226806640625, 0.17364501953125, 0.11773681640625, 0.146240234375, 0.11907958984375, 0.175079345703125, 0.11962890625, 0.18511962890625, 0.169036865234375, 0.141326904296875, 0.136383056640625, 0.139404296875, 0.14013671875, 0.112091064453125, 0.140045166015625, 0.191131591796875, 0.1312255859375, 0.131591796875, 0.124420166015625, 0.192779541015625, 0.121917724609375, 0.18695068359375, 0.1168212890625, 0.129730224609375, 0.15509033203125, 0.194671630859375, 0.136688232421875, 0.16510009765625, 0.161285400390625, 0.156982421875, 0.192169189453125, 0.167755126953125, 0.121856689453125, 0.1416015625, 0.1854248046875, 0.130035400390625, 0.1639404296875, 0.198699951171875, 0.1317138671875, 0.123748779296875, 0.142974853515625, 0.169891357421875, 0.1956787109375, 0.157470703125, 0.162628173828125, 0.139434814453125, 0.113739013671875, 0.121826171875, 0.18218994140625, 0.1348876953125, 0.100341796875, 0.15887451171875, 0.08721923828125, 0.12957763671875, 0.138824462890625, 0.140289306640625, 0.135406494140625, 0.105499267578125, 0.063720703125, 0.103118896484375, 0.124481201171875, 0.060699462890625, 0.129119873046875, 0.073577880859375, 0.0565185546875, 0.10870361328125, 0.132537841796875, 0.060272216796875, 0.075531005859375, 0.116180419921875, 0.093475341796875, 0.051971435546875, 0.100341796875, 0.129547119140625, 0.085052490234375, 0.05010986328125, 0.066162109375, 0.115478515625, 0.128143310546875, 0.112091064453125, 0.076690673828125, 0.0748291015625, 0.050079345703125, 0.122314453125, 0.1224365234375, 0.13134765625, 0.110107421875, 0.140380859375, 0.079071044921875, 0.08709716796875, 0.134765625, 0.113922119140625, 0.102691650390625, 0.133575439453125, 0.139404296875, 0.16973876953125, 0.151641845703125, 0.159881591796875, 0.15008544921875, 0.138763427734375, 0.140716552734375, 0.173828125, 0.17218017578125, 0.1673583984375, 0.151458740234375, 0.172821044921875, 0.1904296875, 0.191497802734375, 0.1749267578125, 0.1243896484375, 0.143585205078125, 0.178955078125, 0.18511962890625, 0.193817138671875, 0.193267822265625, 0.12579345703125, 0.132843017578125, 0.177459716796875, 0.178497314453125, 0.178558349609375], "Corrected time": [0.0, 0.9999999974752427, 1.9999999949504854, 2.999999992425728, 3.999999989900971, 4.9999999873762135, 5.999999984851456, 6.999999982326699, 7.999999979801942, 8.999999977277184, 9.999999974752427, 10.99999997222767, 11.999999969702912, 12.999999967178155, 13.999999964653398, 14.99999996212864, 15.999999959603883, 16.999999957079126, 17.99999995455437, 18.99999995202961, 19.999999949504854, 20.999999946980097, 21.99999994445534, 22.999999941930582, 23.999999939405825, 24.999999936881068, 25.99999993435631, 26.999999931831553, 27.999999929306796, 28.99999992678204, 29.99999992425728, 30.999999921732524, 31.999999919207767, 32.99999991668301, 33.99999991415825, 34.999999911633495, 35.99999990910874, 36.99999990658398, 37.99999990405922, 38.999999901534466, 39.99999989900971, 40.99999989648495, 41.999999893960194, 42.999999891435436, 43.99999988891068, 44.99999988638592, 45.999999883861165, 46.99999988133641, 47.99999987881165, 48.99999987628689, 49.999999873762135, 50.99999987123738, 51.99999986871262, 52.99999986618786, 53.999999863663106, 54.99999986113835, 55.99999985861359, 56.999999856088834, 57.99999985356408, 58.99999985103932, 59.99999984851456, 60.999999845989805, 61.99999984346505, 62.99999984094029, 63.99999983841553, 64.99999983589078, 65.99999983336602, 66.99999983084126, 67.9999998283165, 68.99999982579175, 69.99999982326699, 70.99999982074223, 71.99999981821747, 72.99999981569181, 73.99999981316705, 74.9999998106423, 75.99999980811754, 76.99999980559278, 77.99999980306802, 78.99999980054326, 79.99999979801851, 80.99999979549375, 81.99999979296899, 82.99999979044424, 83.99999978791948, 84.99999978539472, 85.99999978286996, 86.9999997803452, 87.99999977782045, 88.99999977529569, 89.99999977277093, 90.99999977024618, 91.99999976772142, 92.99999976519666, 93.9999997626719, 94.99999976014715, 95.99999975762239, 96.99999975509763, 97.99999975257288, 98.99999975004812, 99.99999974752336, 100.9999997449986, 101.99999974247385, 102.99999973994909, 103.99999973742433, 104.99999973489957, 105.99999973237482, 106.99999972985006, 107.9999997273253, 108.99999972480055, 109.99999972227579, 110.99999971975103, 111.99999971722627, 112.99999971470152, 113.99999971217676, 114.999999709652, 115.99999970712724, 116.99999970460249, 117.99999970207773, 118.99999969955297], "Index": [1.0, 2.0, 3.0, 4.0, 5.0, 6.0, 7.0, 8.0, 9.0, 10.0, 11.0, 12.0, 13.0, 14.0, 15.0, 16.0, 17.0, 18.0, 19.0, 20.0, 21.0, 22.0, 23.0, 24.0, 25.0, 26.0, 27.0, 28.0, 29.0, 30.0, 31.0, 32.0, 33.0, 34.0, 35.0, 36.0, 37.0, 38.0, 39.0, 40.0, 41.0, 42.0, 43.0, 44.0, 45.0, 46.0, 47.0, 48.0, 49.0, 50.0, 51.0, 52.0, 53.0, 54.0, 55.0, 56.0, 57.0, 58.0, 59.0, 60.0, 61.0, 62.0, 63.0, 64.0, 65.0, 66.0, 67.0, 68.0, 69.0, 70.0, 71.0, 72.0, 73.0, 74.0, 75.0, 76.0, 77.0, 78.0, 79.0, 80.0, 81.0, 82.0, 83.0, 84.0, 85.0, 86.0, 87.0, 88.0, 89.0, 90.0, 91.0, 92.0, 93.0, 94.0, 95.0, 96.0, 97.0, 98.0, 99.0, 100.0, 101.0, 102.0, 103.0, 104.0, 105.0, 106.0, 107.0, 108.0, 109.0, 110.0, 111.0, 112.0, 113.0, 114.0, 115.0, 116.0, 117.0, 118.0, 119.0, 120.0]}}