{"recordsignal": {"Time": [827.8627189098476, 828.8627189073228, 829.862718904798, 830.8627189022733, 831.8627188997485, 832.8627188972238, 833.862718894699, 834.8627188921743, 835.8627188896495, 836.8627188871247, 837.8627188846, 838.8627188820752, 839.8627188795505, 840.8627188770257, 841.862718874501, 842.8627188719762, 843.8627188694514, 844.8627188669267, 845.8627188644019, 846.8627188618772, 847.8627188593524, 848.8627188568277, 849.8627188543029, 850.8627188517781, 851.8627188492534, 852.8627188467286, 853.8627188442039, 854.8627188416791, 855.8627188391544, 856.8627188366296, 857.8627188341048, 858.8627188315801, 859.8627188290553, 860.8627188265306, 861.8627188240058, 862.862718821481, 863.8627188189563, 864.8627188164315, 865.8627188139068, 866.862718811382, 867.8627188088573, 868.8627188063325, 869.8627188038078, 870.862718801283, 871.8627187987582, 872.8627187962335, 873.8627187937087, 874.862718791184, 875.8627187886592, 876.8627187861345, 877.8627187836097, 878.8627187810849, 879.8627187785602, 880.8627187760354, 881.8627187735107, 882.8627187709859, 883.8627187684611, 884.8627187659364, 885.8627187634116, 886.8627187608869, 887.8627187583621, 888.8627187558374, 889.8627187533126, 890.8627187507878, 891.8627187482631, 892.8627187457383, 893.8627187432136, 894.8627187406888, 895.8627187381641, 896.8627187356393, 897.8627187331145, 898.8627187305898, 899.862718728065, 900.8627187255403, 901.8627187230155, 902.8627187204908, 903.862718717966, 904.8627187154412, 905.8627187129165, 906.8627187103917, 907.862718707867, 908.8627187053422, 909.8627187028175, 910.8627187002927, 911.862718697768, 912.8627186952432, 913.8627186927184, 914.8627186901937, 915.8627186876689, 916.8627186851442, 917.8627186826194, 918.8627186800946, 919.8627186775699, 920.8627186750451, 921.8627186725204, 922.8627186699956, 923.8627186674709, 924.8627186649461, 925.8627186624213, 926.8627186598966, 927.8627186573718, 928.8627186548471, 929.8627186523223, 930.8627186497976, 931.8627186472728, 932.862718644748, 933.8627186422233, 934.8627186396985, 935.8627186371738, 936.862718634649, 937.8627186321243, 938.8627186295995, 939.8627186270747, 940.86271862455, 941.8627186220252, 942.8627186195005, 943.8627186169757, 944.862718614451, 945.8627186119262, 946.8627186094014], "WE(1).Potential": [-2.8515625, 1.39678955078125, 1.42364501953125, 1.3519287109375, 1.45477294921875, 1.49322509765625, 1.44317626953125, 1.45050048828125, 1.45965576171875, 1.44775390625, 1.463623046875, 1.49322509765625, 1.5185546875, 1.52587890625, 1.5008544921875, 1.4752197265625, 1.50054931640625, 1.610107421875, 1.6082763671875, 1.614990234375, 1.6143798828125, 1.57623291015625, 1.53411865234375, 1.563720703125, 1.60797119140625, 1.5234375, 1.55975341796875, 1.57806396484375, 1.60980224609375, 1.57806396484375, 1.373291015625, 0.64324951171875, 1.0772705078125, 1.0174560546875, 1.53839111328125, 1.597900390625, 1.6009521484375, 1.63848876953125, 1.58172607421875, 1.551513671875, 1.56585693359375, 1.60919189453125, 1.6082763671875, 1.544189453125, 1.56463623046875, 1.55853271484375, 1.5423583984375, 1.57806396484375, 1.5655517578125, 1.53411865234375, 1.51031494140625, 1.51641845703125, 1.5234375, 1.5667724609375, 1.480712890625, 1.51336669921875, 1.55181884765625, 1.52496337890625, 1.46820068359375, 1.5093994140625, 1.54449462890625, 1.4996337890625, 1.47979736328125, 1.48468017578125, 1.5283203125, 1.534423828125, 1.5142822265625, 1.51763916015625, 1.45965576171875, 1.45263671875, 1.4599609375, 1.500244140625, 1.48834228515625, 1.5289306640625, 1.5386962890625, 1.53045654296875, 1.5069580078125, 1.50848388671875, 1.52435302734375, 1.45538330078125, 1.48681640625, 1.4495849609375, 1.5277099609375, 1.4599609375, 1.46453857421875, 1.4605712890625, 1.4532470703125, 1.48193359375, 1.45965576171875, 1.4569091796875, 1.4569091796875, 1.49200439453125, 1.54052734375, 1.48834228515625, 1.48651123046875, 1.52984619140625, 1.5093994140625, 1.5264892578125, 1.49658203125, 1.55181884765625, 1.5533447265625, 1.54754638671875, 1.57073974609375, 1.5606689453125, 1.5167236328125, 1.51763916015625, 1.52099609375, 1.5399169921875, 1.55792236328125, 1.52862548828125, 1.54022216796875, 1.48193359375, 1.49993896484375, 1.56219482421875, 1.49383544921875, 1.54296875, 1.54693603515625, 1.50726318359375, 1.494140625, 1.46240234375], "Corrected time": [0.0, 0.9999999974752427, 1.9999999949504854, 2.999999992425728, 3.999999989900971, 4.9999999873762135, 5.999999984851456, 6.999999982326699, 7.999999979801942, 8.999999977277184, 9.999999974752427, 10.99999997222767, 11.999999969702912, 12.999999967178155, 13.999999964653398, 14.99999996212864, 15.999999959603883, 16.999999957079126, 17.99999995455437, 18.99999995202961, 19.999999949504854, 20.999999946980097, 21.99999994445534, 22.999999941930582, 23.999999939405825, 24.999999936881068, 25.99999993435631, 26.999999931831553, 27.999999929306796, 28.99999992678204, 29.99999992425728, 30.999999921732524, 31.999999919207767, 32.99999991668301, 33.99999991415825, 34.999999911633495, 35.99999990910874, 36.99999990658398, 37.99999990405922, 38.999999901534466, 39.99999989900971, 40.99999989648495, 41.999999893960194, 42.999999891435436, 43.99999988891068, 44.99999988638592, 45.999999883861165, 46.99999988133641, 47.99999987881165, 48.99999987628689, 49.999999873762135, 50.99999987123738, 51.99999986871262, 52.99999986618786, 53.999999863663106, 54.99999986113835, 55.99999985861359, 56.999999856088834, 57.99999985356408, 58.99999985103932, 59.99999984851456, 60.999999845989805, 61.99999984346505, 62.99999984094029, 63.99999983841553, 64.99999983589078, 65.99999983336602, 66.99999983084126, 67.9999998283165, 68.99999982579175, 69.99999982326699, 70.99999982074223, 71.99999981821747, 72.99999981569272, 73.99999981316796, 74.9999998106432, 75.99999980811845, 76.99999980559369, 77.99999980306893, 78.99999980054417, 79.99999979801942, 80.99999979549466, 81.9999997929699, 82.99999979044514, 83.99999978792039, 84.99999978539563, 85.99999978287087, 86.99999978034612, 87.99999977782136, 88.9999997752966, 89.99999977277184, 90.99999977024709, 91.99999976772233, 92.99999976519757, 93.99999976267281, 94.99999976014806, 95.9999997576233, 96.99999975509854, 97.99999975257379, 98.99999975004903, 99.99999974752427, 100.99999974499951, 101.99999974247476, 102.99999973995, 103.99999973742524, 104.99999973490048, 105.99999973237573, 106.99999972985097, 107.99999972732621, 108.99999972480146, 109.9999997222767, 110.99999971975194, 111.99999971722718, 112.99999971470243, 113.99999971217767, 114.99999970965291, 115.99999970712815, 116.9999997046034, 117.99999970207864, 118.99999969955388], "Index": [1.0, 2.0, 3.0, 4.0, 5.0, 6.0, 7.0, 8.0, 9.0, 10.0, 11.0, 12.0, 13.0, 14.0, 15.0, 16.0, 17.0, 18.0, 19.0, 20.0, 21.0, 22.0, 23.0, 24.0, 25.0, 26.0, 27.0, 28.0, 29.0, 30.0, 31.0, 32.0, 33.0, 34.0, 35.0, 36.0, 37.0, 38.0, 39.0, 40.0, 41.0, 42.0, 43.0, 44.0, 45.0, 46.0, 47.0, 48.0, 49.0, 50.0, 51.0, 52.0, 53.0, 54.0, 55.0, 56.0, 57.0, 58.0, 59.0, 60.0, 61.0, 62.0, 63.0, 64.0, 65.0, 66.0, 67.0, 68.0, 69.0, 70.0, 71.0, 72.0, 73.0, 74.0, 75.0, 76.0, 77.0, 78.0, 79.0, 80.0, 81.0, 82.0, 83.0, 84.0, 85.0, 86.0, 87.0, 88.0, 89.0, 90.0, 91.0, 92.0, 93.0, 94.0, 95.0, 96.0, 97.0, 98.0, 99.0, 100.0, 101.0, 102.0, 103.0, 104.0, 105.0, 106.0, 107.0, 108.0, 109.0, 110.0, 111.0, 112.0, 113.0, 114.0, 115.0, 116.0, 117.0, 118.0, 119.0, 120.0]}}