{"recordsignal": {"Time": [8343.781817933976, 8344.78181793145, 8345.781817928926, 8346.781817926401, 8347.781817923877, 8348.781817921352, 8349.781817918827, 8350.781817916302, 8351.781817913778, 8352.781817911253, 8353.781817908728, 8354.781817906203, 8355.781817903679, 8356.781817901154, 8357.781817898629, 8358.781817896104, 8359.78181789358, 8360.781817891055, 8361.78181788853, 8362.781817886005, 8363.78181788348, 8364.781817880956, 8365.781817878431, 8366.781817875906, 8367.781817873381, 8368.781817870857, 8369.781817868332, 8370.781817865807, 8371.781817863282, 8372.781817860758, 8373.781817858233, 8374.781817855708, 8375.781817853183, 8376.781817850659, 8377.781817848134, 8378.78181784561, 8379.781817843084, 8380.78181784056, 8381.781817838035, 8382.78181783551, 8383.781817832985, 8384.78181783046, 8385.781817827936, 8386.781817825411, 8387.781817822886, 8388.781817820362, 8389.781817817837, 8390.781817815312, 8391.781817812787, 8392.781817810263, 8393.781817807738, 8394.781817805213, 8395.781817802688, 8396.781817800163, 8397.781817797639, 8398.781817795114, 8399.78181779259, 8400.781817790064, 8401.78181778754, 8402.781817785015, 8403.78181778249, 8404.781817779965, 8405.78181777744, 8406.781817774916, 8407.781817772391, 8408.781817769866, 8409.781817767342, 8410.781817764817, 8411.781817762292, 8412.781817759767, 8413.781817757243, 8414.781817754718, 8415.781817752193, 8416.781817749668, 8417.781817747144, 8418.781817744619, 8419.781817742094, 8420.78181773957, 8421.781817737045, 8422.78181773452, 8423.781817731995, 8424.78181772947, 8425.781817726946, 8426.78181772442, 8427.781817721896, 8428.781817719371, 8429.781817716846, 8430.781817714322, 8431.781817711797, 8432.781817709272, 8433.781817706747, 8434.781817704223, 8435.781817701698, 8436.781817699173, 8437.781817696648, 8438.781817694124, 8439.781817691599, 8440.781817689074, 8441.78181768655, 8442.781817684025, 8443.7818176815, 8444.781817678975, 8445.78181767645, 8446.781817673926, 8447.7818176714, 8448.781817668876, 8449.781817666351, 8450.781817663827, 8451.781817661302, 8452.781817658777, 8453.781817656252, 8454.781817653728, 8455.781817651203, 8456.781817648678, 8457.781817646153, 8458.781817643629, 8459.781817641104, 8460.781817638579, 8461.781817636054, 8462.78181763353], "WE(1).Potential": [-0.121368408203125, -0.0999969482421875, -0.09052734375000002, -0.046844482421875, -0.02783203125, 0.040170288085937506, 0.05029296875, 0.11126708984375, 0.148040771484375, 0.169281005859375, 0.19189453125, 0.233123779296875, 0.314422607421875, 0.290679931640625, 0.354278564453125, 0.392181396484375, 0.328948974609375, 0.371124267578125, 0.37701416015625, 0.34295654296875, 0.240447998046875, 0.23358154296875, 0.2261962890625, 0.15606689453125, 0.073974609375, 0.091827392578125, 0.0347320556640625, -0.038827514648437506, -0.04550476074218751, -0.079010009765625, -0.0623779296875, -0.076904296875, -0.092193603515625, -0.116119384765625, -0.14141845703125, -0.172637939453125, -0.148040771484375, -0.1119384765625, -0.062774658203125, -0.008087158203125, 0.027346801757812497, 0.021514892578125, 0.035797119140625, 0.097991943359375, 0.09625244140625, 0.211456298828125, 0.25518798828125, 0.293426513671875, 0.318511962890625, 0.348388671875, 0.347137451171875, 0.3206787109375, 0.39837646484375, 0.367095947265625, 0.4031982421875, 0.321075439453125, 0.342681884765625, 0.3223876953125, 0.23040771484375, 0.252349853515625, 0.16217041015625, 0.139617919921875, 0.132781982421875, 0.058380126953125, 0.04505615234375, -0.031747436523437506, -0.03680419921875, -0.0906982421875, -0.10211181640625, -0.09796142578125, -0.188812255859375, -0.12811279296875, -0.12493896484375, -0.176177978515625, -0.194122314453125, -0.1241455078125, -0.09783935546875, -0.146820068359375, -0.053955078125, -0.08630065917968752, -0.02604980468750001, -0.011221313476562494, 0.06915283203125, 0.048370361328125, 0.152069091796875, 0.134307861328125, 0.153594970703125, 0.2491455078125, 0.198486328125, 0.30279541015625, 0.247467041015625, 0.3316650390625, 0.32403564453125, 0.297271728515625, 0.377166748046875, 0.30731201171875, 0.39447021484375, 0.360748291015625, 0.338714599609375, 0.3775634765625, 0.355072021484375, 0.38433837890625, 0.32550048828125, 0.32037353515625, 0.375946044921875, 0.300933837890625, 0.33380126953125, 0.28326416015625, 0.259765625, 0.239593505859375, 0.2049560546875, 0.17449951171875, 0.1700439453125, 0.141754150390625, 0.0962921142578125, 0.054415893554687504, 0.007598876953125, -0.059777832031250006, -0.0871063232421875, -0.0999969482421875], "Corrected time": [0.0, 0.9999999974752427, 1.9999999949504854, 2.999999992425728, 3.999999989900971, 4.9999999873762135, 5.999999984851456, 6.999999982326699, 7.999999979801942, 8.999999977277184, 9.999999974752427, 10.99999997222767, 11.999999969702912, 12.999999967178155, 13.999999964653398, 14.99999996212864, 15.999999959603883, 16.999999957079126, 17.99999995455437, 18.99999995202961, 19.999999949504854, 20.999999946980097, 21.99999994445534, 22.999999941930582, 23.999999939405825, 24.999999936881068, 25.99999993435631, 26.999999931831553, 27.999999929306796, 28.99999992678204, 29.99999992425728, 30.999999921732524, 31.999999919207767, 32.99999991668301, 33.99999991415825, 34.999999911633495, 35.99999990910874, 36.99999990658398, 37.99999990405922, 38.999999901534466, 39.99999989900971, 40.99999989648495, 41.999999893960194, 42.999999891435436, 43.99999988891068, 44.99999988638592, 45.999999883861165, 46.99999988133641, 47.99999987881165, 48.99999987628689, 49.999999873762135, 50.99999987123738, 51.99999986871262, 52.99999986618786, 53.999999863663106, 54.99999986113835, 55.99999985861359, 56.999999856088834, 57.99999985356408, 58.99999985103932, 59.99999984851456, 60.999999845989805, 61.99999984346505, 62.99999984094029, 63.99999983841553, 64.99999983589078, 65.99999983336602, 66.99999983084126, 67.9999998283165, 68.99999982579175, 69.99999982326699, 70.99999982074223, 71.99999981821747, 72.99999981569272, 73.99999981316796, 74.9999998106432, 75.99999980811845, 76.99999980559369, 77.99999980306893, 78.99999980054417, 79.99999979801942, 80.99999979549466, 81.9999997929699, 82.99999979044514, 83.99999978792039, 84.99999978539563, 85.99999978287087, 86.99999978034612, 87.99999977782136, 88.9999997752966, 89.99999977277184, 90.99999977024709, 91.99999976772233, 92.99999976519757, 93.99999976267281, 94.99999976014806, 95.9999997576233, 96.99999975509854, 97.99999975257379, 98.99999975004903, 99.99999974752427, 100.99999974499951, 101.99999974247476, 102.99999973995, 103.99999973742524, 104.99999973490048, 105.99999973237573, 106.99999972985097, 107.99999972732621, 108.99999972480146, 109.9999997222767, 110.99999971975194, 111.99999971722718, 112.99999971470243, 113.99999971217767, 114.99999970965291, 115.99999970712815, 116.9999997046034, 117.99999970207864, 118.99999969955388], "Index": [1.0, 2.0, 3.0, 4.0, 5.0, 6.0, 7.0, 8.0, 9.0, 10.0, 11.0, 12.0, 13.0, 14.0, 15.0, 16.0, 17.0, 18.0, 19.0, 20.0, 21.0, 22.0, 23.0, 24.0, 25.0, 26.0, 27.0, 28.0, 29.0, 30.0, 31.0, 32.0, 33.0, 34.0, 35.0, 36.0, 37.0, 38.0, 39.0, 40.0, 41.0, 42.0, 43.0, 44.0, 45.0, 46.0, 47.0, 48.0, 49.0, 50.0, 51.0, 52.0, 53.0, 54.0, 55.0, 56.0, 57.0, 58.0, 59.0, 60.0, 61.0, 62.0, 63.0, 64.0, 65.0, 66.0, 67.0, 68.0, 69.0, 70.0, 71.0, 72.0, 73.0, 74.0, 75.0, 76.0, 77.0, 78.0, 79.0, 80.0, 81.0, 82.0, 83.0, 84.0, 85.0, 86.0, 87.0, 88.0, 89.0, 90.0, 91.0, 92.0, 93.0, 94.0, 95.0, 96.0, 97.0, 98.0, 99.0, 100.0, 101.0, 102.0, 103.0, 104.0, 105.0, 106.0, 107.0, 108.0, 109.0, 110.0, 111.0, 112.0, 113.0, 114.0, 115.0, 116.0, 117.0, 118.0, 119.0, 120.0]}}