{"recordsignal": {"Time": [6969.205223404449, 6970.205223401924, 6971.205223399399, 6972.205223396874, 6973.20522339435, 6974.205223391825, 6975.2052233893, 6976.205223386775, 6977.2052233842505, 6978.205223381726, 6979.205223379201, 6980.205223376676, 6981.2052233741515, 6982.205223371627, 6983.205223369102, 6984.205223366577, 6985.2052233640525, 6986.205223361528, 6987.205223359003, 6988.205223356478, 6989.205223353953, 6990.205223351429, 6991.205223348904, 6992.205223346379, 6993.205223343854, 6994.20522334133, 6995.205223338805, 6996.20522333628, 6997.205223333755, 6998.205223331231, 6999.205223328706, 7000.205223326181, 7001.205223323656, 7002.205223321132, 7003.205223318607, 7004.205223316082, 7005.205223313557, 7006.205223311033, 7007.205223308508, 7008.205223305983, 7009.205223303458, 7010.2052233009335, 7011.205223298409, 7012.205223295884, 7013.205223293359, 7014.2052232908345, 7015.20522328831, 7016.205223285785, 7017.20522328326, 7018.2052232807355, 7019.205223278211, 7020.205223275686, 7021.205223273161, 7022.205223270636, 7023.205223268112, 7024.205223265587, 7025.205223263062, 7026.205223260537, 7027.205223258013, 7028.205223255488, 7029.205223252963, 7030.205223250438, 7031.205223247914, 7032.205223245389, 7033.205223242864, 7034.205223240339, 7035.205223237815, 7036.20522323529, 7037.205223232765, 7038.20522323024, 7039.205223227716, 7040.205223225191, 7041.205223222666, 7042.205223220141, 7043.205223217617, 7044.205223215092, 7045.205223212567, 7046.205223210042, 7047.2052232075175, 7048.205223204993, 7049.205223202468, 7050.205223199943, 7051.2052231974185, 7052.205223194894, 7053.205223192369, 7054.205223189844, 7055.2052231873195, 7056.205223184795, 7057.20522318227, 7058.205223179745, 7059.20522317722, 7060.205223174696, 7061.205223172171, 7062.205223169646, 7063.205223167121, 7064.205223164597, 7065.205223162072, 7066.205223159547, 7067.205223157022, 7068.205223154498, 7069.205223151973, 7070.205223149448, 7071.205223146923, 7072.205223144399, 7073.205223141874, 7074.205223139349, 7075.205223136824, 7076.2052231343, 7077.205223131775, 7078.20522312925, 7079.205223126725, 7080.2052231242005, 7081.205223121676, 7082.205223119151, 7083.205223116626, 7084.2052231141015, 7085.205223111577, 7086.205223109052, 7087.205223106527, 7088.2052231040025], "WE(1).Potential": [0.159393310546875, 0.0638427734375, 0.11212158203125, 0.037750244140625, 0.102020263671875, 0.01080322265625, 0.043856811523437504, 0.0628265380859375, -0.00628662109375, 0.010260009765624994, -0.030099487304687506, -0.04254455566406251, -0.00213623046875, -0.015533447265625, -0.005184936523437503, -0.028350830078125, -0.047882080078125, -0.059378051757812494, -0.07604675292968752, -0.061944580078125006, -0.051727294921875, -0.059356689453125, -0.051232910156250006, -0.0283203125, -0.03533935546875, -0.036795043945312494, -0.0142822265625, 0.009374999999999994, -0.05035705566406251, -0.002593994140625, -0.042443847656250006, -0.04193115234375, -0.01751708984375, -0.02313232421875, -0.05980224609375001, -0.016394042968749994, -0.06338195800781252, -0.043426513671875, -0.011077880859375, 0.0067138671875, -0.0738677978515625, -0.05950927734375, -0.02657775878906249, -0.046112060546875, -0.041632080078124994, 0.0032379150390624972, -0.03927307128906249, -0.0032165527343750028, -0.028146362304687506, 0.0018310546875, -0.04061584472656249, -0.020599365234375, -0.07060546875000001, -0.08593444824218752, -0.0260009765625, -0.048208618164062494, -0.075592041015625, -0.06278076171875, -0.07537841796875, -0.07732849121093752, -0.07198486328125, -0.06618957519531252, -0.00213623046875, -0.05312805175781252, -0.082550048828125, -0.07485656738281252, -0.0615081787109375, -0.07266540527343751, -0.07351379394531252, -0.0716339111328125, -0.08490295410156251, -0.04892272949218751, -0.0668426513671875, -0.040658569335937506, -0.05727844238281252, -0.063690185546875, -0.058905029296874994, -0.05168457031250001, -0.05511474609375, -0.0880828857421875, -0.0767913818359375, -0.026947021484375, -0.037078857421875, -0.05169677734375, -0.0574951171875, -0.047332763671875, -0.049713134765625, -0.014251708984375, -0.006805419921875, -0.0535888671875, -0.04944152832031251, -0.05364990234375, -0.043447875976562494, 0.021936035156250006, -0.03410034179687499, 0.023590087890625, -0.025628662109375006, 0.020199584960937503, -0.006924438476562503, -0.0264739990234375, 0.0397552490234375, -0.03415222167968751, 0.045196533203125, -0.0106658935546875, 0.019906616210937506, -0.012716674804687494, 0.0339935302734375, -0.019360351562500003, 0.006744384765625, 0.0464019775390625, 0.013052368164062494, 0.005755615234374997, 0.052844238281250004, 0.062127685546875006, 0.054330444335937506, 0.03023376464843751, 0.013159179687499994, 0.073272705078125, 0.0079345703125, 0.0517578125], "Corrected time": [0.0, 0.9999999974752427, 1.9999999949504854, 2.999999992425728, 3.999999989900971, 4.9999999873762135, 5.999999984851456, 6.999999982326699, 7.999999979801942, 8.999999977277184, 9.999999974752427, 10.99999997222767, 11.999999969702912, 12.999999967178155, 13.999999964653398, 14.99999996212864, 15.999999959603883, 16.999999957079126, 17.99999995455437, 18.99999995202961, 19.999999949504854, 20.999999946980097, 21.99999994445534, 22.999999941930582, 23.999999939405825, 24.999999936881068, 25.99999993435631, 26.999999931831553, 27.999999929306796, 28.99999992678204, 29.99999992425728, 30.999999921732524, 31.999999919207767, 32.99999991668301, 33.99999991415825, 34.999999911633495, 35.99999990910874, 36.99999990658398, 37.99999990405922, 38.999999901534466, 39.99999989900971, 40.99999989648495, 41.999999893960194, 42.999999891435436, 43.99999988891068, 44.99999988638592, 45.999999883861165, 46.99999988133641, 47.99999987881165, 48.99999987628689, 49.999999873762135, 50.99999987123738, 51.99999986871262, 52.99999986618786, 53.999999863663106, 54.99999986113835, 55.99999985861359, 56.999999856088834, 57.99999985356408, 58.99999985103932, 59.99999984851456, 60.999999845989805, 61.99999984346505, 62.99999984094029, 63.99999983841553, 64.99999983589078, 65.99999983336602, 66.99999983084126, 67.9999998283165, 68.99999982579175, 69.99999982326699, 70.99999982074223, 71.99999981821747, 72.99999981569272, 73.99999981316796, 74.9999998106432, 75.99999980811845, 76.99999980559369, 77.99999980306893, 78.99999980054417, 79.99999979801942, 80.99999979549466, 81.9999997929699, 82.99999979044514, 83.99999978792039, 84.99999978539563, 85.99999978287087, 86.99999978034612, 87.99999977782136, 88.9999997752966, 89.99999977277184, 90.99999977024709, 91.99999976772233, 92.99999976519757, 93.99999976267281, 94.99999976014806, 95.9999997576233, 96.99999975509854, 97.99999975257379, 98.99999975004903, 99.99999974752427, 100.99999974499951, 101.99999974247476, 102.99999973995, 103.99999973742524, 104.99999973490048, 105.99999973237573, 106.99999972985097, 107.99999972732621, 108.99999972480146, 109.9999997222767, 110.99999971975194, 111.99999971722718, 112.99999971470243, 113.99999971217767, 114.99999970965291, 115.99999970712815, 116.9999997046034, 117.99999970207864, 118.99999969955388], "Index": [1.0, 2.0, 3.0, 4.0, 5.0, 6.0, 7.0, 8.0, 9.0, 10.0, 11.0, 12.0, 13.0, 14.0, 15.0, 16.0, 17.0, 18.0, 19.0, 20.0, 21.0, 22.0, 23.0, 24.0, 25.0, 26.0, 27.0, 28.0, 29.0, 30.0, 31.0, 32.0, 33.0, 34.0, 35.0, 36.0, 37.0, 38.0, 39.0, 40.0, 41.0, 42.0, 43.0, 44.0, 45.0, 46.0, 47.0, 48.0, 49.0, 50.0, 51.0, 52.0, 53.0, 54.0, 55.0, 56.0, 57.0, 58.0, 59.0, 60.0, 61.0, 62.0, 63.0, 64.0, 65.0, 66.0, 67.0, 68.0, 69.0, 70.0, 71.0, 72.0, 73.0, 74.0, 75.0, 76.0, 77.0, 78.0, 79.0, 80.0, 81.0, 82.0, 83.0, 84.0, 85.0, 86.0, 87.0, 88.0, 89.0, 90.0, 91.0, 92.0, 93.0, 94.0, 95.0, 96.0, 97.0, 98.0, 99.0, 100.0, 101.0, 102.0, 103.0, 104.0, 105.0, 106.0, 107.0, 108.0, 109.0, 110.0, 111.0, 112.0, 113.0, 114.0, 115.0, 116.0, 117.0, 118.0, 119.0, 120.0]}}