{"recordsignal": {"Time": [9015.6388762377, 9016.638876235174, 9017.63887623265, 9018.638876230125, 9019.6388762276, 9020.638876225075, 9021.63887622255, 9022.638876220026, 9023.638876217501, 9024.638876214976, 9025.638876212452, 9026.638876209927, 9027.638876207402, 9028.638876204877, 9029.638876202353, 9030.638876199828, 9031.638876197303, 9032.638876194778, 9033.638876192254, 9034.638876189729, 9035.638876187204, 9036.63887618468, 9037.638876182154, 9038.63887617963, 9039.638876177105, 9040.63887617458, 9041.638876172055, 9042.63887616953, 9043.638876167006, 9044.638876164481, 9045.638876161956, 9046.638876159432, 9047.638876156907, 9048.638876154382, 9049.638876151857, 9050.638876149333, 9051.638876146808, 9052.638876144283, 9053.638876141758, 9054.638876139234, 9055.638876136709, 9056.638876134184, 9057.63887613166, 9058.638876129135, 9059.63887612661, 9060.638876124085, 9061.63887612156, 9062.638876119036, 9063.63887611651, 9064.638876113986, 9065.638876111461, 9066.638876108937, 9067.638876106412, 9068.638876103887, 9069.638876101362, 9070.638876098837, 9071.638876096313, 9072.638876093788, 9073.638876091263, 9074.638876088738, 9075.638876086214, 9076.638876083689, 9077.638876081164, 9078.63887607864, 9079.638876076115, 9080.63887607359, 9081.638876071065, 9082.63887606854, 9083.638876066016, 9084.63887606349, 9085.638876060966, 9086.638876058441, 9087.638876055917, 9088.638876053392, 9089.638876050867, 9090.638876048342, 9091.638876045818, 9092.638876043293, 9093.638876040768, 9094.638876038243, 9095.638876035719, 9096.638876033194, 9097.638876030669, 9098.638876028144, 9099.63887602562, 9100.638876023095, 9101.63887602057, 9102.638876018045, 9103.63887601552, 9104.638876012996, 9105.638876010471, 9106.638876007946, 9107.638876005421, 9108.638876002897, 9109.638876000372, 9110.638875997847, 9111.638875995322, 9112.638875992798, 9113.638875990273, 9114.638875987748, 9115.638875985223, 9116.638875982699, 9117.638875980174, 9118.63887597765, 9119.638875975124, 9120.6388759726, 9121.638875970075, 9122.63887596755, 9123.638875965025, 9124.6388759625, 9125.638875959976, 9126.638875957451, 9127.638875954926, 9128.638875952402, 9129.638875949877, 9130.638875947352, 9131.638875944827, 9132.638875942303, 9133.638875939778, 9134.638875937253], "WE(1).Potential": [0.02508544921875, 0.100738525390625, 0.042694091796875, 0.1, 0.088348388671875, 0.086883544921875, 0.14385986328125, 0.0733642578125, 0.105621337890625, 0.144989013671875, 0.125579833984375, 0.108673095703125, 0.0850830078125, 0.0919189453125, 0.107269287109375, 0.127288818359375, 0.16094970703125, 0.134521484375, 0.113311767578125, 0.118316650390625, 0.1099853515625, 0.119140625, 0.173248291015625, 0.09564208984375, 0.172637939453125, 0.122406005859375, 0.112548828125, 0.137725830078125, 0.149139404296875, 0.152069091796875, 0.089111328125, 0.146026611328125, 0.16204833984375, 0.160003662109375, 0.150665283203125, 0.138275146484375, 0.151153564453125, 0.158538818359375, 0.150482177734375, 0.156402587890625, 0.153289794921875, 0.121612548828125, 0.09759521484375, 0.151947021484375, 0.08245849609375, 0.083740234375, 0.100738525390625, 0.13702392578125, 0.12255859375, 0.1431884765625, 0.13848876953125, 0.074493408203125, 0.111053466796875, 0.150848388671875, 0.15289306640625, 0.13775634765625, 0.137115478515625, 0.1102294921875, 0.132537841796875, 0.11004638671875, 0.11920166015625, 0.1070556640625, 0.1654052734375, 0.094818115234375, 0.157989501953125, 0.08880615234375, 0.161651611328125, 0.10400390625, 0.110198974609375, 0.1129150390625, 0.165618896484375, 0.140411376953125, 0.089874267578125, 0.12249755859375, 0.12921142578125, 0.09710693359375, 0.091766357421875, 0.11773681640625, 0.11065673828125, 0.11822509765625, 0.131988525390625, 0.151641845703125, 0.1346435546875, 0.14508056640625, 0.145751953125, 0.075653076171875, 0.06658935546875, 0.074981689453125, 0.064605712890625, 0.128204345703125, 0.135955810546875, 0.090118408203125, 0.07281494140625, 0.13055419921875, 0.0562744140625, 0.12738037109375, 0.07080078125, 0.048126220703125, 0.096099853515625, 0.1, 0.06402587890625, 0.1, 0.051513671875, 0.081146240234375, 0.09649658203125, 0.1, 0.0435791015625, 0.119537353515625, 0.062835693359375, 0.072418212890625, 0.09356689453125, 0.09759521484375, 0.120147705078125, 0.062774658203125, 0.09124755859375, 0.146331787109375, 0.070587158203125, 0.14874267578125, 0.12603759765625, 0.085296630859375], "Corrected time": [0.0, 0.9999999974752427, 1.9999999949504854, 2.999999992425728, 3.999999989900971, 4.9999999873762135, 5.999999984851456, 6.999999982326699, 7.999999979801942, 8.999999977277184, 9.999999974752427, 10.99999997222767, 11.999999969702912, 12.999999967178155, 13.999999964653398, 14.99999996212864, 15.999999959603883, 16.999999957079126, 17.99999995455437, 18.99999995202961, 19.999999949504854, 20.999999946980097, 21.99999994445534, 22.999999941930582, 23.999999939405825, 24.999999936881068, 25.99999993435631, 26.999999931831553, 27.999999929306796, 28.99999992678204, 29.99999992425728, 30.999999921732524, 31.999999919207767, 32.99999991668301, 33.99999991415825, 34.999999911633495, 35.99999990910874, 36.99999990658398, 37.99999990405922, 38.999999901534466, 39.99999989900971, 40.99999989648495, 41.999999893960194, 42.999999891435436, 43.99999988891068, 44.99999988638592, 45.999999883861165, 46.99999988133641, 47.99999987881165, 48.99999987628689, 49.999999873762135, 50.99999987123738, 51.99999986871262, 52.99999986618786, 53.999999863663106, 54.99999986113835, 55.99999985861359, 56.999999856088834, 57.99999985356408, 58.99999985103932, 59.99999984851456, 60.999999845989805, 61.99999984346505, 62.99999984094029, 63.99999983841553, 64.99999983589078, 65.99999983336602, 66.99999983084126, 67.9999998283165, 68.99999982579175, 69.99999982326699, 70.99999982074223, 71.99999981821747, 72.99999981569272, 73.99999981316796, 74.9999998106432, 75.99999980811845, 76.99999980559369, 77.99999980306893, 78.99999980054417, 79.99999979801942, 80.99999979549466, 81.9999997929699, 82.99999979044514, 83.99999978792039, 84.99999978539563, 85.99999978287087, 86.99999978034612, 87.99999977782136, 88.9999997752966, 89.99999977277184, 90.99999977024709, 91.99999976772233, 92.99999976519757, 93.99999976267281, 94.99999976014806, 95.9999997576233, 96.99999975509854, 97.99999975257379, 98.99999975004903, 99.99999974752427, 100.99999974499951, 101.99999974247476, 102.99999973995, 103.99999973742524, 104.99999973490048, 105.99999973237573, 106.99999972985097, 107.99999972732621, 108.99999972480146, 109.9999997222767, 110.99999971975194, 111.99999971722718, 112.99999971470243, 113.99999971217767, 114.99999970965291, 115.99999970712815, 116.9999997046034, 117.99999970207864, 118.99999969955388], "Index": [1.0, 2.0, 3.0, 4.0, 5.0, 6.0, 7.0, 8.0, 9.0, 10.0, 11.0, 12.0, 13.0, 14.0, 15.0, 16.0, 17.0, 18.0, 19.0, 20.0, 21.0, 22.0, 23.0, 24.0, 25.0, 26.0, 27.0, 28.0, 29.0, 30.0, 31.0, 32.0, 33.0, 34.0, 35.0, 36.0, 37.0, 38.0, 39.0, 40.0, 41.0, 42.0, 43.0, 44.0, 45.0, 46.0, 47.0, 48.0, 49.0, 50.0, 51.0, 52.0, 53.0, 54.0, 55.0, 56.0, 57.0, 58.0, 59.0, 60.0, 61.0, 62.0, 63.0, 64.0, 65.0, 66.0, 67.0, 68.0, 69.0, 70.0, 71.0, 72.0, 73.0, 74.0, 75.0, 76.0, 77.0, 78.0, 79.0, 80.0, 81.0, 82.0, 83.0, 84.0, 85.0, 86.0, 87.0, 88.0, 89.0, 90.0, 91.0, 92.0, 93.0, 94.0, 95.0, 96.0, 97.0, 98.0, 99.0, 100.0, 101.0, 102.0, 103.0, 104.0, 105.0, 106.0, 107.0, 108.0, 109.0, 110.0, 111.0, 112.0, 113.0, 114.0, 115.0, 116.0, 117.0, 118.0, 119.0, 120.0]}}