{"recordsignal": {"Time": [7427.685428246897, 7428.685428244372, 7429.685428241847, 7430.685428239322, 7431.685428236798, 7432.685428234273, 7433.685428231748, 7434.685428229223, 7435.685428226699, 7436.685428224174, 7437.685428221649, 7438.685428219124, 7439.6854282166, 7440.685428214075, 7441.68542821155, 7442.685428209025, 7443.685428206501, 7444.685428203976, 7445.685428201451, 7446.685428198926, 7447.6854281964015, 7448.685428193877, 7449.685428191352, 7450.685428188827, 7451.6854281863025, 7452.685428183778, 7453.685428181253, 7454.685428178728, 7455.6854281762035, 7456.685428173679, 7457.685428171154, 7458.685428168629, 7459.685428166104, 7460.68542816358, 7461.685428161055, 7462.68542815853, 7463.685428156005, 7464.685428153481, 7465.685428150956, 7466.685428148431, 7467.685428145906, 7468.685428143382, 7469.685428140857, 7470.685428138332, 7471.685428135807, 7472.685428133283, 7473.685428130758, 7474.685428128233, 7475.685428125708, 7476.685428123184, 7477.685428120659, 7478.685428118134, 7479.685428115609, 7480.6854281130845, 7481.68542811056, 7482.685428108035, 7483.68542810551, 7484.6854281029855, 7485.685428100461, 7486.685428097936, 7487.685428095411, 7488.6854280928865, 7489.685428090362, 7490.685428087837, 7491.685428085312, 7492.685428082787, 7493.685428080263, 7494.685428077738, 7495.685428075213, 7496.685428072688, 7497.685428070164, 7498.685428067639, 7499.685428065114, 7500.685428062589, 7501.685428060065, 7502.68542805754, 7503.685428055015, 7504.68542805249, 7505.685428049966, 7506.685428047441, 7507.685428044916, 7508.685428042391, 7509.685428039867, 7510.685428037342, 7511.685428034817, 7512.685428032292, 7513.6854280297675, 7514.685428027243, 7515.685428024718, 7516.685428022193, 7517.6854280196685, 7518.685428017144, 7519.685428014619, 7520.685428012094, 7521.6854280095695, 7522.685428007045, 7523.68542800452, 7524.685428001995, 7525.68542799947, 7526.685427996946, 7527.685427994421, 7528.685427991896, 7529.685427989371, 7530.685427986847, 7531.685427984322, 7532.685427981797, 7533.685427979272, 7534.685427976748, 7535.685427974223, 7536.685427971698, 7537.685427969173, 7538.685427966649, 7539.685427964124, 7540.685427961599, 7541.685427959074, 7542.68542795655, 7543.685427954025, 7544.6854279515, 7545.685427948975, 7546.685427946451], "WE(1).Potential": [-9.99969482421875, -9.99969482421875, -9.99969482421875, -9.99969482421875, -9.99969482421875, -9.99969482421875, -9.99969482421875, -9.99969482421875, -9.99969482421875, -9.99969482421875, -9.99969482421875, -9.99969482421875, -9.99969482421875, -9.99969482421875, -9.99969482421875, -9.99969482421875, -9.99969482421875, -9.99969482421875, -9.99969482421875, -9.99969482421875, -9.99969482421875, -9.99969482421875, -9.99969482421875, -9.99969482421875, -9.99969482421875, -9.99969482421875, -9.99969482421875, -9.99969482421875, -9.99969482421875, -9.99969482421875, -9.99969482421875, -9.99969482421875, -9.99969482421875, -9.99969482421875, -9.99969482421875, -9.99969482421875, -9.99969482421875, -9.99969482421875, -9.99969482421875, -9.99969482421875, -9.99969482421875, -9.99969482421875, -9.99969482421875, -9.99969482421875, -9.99969482421875, -9.99969482421875, -9.99969482421875, -9.99969482421875, -9.99969482421875, -9.99969482421875, -9.99969482421875, -9.99969482421875, -9.99969482421875, -9.99969482421875, -9.99969482421875, -9.99969482421875, -9.99969482421875, -9.99969482421875, -9.99969482421875, -9.99969482421875, -9.99969482421875, -9.99969482421875, -9.99969482421875, -9.99969482421875, -9.99969482421875, -9.99969482421875, -9.99969482421875, -9.99969482421875, -9.99969482421875, -9.99969482421875, -9.99969482421875, -9.99969482421875, -9.99969482421875, -9.99969482421875, -9.99969482421875, -9.99969482421875, -9.99969482421875, -9.99969482421875, -9.99969482421875, -9.99969482421875, -9.99969482421875, -9.99969482421875, -9.99969482421875, -9.99969482421875, -9.99969482421875, -9.99969482421875, -9.99969482421875, -9.99969482421875, -9.99969482421875, -9.99969482421875, -9.99969482421875, -9.99969482421875, -9.99969482421875, -9.99969482421875, -9.99969482421875, -9.99969482421875, -9.99969482421875, -9.99969482421875, -9.99969482421875, -9.99969482421875, -9.99969482421875, -9.99969482421875, -9.99969482421875, -9.99969482421875, -9.99969482421875, -9.99969482421875, -9.99969482421875, -9.99969482421875, -9.99969482421875, -9.99969482421875, -9.99969482421875, -9.99969482421875, -9.99969482421875, -9.99969482421875, -9.99969482421875, -9.99969482421875, -9.99969482421875, -9.99969482421875, -9.99969482421875, -9.99969482421875], "Corrected time": [0.0, 0.9999999974752427, 1.9999999949504854, 2.999999992425728, 3.999999989900971, 4.9999999873762135, 5.999999984851456, 6.999999982326699, 7.999999979801942, 8.999999977277184, 9.999999974752427, 10.99999997222767, 11.999999969702912, 12.999999967178155, 13.999999964653398, 14.99999996212864, 15.999999959603883, 16.999999957079126, 17.99999995455437, 18.99999995202961, 19.999999949504854, 20.999999946980097, 21.99999994445534, 22.999999941930582, 23.999999939405825, 24.999999936881068, 25.99999993435631, 26.999999931831553, 27.999999929306796, 28.99999992678204, 29.99999992425728, 30.999999921732524, 31.999999919207767, 32.99999991668301, 33.99999991415825, 34.999999911633495, 35.99999990910874, 36.99999990658398, 37.99999990405922, 38.999999901534466, 39.99999989900971, 40.99999989648495, 41.999999893960194, 42.999999891435436, 43.99999988891068, 44.99999988638592, 45.999999883861165, 46.99999988133641, 47.99999987881165, 48.99999987628689, 49.999999873762135, 50.99999987123738, 51.99999986871262, 52.99999986618786, 53.999999863663106, 54.99999986113835, 55.99999985861359, 56.999999856088834, 57.99999985356408, 58.99999985103932, 59.99999984851456, 60.999999845989805, 61.99999984346505, 62.99999984094029, 63.99999983841553, 64.99999983589078, 65.99999983336602, 66.99999983084126, 67.9999998283165, 68.99999982579175, 69.99999982326699, 70.99999982074223, 71.99999981821747, 72.99999981569272, 73.99999981316796, 74.9999998106432, 75.99999980811845, 76.99999980559369, 77.99999980306893, 78.99999980054417, 79.99999979801942, 80.99999979549466, 81.9999997929699, 82.99999979044514, 83.99999978792039, 84.99999978539563, 85.99999978287087, 86.99999978034612, 87.99999977782136, 88.9999997752966, 89.99999977277184, 90.99999977024709, 91.99999976772233, 92.99999976519757, 93.99999976267281, 94.99999976014806, 95.9999997576233, 96.99999975509854, 97.99999975257379, 98.99999975004903, 99.99999974752427, 100.99999974499951, 101.99999974247476, 102.99999973995, 103.99999973742524, 104.99999973490048, 105.99999973237573, 106.99999972985097, 107.99999972732621, 108.99999972480146, 109.9999997222767, 110.99999971975194, 111.99999971722718, 112.99999971470243, 113.99999971217767, 114.99999970965291, 115.99999970712815, 116.9999997046034, 117.99999970207864, 118.99999969955388], "Index": [1.0, 2.0, 3.0, 4.0, 5.0, 6.0, 7.0, 8.0, 9.0, 10.0, 11.0, 12.0, 13.0, 14.0, 15.0, 16.0, 17.0, 18.0, 19.0, 20.0, 21.0, 22.0, 23.0, 24.0, 25.0, 26.0, 27.0, 28.0, 29.0, 30.0, 31.0, 32.0, 33.0, 34.0, 35.0, 36.0, 37.0, 38.0, 39.0, 40.0, 41.0, 42.0, 43.0, 44.0, 45.0, 46.0, 47.0, 48.0, 49.0, 50.0, 51.0, 52.0, 53.0, 54.0, 55.0, 56.0, 57.0, 58.0, 59.0, 60.0, 61.0, 62.0, 63.0, 64.0, 65.0, 66.0, 67.0, 68.0, 69.0, 70.0, 71.0, 72.0, 73.0, 74.0, 75.0, 76.0, 77.0, 78.0, 79.0, 80.0, 81.0, 82.0, 83.0, 84.0, 85.0, 86.0, 87.0, 88.0, 89.0, 90.0, 91.0, 92.0, 93.0, 94.0, 95.0, 96.0, 97.0, 98.0, 99.0, 100.0, 101.0, 102.0, 103.0, 104.0, 105.0, 106.0, 107.0, 108.0, 109.0, 110.0, 111.0, 112.0, 113.0, 114.0, 115.0, 116.0, 117.0, 118.0, 119.0, 120.0]}}