{"recordsignal": {"Time": [7887.745570085357, 7888.745570082832, 7889.7455700803075, 7890.745570077783, 7891.745570075258, 7892.745570072733, 7893.7455700702085, 7894.745570067684, 7895.745570065159, 7896.745570062634, 7897.7455700601095, 7898.745570057585, 7899.74557005506, 7900.745570052535, 7901.74557005001, 7902.745570047486, 7903.745570044961, 7904.745570042436, 7905.745570039911, 7906.745570037387, 7907.745570034862, 7908.745570032337, 7909.745570029812, 7910.745570027288, 7911.745570024763, 7912.745570022238, 7913.745570019713, 7914.745570017189, 7915.745570014664, 7916.745570012139, 7917.745570009614, 7918.74557000709, 7919.745570004565, 7920.74557000204, 7921.745569999515, 7922.7455699969905, 7923.745569994466, 7924.745569991941, 7925.745569989416, 7926.7455699868915, 7927.745569984367, 7928.745569981842, 7929.745569979317, 7930.7455699767925, 7931.745569974268, 7932.745569971743, 7933.745569969218, 7934.745569966693, 7935.745569964169, 7936.745569961644, 7937.745569959119, 7938.745569956594, 7939.74556995407, 7940.745569951545, 7941.74556994902, 7942.745569946495, 7943.745569943971, 7944.745569941446, 7945.745569938921, 7946.745569936396, 7947.745569933872, 7948.745569931347, 7949.745569928822, 7950.745569926297, 7951.745569923773, 7952.745569921248, 7953.745569918723, 7954.745569916198, 7955.7455699136735, 7956.745569911149, 7957.745569908624, 7958.745569906099, 7959.7455699035745, 7960.74556990105, 7961.745569898525, 7962.745569896, 7963.7455698934755, 7964.745569890951, 7965.745569888426, 7966.745569885901, 7967.745569883376, 7968.745569880852, 7969.745569878327, 7970.745569875802, 7971.745569873277, 7972.745569870753, 7973.745569868228, 7974.745569865703, 7975.745569863178, 7976.745569860654, 7977.745569858129, 7978.745569855604, 7979.745569853079, 7980.745569850555, 7981.74556984803, 7982.745569845505, 7983.74556984298, 7984.745569840456, 7985.745569837931, 7986.745569835406, 7987.745569832881, 7988.7455698303565, 7989.745569827832, 7990.745569825307, 7991.745569822782, 7992.7455698202575, 7993.745569817733, 7994.745569815208, 7995.745569812683, 7996.7455698101585, 7997.745569807634, 7998.745569805109, 7999.745569802584, 8000.7455698000595, 8001.745569797535, 8002.74556979501, 8003.745569792485, 8004.74556978996, 8005.745569787436, 8006.745569784911], "WE(1).Potential": [0.151580810546875, 0.08172607421875, 0.12237548828125, 0.096435546875, 0.097991943359375, 0.14678955078125, 0.1014404296875, 0.09503173828125, 0.0936279296875, 0.125152587890625, 0.0640869140625, 0.11639404296875, 0.143035888671875, 0.06695556640625, 0.1197509765625, 0.092254638671875, 0.139068603515625, 0.07135009765625, 0.141448974609375, 0.067230224609375, 0.078125, 0.117767333984375, 0.089874267578125, 0.1395263671875, 0.069091796875, 0.1527099609375, -4.60357666015625, -6.21337890625, -4.9725341796875, 0.073883056640625, -9.99969482421875, 0.09583740234375, 0.13507080078125, 0.135772705078125, 0.139617919921875, 0.134857177734375, 0.08868408203125, 0.15765380859375, 0.1641845703125, 0.136474609375, 0.14263916015625, 0.13397216796875, 0.098358154296875, 0.094024658203125, 0.11724853515625, 0.162750244140625, 0.092620849609375, 0.168975830078125, 0.1387939453125, 0.10394287109375, 0.14404296875, 0.0863037109375, 0.10430908203125, 0.125885009765625, 0.162872314453125, 0.1512451171875, 0.158477783203125, 0.14105224609375, 0.0877685546875, 0.1199951171875, 0.15338134765625, 0.09808349609375, 0.124481201171875, 0.099822998046875, 0.137542724609375, 0.1302490234375, 0.07342529296875, 0.105682373046875, 0.141876220703125, 0.094940185546875, 0.077728271484375, 0.1572265625, 0.107940673828125, 0.1375732421875, 0.151702880859375, 0.16363525390625, 0.151214599609375, 0.156768798828125, 0.168304443359375, 0.126495361328125, 0.094573974609375, 0.16632080078125, 0.092498779296875, 0.13897705078125, 0.163482666015625, 0.093536376953125, 0.17034912109375, 0.09844970703125, 0.17449951171875, 0.110382080078125, 0.177825927734375, 0.189208984375, 0.14306640625, 0.200408935546875, 0.1353759765625, 0.1279296875, 0.2000732421875, 0.1507568359375, 0.124267578125, 0.141357421875, 0.133056640625, 0.183319091796875, 0.179840087890625, 0.131378173828125, 0.140228271484375, 0.2027587890625, 0.178680419921875, 0.12750244140625, 0.194366455078125, 0.19439697265625, 0.13641357421875, 0.149993896484375, 0.2069091796875, 0.15972900390625, 0.1473388671875, 0.203277587890625, 0.1348876953125, 0.1785888671875, 0.1680908203125, 0.170013427734375], "Corrected time": [0.0, 0.9999999974752427, 1.9999999949504854, 2.999999992425728, 3.999999989900971, 4.9999999873762135, 5.999999984851456, 6.999999982326699, 7.999999979801942, 8.999999977277184, 9.999999974752427, 10.99999997222767, 11.999999969702912, 12.999999967178155, 13.999999964653398, 14.99999996212864, 15.999999959603883, 16.999999957079126, 17.99999995455437, 18.99999995202961, 19.999999949504854, 20.999999946980097, 21.99999994445534, 22.999999941930582, 23.999999939405825, 24.999999936881068, 25.99999993435631, 26.999999931831553, 27.999999929306796, 28.99999992678204, 29.99999992425728, 30.999999921732524, 31.999999919207767, 32.99999991668301, 33.99999991415825, 34.999999911633495, 35.99999990910874, 36.99999990658398, 37.99999990405922, 38.999999901534466, 39.99999989900971, 40.99999989648495, 41.999999893960194, 42.999999891435436, 43.99999988891068, 44.99999988638592, 45.999999883861165, 46.99999988133641, 47.99999987881165, 48.99999987628689, 49.999999873762135, 50.99999987123738, 51.99999986871262, 52.99999986618786, 53.999999863663106, 54.99999986113835, 55.99999985861359, 56.999999856088834, 57.99999985356408, 58.99999985103932, 59.99999984851456, 60.999999845989805, 61.99999984346505, 62.99999984094029, 63.99999983841553, 64.99999983589078, 65.99999983336602, 66.99999983084126, 67.9999998283165, 68.99999982579175, 69.99999982326699, 70.99999982074223, 71.99999981821747, 72.99999981569272, 73.99999981316796, 74.9999998106432, 75.99999980811845, 76.99999980559369, 77.99999980306893, 78.99999980054417, 79.99999979801942, 80.99999979549466, 81.9999997929699, 82.99999979044514, 83.99999978792039, 84.99999978539563, 85.99999978287087, 86.99999978034612, 87.99999977782136, 88.9999997752966, 89.99999977277184, 90.99999977024709, 91.99999976772233, 92.99999976519757, 93.99999976267281, 94.99999976014806, 95.9999997576233, 96.99999975509854, 97.99999975257379, 98.99999975004903, 99.99999974752427, 100.99999974499951, 101.99999974247476, 102.99999973995, 103.99999973742524, 104.99999973490048, 105.99999973237573, 106.99999972985097, 107.99999972732621, 108.99999972480146, 109.9999997222767, 110.99999971975194, 111.99999971722718, 112.99999971470243, 113.99999971217767, 114.99999970965291, 115.99999970712815, 116.9999997046034, 117.99999970207864, 118.99999969955388], "Index": [1.0, 2.0, 3.0, 4.0, 5.0, 6.0, 7.0, 8.0, 9.0, 10.0, 11.0, 12.0, 13.0, 14.0, 15.0, 16.0, 17.0, 18.0, 19.0, 20.0, 21.0, 22.0, 23.0, 24.0, 25.0, 26.0, 27.0, 28.0, 29.0, 30.0, 31.0, 32.0, 33.0, 34.0, 35.0, 36.0, 37.0, 38.0, 39.0, 40.0, 41.0, 42.0, 43.0, 44.0, 45.0, 46.0, 47.0, 48.0, 49.0, 50.0, 51.0, 52.0, 53.0, 54.0, 55.0, 56.0, 57.0, 58.0, 59.0, 60.0, 61.0, 62.0, 63.0, 64.0, 65.0, 66.0, 67.0, 68.0, 69.0, 70.0, 71.0, 72.0, 73.0, 74.0, 75.0, 76.0, 77.0, 78.0, 79.0, 80.0, 81.0, 82.0, 83.0, 84.0, 85.0, 86.0, 87.0, 88.0, 89.0, 90.0, 91.0, 92.0, 93.0, 94.0, 95.0, 96.0, 97.0, 98.0, 99.0, 100.0, 101.0, 102.0, 103.0, 104.0, 105.0, 106.0, 107.0, 108.0, 109.0, 110.0, 111.0, 112.0, 113.0, 114.0, 115.0, 116.0, 117.0, 118.0, 119.0, 120.0]}}