{"recordsignal": {"Time": [8567.62377536883, 8568.623775366304, 8569.62377536378, 8570.623775361255, 8571.62377535873, 8572.623775356205, 8573.62377535368, 8574.623775351156, 8575.623775348631, 8576.623775346106, 8577.623775343582, 8578.623775341057, 8579.623775338532, 8580.623775336007, 8581.623775333483, 8582.623775330958, 8583.623775328433, 8584.623775325908, 8585.623775323384, 8586.623775320859, 8587.623775318334, 8588.62377531581, 8589.623775313285, 8590.62377531076, 8591.623775308235, 8592.62377530571, 8593.623775303186, 8594.62377530066, 8595.623775298136, 8596.623775295611, 8597.623775293087, 8598.623775290562, 8599.623775288037, 8600.623775285512, 8601.623775282987, 8602.623775280463, 8603.623775277938, 8604.623775275413, 8605.623775272888, 8606.623775270364, 8607.623775267839, 8608.623775265314, 8609.62377526279, 8610.623775260265, 8611.62377525774, 8612.623775255215, 8613.62377525269, 8614.623775250166, 8615.62377524764, 8616.623775245116, 8617.623775242591, 8618.623775240067, 8619.623775237542, 8620.623775235017, 8621.623775232492, 8622.623775229968, 8623.623775227443, 8624.623775224918, 8625.623775222393, 8626.623775219869, 8627.623775217344, 8628.623775214819, 8629.623775212294, 8630.62377520977, 8631.623775207245, 8632.62377520472, 8633.623775202195, 8634.62377519967, 8635.623775197146, 8636.623775194621, 8637.623775192096, 8638.623775189571, 8639.623775187047, 8640.623775184522, 8641.623775181997, 8642.623775179472, 8643.623775176948, 8644.623775174423, 8645.623775171898, 8646.623775169373, 8647.623775166849, 8648.623775164324, 8649.6237751618, 8650.623775159274, 8651.62377515675, 8652.623775154225, 8653.6237751517, 8654.623775149175, 8655.62377514665, 8656.623775144126, 8657.623775141601, 8658.623775139076, 8659.623775136552, 8660.623775134027, 8661.623775131502, 8662.623775128977, 8663.623775126453, 8664.623775123928, 8665.623775121403, 8666.623775118878, 8667.623775116353, 8668.623775113829, 8669.623775111304, 8670.62377510878, 8671.623775106254, 8672.62377510373, 8673.623775101205, 8674.62377509868, 8675.623775096155, 8676.62377509363, 8677.623775091106, 8678.623775088581, 8679.623775086056, 8680.623775083532, 8681.623775081007, 8682.623775078482, 8683.623775075957, 8684.623775073433, 8685.623775070908, 8686.623775068383], "WE(1).Potential": [0.1834716796875, 0.142730712890625, 0.18499755859375, 0.164764404296875, 0.21453857421875, 0.19781494140625, 0.1881103515625, 0.19342041015625, 0.230316162109375, 0.235626220703125, 0.25885009765625, 0.270294189453125, 0.242218017578125, 0.204833984375, 0.218994140625, 0.235595703125, 0.225677490234375, 0.247161865234375, 0.255523681640625, 0.264617919921875, 0.24658203125, 0.213104248046875, 0.205474853515625, 0.253875732421875, 0.25677490234375, 0.25006103515625, 0.25714111328125, 0.25592041015625, 0.252471923828125, 0.241424560546875, 0.21844482421875, 0.2366943359375, 0.207366943359375, 0.169708251953125, 0.180450439453125, 0.204498291015625, 0.230926513671875, 0.156829833984375, 0.212646484375, 0.199188232421875, 0.226165771484375, 0.23089599609375, 0.15081787109375, 0.17645263671875, 0.219696044921875, 0.16815185546875, 0.157928466796875, 0.215972900390625, 0.136688232421875, 0.1514892578125, 0.18609619140625, 0.199371337890625, 0.150604248046875, 0.16192626953125, 0.20245361328125, 0.20050048828125, 0.17584228515625, 0.142242431640625, 0.160675048828125, 0.179901123046875, 0.132080078125, 0.177825927734375, 0.20758056640625, 0.1654052734375, 0.152008056640625, 0.179656982421875, 0.1983642578125, 0.128875732421875, 0.204010009765625, 0.1263427734375, 0.195587158203125, 0.133575439453125, 0.138092041015625, 0.166778564453125, 0.092315673828125, 0.070953369140625, 0.0487060546875, 0.1, 0.052154541015625, 0.01708984375, -0.00927734375, -0.03321533203124999, -0.03953247070312499, -0.05485839843750001, -0.0639801025390625, -0.060067749023437506, -0.0753082275390625, -0.05517578125, -0.029876708984375, -0.002105712890625, -0.04420776367187501, -0.04704589843750001, -0.06448974609375, -0.0753021240234375, -0.0538330078125, 0.0006652832031250056, 0.008514404296875, 0.025494384765625003, 0.008337402343749994, 0.033526611328125, 0.03011169433593751, -0.003570556640625, 0.0835418701171875, 0.0150146484375, 0.073699951171875, 0.102783203125, 0.058013916015625, 0.059783935546875, 0.123504638671875, 0.107177734375, 0.08782958984375, 0.117919921875, 0.18231201171875, 0.143524169921875, 0.119598388671875, 0.1640625, 0.1744384765625, 0.19830322265625, 0.217681884765625, 0.194427490234375], "Corrected time": [0.0, 0.9999999974752427, 1.9999999949504854, 2.999999992425728, 3.999999989900971, 4.9999999873762135, 5.999999984851456, 6.999999982326699, 7.999999979801942, 8.999999977277184, 9.999999974752427, 10.99999997222767, 11.999999969702912, 12.999999967178155, 13.999999964653398, 14.99999996212864, 15.999999959603883, 16.999999957079126, 17.99999995455437, 18.99999995202961, 19.999999949504854, 20.999999946980097, 21.99999994445534, 22.999999941930582, 23.999999939405825, 24.999999936881068, 25.99999993435631, 26.999999931831553, 27.999999929306796, 28.99999992678204, 29.99999992425728, 30.999999921732524, 31.999999919207767, 32.99999991668301, 33.99999991415825, 34.999999911633495, 35.99999990910874, 36.99999990658398, 37.99999990405922, 38.999999901534466, 39.99999989900971, 40.99999989648495, 41.999999893960194, 42.999999891435436, 43.99999988891068, 44.99999988638592, 45.999999883861165, 46.99999988133641, 47.99999987881165, 48.99999987628689, 49.999999873762135, 50.99999987123738, 51.99999986871262, 52.99999986618786, 53.999999863663106, 54.99999986113835, 55.99999985861359, 56.999999856088834, 57.99999985356408, 58.99999985103932, 59.99999984851456, 60.999999845989805, 61.99999984346505, 62.99999984094029, 63.99999983841553, 64.99999983589078, 65.99999983336602, 66.99999983084126, 67.9999998283165, 68.99999982579175, 69.99999982326699, 70.99999982074223, 71.99999981821747, 72.99999981569272, 73.99999981316796, 74.9999998106432, 75.99999980811845, 76.99999980559369, 77.99999980306893, 78.99999980054417, 79.99999979801942, 80.99999979549466, 81.9999997929699, 82.99999979044514, 83.99999978792039, 84.99999978539563, 85.99999978287087, 86.99999978034612, 87.99999977782136, 88.9999997752966, 89.99999977277184, 90.99999977024709, 91.99999976772233, 92.99999976519757, 93.99999976267281, 94.99999976014806, 95.9999997576233, 96.99999975509854, 97.99999975257379, 98.99999975004903, 99.99999974752427, 100.99999974499951, 101.99999974247476, 102.99999973995, 103.99999973742524, 104.99999973490048, 105.99999973237573, 106.99999972985097, 107.99999972732621, 108.99999972480146, 109.9999997222767, 110.99999971975194, 111.99999971722718, 112.99999971470243, 113.99999971217767, 114.99999970965291, 115.99999970712815, 116.9999997046034, 117.99999970207864, 118.99999969955388], "Index": [1.0, 2.0, 3.0, 4.0, 5.0, 6.0, 7.0, 8.0, 9.0, 10.0, 11.0, 12.0, 13.0, 14.0, 15.0, 16.0, 17.0, 18.0, 19.0, 20.0, 21.0, 22.0, 23.0, 24.0, 25.0, 26.0, 27.0, 28.0, 29.0, 30.0, 31.0, 32.0, 33.0, 34.0, 35.0, 36.0, 37.0, 38.0, 39.0, 40.0, 41.0, 42.0, 43.0, 44.0, 45.0, 46.0, 47.0, 48.0, 49.0, 50.0, 51.0, 52.0, 53.0, 54.0, 55.0, 56.0, 57.0, 58.0, 59.0, 60.0, 61.0, 62.0, 63.0, 64.0, 65.0, 66.0, 67.0, 68.0, 69.0, 70.0, 71.0, 72.0, 73.0, 74.0, 75.0, 76.0, 77.0, 78.0, 79.0, 80.0, 81.0, 82.0, 83.0, 84.0, 85.0, 86.0, 87.0, 88.0, 89.0, 90.0, 91.0, 92.0, 93.0, 94.0, 95.0, 96.0, 97.0, 98.0, 99.0, 100.0, 101.0, 102.0, 103.0, 104.0, 105.0, 106.0, 107.0, 108.0, 109.0, 110.0, 111.0, 112.0, 113.0, 114.0, 115.0, 116.0, 117.0, 118.0, 119.0, 120.0]}}