{"recordsignal": {"Time": [1053.6837133397044, 1054.6837133371796, 1055.6837133346548, 1056.68371333213, 1057.6837133296053, 1058.6837133270806, 1059.6837133245558, 1060.683713322031, 1061.6837133195063, 1062.6837133169815, 1063.6837133144568, 1064.683713311932, 1065.6837133094073, 1066.6837133068825, 1067.6837133043578, 1068.683713301833, 1069.6837132993082, 1070.6837132967835, 1071.6837132942587, 1072.683713291734, 1073.6837132892092, 1074.6837132866845, 1075.6837132841597, 1076.683713281635, 1077.6837132791102, 1078.6837132765854, 1079.6837132740607, 1080.683713271536, 1081.6837132690112, 1082.6837132664864, 1083.6837132639616, 1084.6837132614369, 1085.6837132589121, 1086.6837132563874, 1087.6837132538626, 1088.6837132513378, 1089.683713248813, 1090.6837132462883, 1091.6837132437636, 1092.6837132412388, 1093.683713238714, 1094.6837132361893, 1095.6837132336645, 1096.6837132311398, 1097.683713228615, 1098.6837132260903, 1099.6837132235655, 1100.6837132210408, 1101.683713218516, 1102.6837132159912, 1103.6837132134665, 1104.6837132109417, 1105.683713208417, 1106.6837132058922, 1107.6837132033675, 1108.6837132008427, 1109.683713198318, 1110.6837131957932, 1111.6837131932684, 1112.6837131907437, 1113.683713188219, 1114.6837131856942, 1115.6837131831694, 1116.6837131806446, 1117.68371317812, 1118.6837131755951, 1119.6837131730704, 1120.6837131705456, 1121.6837131680209, 1122.683713165496, 1123.6837131629713, 1124.6837131604466, 1125.6837131579218, 1126.683713155397, 1127.6837131528723, 1128.6837131503476, 1129.6837131478228, 1130.683713145298, 1131.6837131427733, 1132.6837131402485, 1133.6837131377238, 1134.683713135199, 1135.6837131326743, 1136.6837131301495, 1137.6837131276247, 1138.6837131251, 1139.6837131225752, 1140.6837131200505, 1141.6837131175257, 1142.683713115001, 1143.6837131124762, 1144.6837131099514, 1145.6837131074267, 1146.683713104902, 1147.6837131023772, 1148.6837130998524, 1149.6837130973277, 1150.683713094803, 1151.6837130922781, 1152.6837130897534, 1153.6837130872286, 1154.6837130847039, 1155.683713082179, 1156.6837130796544, 1157.6837130771296, 1158.6837130746048, 1159.68371307208, 1160.6837130695553, 1161.6837130670306, 1162.6837130645058, 1163.683713061981, 1164.6837130594563, 1165.6837130569315, 1166.6837130544068, 1167.683713051882, 1168.6837130493573, 1169.6837130468325, 1170.6837130443078, 1171.683713041783, 1172.6837130392582], "WE(1).Potential": [-1.1883544921875, 1.50665283203125, 1.65069580078125, 1.6717529296875, 1.66778564453125, 1.6790771484375, 1.65679931640625, 1.6583251953125, 1.632080078125, 1.66839599609375, 1.68426513671875, 1.697998046875, 1.6485595703125, 1.62261962890625, 1.71051025390625, 1.63543701171875, 1.6375732421875, 1.6473388671875, 1.663818359375, 1.6546630859375, 1.6607666015625, 1.712646484375, 1.65130615234375, 1.656494140625, 1.7138671875, 1.67755126953125, 1.68609619140625, 1.7291259765625, 1.65985107421875, 1.69036865234375, 1.71905517578125, 1.65313720703125, 1.7242431640625, 1.640625, 1.7218017578125, 1.67694091796875, 1.6412353515625, 1.68701171875, 1.62200927734375, 1.70379638671875, 1.614990234375, 1.69281005859375, 1.63238525390625, 1.62445068359375, 1.68304443359375, 1.605224609375, 1.63360595703125, 1.62567138671875, 1.6705322265625, 1.671142578125, 1.60186767578125, 1.614990234375, 1.6815185546875, 1.5960693359375, 1.63421630859375, 1.68121337890625, 1.63177490234375, 1.65191650390625, 1.60888671875, 1.68365478515625, 1.62841796875, 1.6650390625, 1.654052734375, 1.622314453125, 1.7132568359375, 1.630859375, 1.695556640625, 1.705322265625, 1.6650390625, 1.73309326171875, 1.66015625, 1.73980712890625, 1.6546630859375, 1.73980712890625, 1.7279052734375, 1.741943359375, 1.7431640625, 1.74774169921875, 1.707763671875, 1.66961669921875, 1.73828125, 1.65985107421875, 1.64947509765625, 1.676025390625, 1.68792724609375, 1.65924072265625, 1.64276123046875, 1.6290283203125, 1.649169921875, 1.6802978515625, 1.68975830078125, 1.6180419921875, 1.673583984375, 1.62322998046875, 1.630859375, 1.632080078125, 1.6192626953125, 1.59637451171875, 1.6552734375, 1.5863037109375, 1.59912109375, 1.62811279296875, 1.5802001953125, 1.55487060546875, 1.62200927734375, 1.58599853515625, 1.5728759765625, 1.62200927734375, 1.600341796875, 1.59149169921875, 1.64093017578125, 1.56463623046875, 1.55670166015625, 1.58782958984375, 1.59820556640625, 1.62445068359375, 1.63818359375, 1.6046142578125, 1.56707763671875, 1.5753173828125], "Corrected time": [0.0, 0.9999999974752427, 1.9999999949504854, 2.999999992425728, 3.999999989900971, 4.9999999873762135, 5.999999984851456, 6.999999982326699, 7.999999979801942, 8.999999977277184, 9.999999974752427, 10.99999997222767, 11.999999969702912, 12.999999967178155, 13.999999964653398, 14.99999996212864, 15.999999959603883, 16.999999957079126, 17.99999995455437, 18.99999995202961, 19.999999949504854, 20.999999946980097, 21.99999994445534, 22.999999941930582, 23.999999939405825, 24.999999936881068, 25.99999993435631, 26.999999931831553, 27.999999929306796, 28.99999992678204, 29.99999992425728, 30.999999921732524, 31.999999919207767, 32.99999991668301, 33.99999991415825, 34.999999911633495, 35.99999990910874, 36.99999990658398, 37.99999990405922, 38.999999901534466, 39.99999989900971, 40.99999989648495, 41.999999893960194, 42.999999891435436, 43.99999988891068, 44.99999988638592, 45.999999883861165, 46.99999988133641, 47.99999987881165, 48.99999987628689, 49.999999873762135, 50.99999987123738, 51.99999986871262, 52.99999986618786, 53.999999863663106, 54.99999986113835, 55.99999985861359, 56.999999856088834, 57.99999985356408, 58.99999985103932, 59.99999984851456, 60.999999845989805, 61.99999984346505, 62.99999984094029, 63.99999983841553, 64.99999983589078, 65.99999983336602, 66.99999983084126, 67.9999998283165, 68.99999982579175, 69.99999982326699, 70.99999982074223, 71.99999981821747, 72.99999981569272, 73.99999981316796, 74.9999998106432, 75.99999980811845, 76.99999980559369, 77.99999980306893, 78.99999980054417, 79.99999979801942, 80.99999979549466, 81.9999997929699, 82.99999979044514, 83.99999978792039, 84.99999978539563, 85.99999978287087, 86.99999978034612, 87.99999977782136, 88.9999997752966, 89.99999977277184, 90.99999977024709, 91.99999976772233, 92.99999976519757, 93.99999976267281, 94.99999976014806, 95.9999997576233, 96.99999975509854, 97.99999975257379, 98.99999975004903, 99.99999974752427, 100.99999974499951, 101.99999974247476, 102.99999973995, 103.99999973742524, 104.99999973490048, 105.99999973237573, 106.99999972985097, 107.99999972732621, 108.99999972480146, 109.9999997222767, 110.99999971975194, 111.99999971722718, 112.99999971470243, 113.99999971217767, 114.99999970965291, 115.99999970712815, 116.9999997046034, 117.99999970207864, 118.99999969955388], "Index": [1.0, 2.0, 3.0, 4.0, 5.0, 6.0, 7.0, 8.0, 9.0, 10.0, 11.0, 12.0, 13.0, 14.0, 15.0, 16.0, 17.0, 18.0, 19.0, 20.0, 21.0, 22.0, 23.0, 24.0, 25.0, 26.0, 27.0, 28.0, 29.0, 30.0, 31.0, 32.0, 33.0, 34.0, 35.0, 36.0, 37.0, 38.0, 39.0, 40.0, 41.0, 42.0, 43.0, 44.0, 45.0, 46.0, 47.0, 48.0, 49.0, 50.0, 51.0, 52.0, 53.0, 54.0, 55.0, 56.0, 57.0, 58.0, 59.0, 60.0, 61.0, 62.0, 63.0, 64.0, 65.0, 66.0, 67.0, 68.0, 69.0, 70.0, 71.0, 72.0, 73.0, 74.0, 75.0, 76.0, 77.0, 78.0, 79.0, 80.0, 81.0, 82.0, 83.0, 84.0, 85.0, 86.0, 87.0, 88.0, 89.0, 90.0, 91.0, 92.0, 93.0, 94.0, 95.0, 96.0, 97.0, 98.0, 99.0, 100.0, 101.0, 102.0, 103.0, 104.0, 105.0, 106.0, 107.0, 108.0, 109.0, 110.0, 111.0, 112.0, 113.0, 114.0, 115.0, 116.0, 117.0, 118.0, 119.0, 120.0]}}