{"recordsignal": {"Time": [9917.664189960306, 9918.66418995778, 9919.664189955256, 9920.664189952731, 9921.664189950206, 9922.664189947682, 9923.664189945157, 9924.664189942632, 9925.664189940107, 9926.664189937583, 9927.664189935058, 9928.664189932533, 9929.664189930008, 9930.664189927484, 9931.664189924959, 9932.664189922434, 9933.66418991991, 9934.664189917385, 9935.66418991486, 9936.664189912335, 9937.66418990981, 9938.664189907286, 9939.66418990476, 9940.664189902236, 9941.664189899711, 9942.664189897187, 9943.664189894662, 9944.664189892137, 9945.664189889612, 9946.664189887088, 9947.664189884563, 9948.664189882038, 9949.664189879513, 9950.664189876989, 9951.664189874464, 9952.664189871939, 9953.664189869414, 9954.66418986689, 9955.664189864365, 9956.66418986184, 9957.664189859315, 9958.66418985679, 9959.664189854266, 9960.664189851741, 9961.664189849216, 9962.664189846691, 9963.664189844167, 9964.664189841642, 9965.664189839117, 9966.664189836592, 9967.664189834068, 9968.664189831543, 9969.664189829018, 9970.664189826493, 9971.664189823969, 9972.664189821444, 9973.66418981892, 9974.664189816394, 9975.66418981387, 9976.664189811345, 9977.66418980882, 9978.664189806295, 9979.66418980377, 9980.664189801246, 9981.664189798721, 9982.664189796196, 9983.664189793672, 9984.664189791147, 9985.664189788622, 9986.664189786097, 9987.664189783573, 9988.664189781048, 9989.664189778523, 9990.664189775998, 9991.664189773473, 9992.664189770949, 9993.664189768424, 9994.6641897659, 9995.664189763374, 9996.66418976085, 9997.664189758325, 9998.6641897558, 9999.664189753275, 10000.66418975075, 10001.664189748226, 10002.664189745701, 10003.664189743176, 10004.664189740652, 10005.664189738127, 10006.664189735602, 10007.664189733077, 10008.664189730553, 10009.664189728028, 10010.664189725503, 10011.664189722978, 10012.664189720454, 10013.664189717929, 10014.664189715404, 10015.66418971288, 10016.664189710355, 10017.66418970783, 10018.664189705305, 10019.66418970278, 10020.664189700256, 10021.66418969773, 10022.664189695206, 10023.664189692681, 10024.664189690156, 10025.664189687632, 10026.664189685107, 10027.664189682582, 10028.664189680057, 10029.664189677533, 10030.664189675008, 10031.664189672483, 10032.664189669958, 10033.664189667434, 10034.664189664909, 10035.664189662384, 10036.66418965986], "WE(1).Potential": [0.126800537109375, 0.14166259765625, 0.07537841796875, 0.155120849609375, 0.086090087890625, 0.141632080078125, 0.10394287109375, 0.088104248046875, 0.141204833984375, 0.071868896484375, 0.13690185546875, 0.069854736328125, 0.13714599609375, 0.063140869140625, 0.101806640625, 0.13031005859375, 0.13763427734375, 0.0628662109375, 0.13604736328125, 0.134368896484375, 0.080780029296875, 0.053009033203125, 0.05462646484375, 0.06890869140625, 0.1, 0.12322998046875, 0.1107177734375, 0.125244140625, 0.04669189453125, 0.1, 0.093536376953125, 0.072174072265625, 0.04217529296875, 0.065673828125, 0.115234375, 0.1199951171875, 0.04248046875, 0.1, 0.05255126953125, 0.045745849609375, 0.11138916015625, 0.038787841796875, 0.062408447265625, 0.1, 0.1, 0.040679931640625, 0.08197021484375, 0.092254638671875, 0.114471435546875, 0.067596435546875, 0.0345458984375, 0.055511474609375, 0.0570068359375, 0.032318115234375, 0.043365478515625, 0.04962158203125, 0.06024169921875, 0.064849853515625, 0.080230712890625, 0.08782958984375, 0.1064453125, 0.1, 0.083251953125, 0.112823486328125, 0.1, 0.09662475585937501, 0.1, 0.09857177734375, 0.03997802734375, 0.05560302734375, 0.1, 0.075286865234375, 0.030120849609375, 0.1, 0.046722412109375, 0.035980224609375, 0.09729614257812501, 0.097314453125, 0.033660888671875, 0.0923858642578125, 0.067059326171875, 0.022491455078125, 0.05096435546875, 0.0654296875, 0.050689697265625, 0.02545166015625, 0.0974212646484375, 0.10211181640625, 0.09978027343750001, 0.09187622070312501, 0.10284423828125, 0.1, 0.0880126953125, 0.03167724609375, 0.0940948486328125, 0.02117919921875, 0.098236083984375, 0.0750823974609375, 0.021942138671875, 0.08255310058593751, 0.08374328613281251, 0.10546875, 0.08350219726562501, 0.04296875, 0.08526611328125, 0.11468505859375, 0.04669189453125, 0.130126953125, 0.057281494140625, 0.142852783203125, 0.10943603515625, 0.09423828125, 0.09722900390625, 0.095367431640625, 0.109954833984375, 0.13983154296875, 0.183929443359375, 0.1416015625, 0.148468017578125, 0.19610595703125], "Corrected time": [0.0, 0.9999999974752427, 1.9999999949504854, 2.999999992425728, 3.999999989900971, 4.9999999873762135, 5.999999984851456, 6.999999982326699, 7.999999979801942, 8.999999977277184, 9.999999974752427, 10.99999997222767, 11.999999969702912, 12.999999967178155, 13.999999964653398, 14.99999996212864, 15.999999959603883, 16.999999957079126, 17.99999995455437, 18.99999995202961, 19.999999949504854, 20.999999946980097, 21.99999994445534, 22.999999941930582, 23.999999939405825, 24.999999936881068, 25.99999993435631, 26.999999931831553, 27.999999929306796, 28.99999992678204, 29.99999992425728, 30.999999921732524, 31.999999919207767, 32.99999991668301, 33.99999991415825, 34.999999911633495, 35.99999990910874, 36.99999990658398, 37.99999990405922, 38.999999901534466, 39.99999989900971, 40.99999989648495, 41.999999893960194, 42.999999891435436, 43.99999988891068, 44.99999988638592, 45.999999883861165, 46.99999988133641, 47.99999987881165, 48.99999987628689, 49.999999873762135, 50.99999987123738, 51.99999986871262, 52.99999986618786, 53.999999863663106, 54.99999986113835, 55.99999985861359, 56.999999856088834, 57.99999985356408, 58.99999985103932, 59.99999984851456, 60.999999845989805, 61.99999984346505, 62.99999984094029, 63.99999983841553, 64.99999983589078, 65.99999983336602, 66.99999983084126, 67.9999998283165, 68.99999982579175, 69.99999982326699, 70.99999982074223, 71.99999981821747, 72.99999981569272, 73.99999981316796, 74.9999998106432, 75.99999980811845, 76.99999980559369, 77.99999980306893, 78.99999980054417, 79.99999979801942, 80.99999979549466, 81.9999997929699, 82.99999979044514, 83.99999978792039, 84.99999978539563, 85.99999978287087, 86.99999978034612, 87.99999977782136, 88.9999997752966, 89.99999977277184, 90.99999977024709, 91.99999976772233, 92.99999976519757, 93.99999976267281, 94.99999976014806, 95.9999997576233, 96.99999975509854, 97.99999975257379, 98.99999975004903, 99.99999974752427, 100.99999974499951, 101.99999974247476, 102.99999973995, 103.99999973742524, 104.99999973490048, 105.99999973237573, 106.99999972985097, 107.99999972732621, 108.99999972480146, 109.9999997222767, 110.99999971975194, 111.99999971722718, 112.99999971470243, 113.99999971217767, 114.99999970965291, 115.99999970712815, 116.9999997046034, 117.99999970207864, 118.99999969955388], "Index": [1.0, 2.0, 3.0, 4.0, 5.0, 6.0, 7.0, 8.0, 9.0, 10.0, 11.0, 12.0, 13.0, 14.0, 15.0, 16.0, 17.0, 18.0, 19.0, 20.0, 21.0, 22.0, 23.0, 24.0, 25.0, 26.0, 27.0, 28.0, 29.0, 30.0, 31.0, 32.0, 33.0, 34.0, 35.0, 36.0, 37.0, 38.0, 39.0, 40.0, 41.0, 42.0, 43.0, 44.0, 45.0, 46.0, 47.0, 48.0, 49.0, 50.0, 51.0, 52.0, 53.0, 54.0, 55.0, 56.0, 57.0, 58.0, 59.0, 60.0, 61.0, 62.0, 63.0, 64.0, 65.0, 66.0, 67.0, 68.0, 69.0, 70.0, 71.0, 72.0, 73.0, 74.0, 75.0, 76.0, 77.0, 78.0, 79.0, 80.0, 81.0, 82.0, 83.0, 84.0, 85.0, 86.0, 87.0, 88.0, 89.0, 90.0, 91.0, 92.0, 93.0, 94.0, 95.0, 96.0, 97.0, 98.0, 99.0, 100.0, 101.0, 102.0, 103.0, 104.0, 105.0, 106.0, 107.0, 108.0, 109.0, 110.0, 111.0, 112.0, 113.0, 114.0, 115.0, 116.0, 117.0, 118.0, 119.0, 120.0]}}