{"recordsignal": {"Time": [10827.627604662868, 10828.627604660343, 10829.627604657819, 10830.627604655294, 10831.62760465277, 10832.627604650244, 10833.62760464772, 10834.627604645195, 10835.62760464267, 10836.627604640145, 10837.62760463762, 10838.627604635096, 10839.627604632571, 10840.627604630046, 10841.627604627522, 10842.627604624997, 10843.627604622472, 10844.627604619947, 10845.627604617423, 10846.627604614898, 10847.627604612373, 10848.627604609848, 10849.627604607324, 10850.627604604799, 10851.627604602274, 10852.62760459975, 10853.627604597224, 10854.6276045947, 10855.627604592175, 10856.62760458965, 10857.627604587125, 10858.6276045846, 10859.627604582076, 10860.627604579551, 10861.627604577026, 10862.627604574502, 10863.627604571977, 10864.627604569452, 10865.627604566927, 10866.627604564403, 10867.627604561878, 10868.627604559353, 10869.627604556828, 10870.627604554304, 10871.627604551779, 10872.627604549254, 10873.62760454673, 10874.627604544205, 10875.62760454168, 10876.627604539155, 10877.62760453663, 10878.627604534106, 10879.62760453158, 10880.627604529056, 10881.627604526531, 10882.627604524007, 10883.627604521482, 10884.627604518957, 10885.627604516432, 10886.627604513907, 10887.627604511383, 10888.627604508858, 10889.627604506333, 10890.627604503808, 10891.627604501284, 10892.627604498759, 10893.627604496234, 10894.62760449371, 10895.627604491185, 10896.62760448866, 10897.627604486135, 10898.62760448361, 10899.627604481086, 10900.62760447856, 10901.627604476036, 10902.627604473511, 10903.627604470987, 10904.627604468462, 10905.627604465937, 10906.627604463412, 10907.627604460888, 10908.627604458363, 10909.627604455838, 10910.627604453313, 10911.627604450789, 10912.627604448264, 10913.627604445739, 10914.627604443214, 10915.62760444069, 10916.627604438165, 10917.62760443564, 10918.627604433115, 10919.62760443059, 10920.627604428066, 10921.627604425541, 10922.627604423016, 10923.627604420491, 10924.627604417967, 10925.627604415442, 10926.627604412917, 10927.627604410392, 10928.627604407868, 10929.627604405343, 10930.627604402818, 10931.627604400293, 10932.627604397769, 10933.627604395244, 10934.62760439272, 10935.627604390194, 10936.62760438767, 10937.627604385145, 10938.62760438262, 10939.627604380095, 10940.62760437757, 10941.627604375046, 10942.627604372521, 10943.627604369996, 10944.627604367472, 10945.627604364947, 10946.627604362422], "WE(1).Potential": [0.1380615234375, 0.164886474609375, 0.129486083984375, 0.193359375, 0.157073974609375, 0.128265380859375, 0.19512939453125, 0.1341552734375, 0.135284423828125, 0.1781005859375, 0.194366455078125, 0.139007568359375, 0.157470703125, 0.117950439453125, 0.17095947265625, 0.1451416015625, 0.171630859375, 0.1929931640625, 0.13507080078125, 0.13165283203125, 0.157379150390625, 0.19073486328125, 0.212249755859375, 0.1656494140625, 0.1497802734375, 0.13372802734375, 0.18951416015625, 0.190338134765625, 0.13726806640625, 0.152313232421875, 0.178070068359375, 0.173065185546875, 0.20050048828125, 0.194000244140625, 0.1455078125, 0.1427001953125, 0.193115234375, 0.218292236328125, 0.203765869140625, 0.19891357421875, 0.16241455078125, 0.144378662109375, 0.18804931640625, 0.22412109375, 0.22113037109375, 0.176055908203125, 0.147918701171875, 0.17669677734375, 0.20843505859375, 0.22503662109375, 0.150726318359375, 0.205841064453125, 0.186859130859375, 0.2010498046875, 0.22698974609375, 0.177093505859375, 0.193115234375, 0.2279052734375, 0.2623291015625, 0.188568115234375, 0.26171875, 0.2205810546875, 0.191162109375, 0.1953125, 0.250152587890625, 0.224761962890625, 0.193359375, 0.213592529296875, 0.264129638671875, 0.238677978515625, 0.26055908203125, 0.24395751953125, 0.214447021484375, 0.190338134765625, 0.21160888671875, 0.225830078125, 0.20477294921875, 0.205657958984375, 0.205078125, 0.204681396484375, 0.198944091796875, 0.216796875, 0.17376708984375, 0.18280029296875, 0.2271728515625, 0.217498779296875, 0.194427490234375, 0.21697998046875, 0.17926025390625, 0.143096923828125, 0.13531494140625, 0.170135498046875, 0.195709228515625, 0.2027587890625, 0.19415283203125, 0.122344970703125, 0.176544189453125, 0.1951904296875, 0.184112548828125, 0.130462646484375, 0.087982177734375, 0.182861328125, 0.179840087890625, 0.123046875, 0.148468017578125, 0.192047119140625, 0.17742919921875, 0.148712158203125, 0.16845703125, 0.203521728515625, 0.17425537109375, 0.169097900390625, 0.19921875, 0.176025390625, 0.143310546875, 0.173614501953125, 0.174346923828125, 0.12158203125, 0.19586181640625, 0.133514404296875], "Corrected time": [0.0, 0.9999999974752427, 1.9999999949504854, 2.999999992425728, 3.999999989900971, 4.9999999873762135, 5.999999984851456, 6.999999982326699, 7.999999979801942, 8.999999977277184, 9.999999974752427, 10.99999997222767, 11.999999969702912, 12.999999967178155, 13.999999964653398, 14.99999996212864, 15.999999959603883, 16.999999957079126, 17.99999995455437, 18.99999995202961, 19.999999949504854, 20.999999946980097, 21.99999994445534, 22.999999941930582, 23.999999939405825, 24.999999936881068, 25.99999993435631, 26.999999931831553, 27.999999929306796, 28.99999992678204, 29.99999992425728, 30.999999921732524, 31.999999919207767, 32.99999991668301, 33.99999991415825, 34.999999911633495, 35.99999990910874, 36.99999990658398, 37.99999990405922, 38.999999901534466, 39.99999989900971, 40.99999989648495, 41.999999893960194, 42.999999891435436, 43.99999988891068, 44.99999988638592, 45.999999883861165, 46.99999988133641, 47.99999987881165, 48.99999987628689, 49.999999873762135, 50.99999987123738, 51.99999986871262, 52.99999986618786, 53.999999863663106, 54.99999986113835, 55.99999985861359, 56.999999856088834, 57.99999985356408, 58.99999985103932, 59.99999984851456, 60.999999845989805, 61.99999984346505, 62.99999984094029, 63.99999983841553, 64.99999983589078, 65.99999983336602, 66.99999983084126, 67.9999998283165, 68.99999982579175, 69.99999982326699, 70.99999982074223, 71.99999981821747, 72.99999981569272, 73.99999981316796, 74.9999998106432, 75.99999980811845, 76.99999980559369, 77.99999980306893, 78.99999980054417, 79.99999979801942, 80.99999979549466, 81.9999997929699, 82.99999979044514, 83.99999978792039, 84.99999978539563, 85.99999978287087, 86.99999978034612, 87.99999977782136, 88.9999997752966, 89.99999977277184, 90.99999977024709, 91.99999976772233, 92.99999976519757, 93.99999976267281, 94.99999976014806, 95.9999997576233, 96.99999975509854, 97.99999975257379, 98.99999975004903, 99.99999974752427, 100.99999974499951, 101.99999974247476, 102.99999973995, 103.99999973742524, 104.99999973490048, 105.99999973237573, 106.99999972985097, 107.99999972732621, 108.99999972480146, 109.9999997222767, 110.99999971975194, 111.99999971722718, 112.99999971470243, 113.99999971217767, 114.99999970965291, 115.99999970712815, 116.9999997046034, 117.99999970207864, 118.99999969955388], "Index": [1.0, 2.0, 3.0, 4.0, 5.0, 6.0, 7.0, 8.0, 9.0, 10.0, 11.0, 12.0, 13.0, 14.0, 15.0, 16.0, 17.0, 18.0, 19.0, 20.0, 21.0, 22.0, 23.0, 24.0, 25.0, 26.0, 27.0, 28.0, 29.0, 30.0, 31.0, 32.0, 33.0, 34.0, 35.0, 36.0, 37.0, 38.0, 39.0, 40.0, 41.0, 42.0, 43.0, 44.0, 45.0, 46.0, 47.0, 48.0, 49.0, 50.0, 51.0, 52.0, 53.0, 54.0, 55.0, 56.0, 57.0, 58.0, 59.0, 60.0, 61.0, 62.0, 63.0, 64.0, 65.0, 66.0, 67.0, 68.0, 69.0, 70.0, 71.0, 72.0, 73.0, 74.0, 75.0, 76.0, 77.0, 78.0, 79.0, 80.0, 81.0, 82.0, 83.0, 84.0, 85.0, 86.0, 87.0, 88.0, 89.0, 90.0, 91.0, 92.0, 93.0, 94.0, 95.0, 96.0, 97.0, 98.0, 99.0, 100.0, 101.0, 102.0, 103.0, 104.0, 105.0, 106.0, 107.0, 108.0, 109.0, 110.0, 111.0, 112.0, 113.0, 114.0, 115.0, 116.0, 117.0, 118.0, 119.0, 120.0]}}