{"recordsignal": {"Time": [9240.393940670248, 9241.393940667724, 9242.393940665199, 9243.393940662674, 9244.39394066015, 9245.393940657625, 9246.3939406551, 9247.393940652575, 9248.39394065005, 9249.393940647526, 9250.393940645, 9251.393940642476, 9252.393940639951, 9253.393940637427, 9254.393940634902, 9255.393940632377, 9256.393940629852, 9257.393940627328, 9258.393940624803, 9259.393940622278, 9260.393940619753, 9261.393940617229, 9262.393940614704, 9263.393940612179, 9264.393940609654, 9265.39394060713, 9266.393940604605, 9267.39394060208, 9268.393940599555, 9269.39394059703, 9270.393940594506, 9271.393940591981, 9272.393940589456, 9273.393940586931, 9274.393940584407, 9275.393940581882, 9276.393940579357, 9277.393940576832, 9278.393940574308, 9279.393940571783, 9280.393940569258, 9281.393940566733, 9282.393940564209, 9283.393940561684, 9284.39394055916, 9285.393940556634, 9286.39394055411, 9287.393940551585, 9288.39394054906, 9289.393940546535, 9290.39394054401, 9291.393940541486, 9292.393940538961, 9293.393940536436, 9294.393940533912, 9295.393940531387, 9296.393940528862, 9297.393940526337, 9298.393940523812, 9299.393940521288, 9300.393940518763, 9301.393940516238, 9302.393940513713, 9303.393940511189, 9304.393940508664, 9305.39394050614, 9306.393940503614, 9307.39394050109, 9308.393940498565, 9309.39394049604, 9310.393940493515, 9311.39394049099, 9312.393940488466, 9313.393940485941, 9314.393940483416, 9315.393940480892, 9316.393940478367, 9317.393940475842, 9318.393940473317, 9319.393940470793, 9320.393940468268, 9321.393940465743, 9322.393940463218, 9323.393940460694, 9324.393940458169, 9325.393940455644, 9326.39394045312, 9327.393940450595, 9328.39394044807, 9329.393940445545, 9330.39394044302, 9331.393940440495, 9332.39394043797, 9333.393940435446, 9334.393940432921, 9335.393940430396, 9336.393940427872, 9337.393940425347, 9338.393940422822, 9339.393940420297, 9340.393940417773, 9341.393940415248, 9342.393940412723, 9343.393940410198, 9344.393940407674, 9345.393940405149, 9346.393940402624, 9347.3939404001, 9348.393940397575, 9349.39394039505, 9350.393940392525, 9351.39394039, 9352.393940387476, 9353.39394038495, 9354.393940382426, 9355.393940379901, 9356.393940377377, 9357.393940374852, 9358.393940372327, 9359.393940369802], "WE(1).Potential": [0.1163330078125, 0.099029541015625, 0.15496826171875, 0.12811279296875, 0.116180419921875, 0.151947021484375, 0.16400146484375, 0.1572265625, 0.154571533203125, 0.15985107421875, 0.104461669921875, 0.081512451171875, 0.108978271484375, 0.101348876953125, 0.12213134765625, 0.13275146484375, 0.08172607421875, 0.081878662109375, 0.11181640625, 0.16326904296875, 0.116485595703125, 0.107666015625, 0.157867431640625, 0.090576171875, 0.136810302734375, 0.1220703125, 0.166961669921875, 0.101531982421875, 0.125946044921875, 0.171417236328125, 0.14923095703125, 0.0985107421875, 0.096527099609375, 0.122589111328125, 0.1614990234375, 0.15155029296875, 0.092193603515625, 0.142486572265625, 0.124725341796875, 0.091094970703125, 0.089263916015625, 0.094390869140625, 0.0955810546875, 0.09539794921875, 0.096649169921875, 0.09649658203125, 0.09454345703125, 0.138916015625, 0.137603759765625, 0.13348388671875, 0.1275634765625, 0.112060546875, 0.163055419921875, 0.127777099609375, 0.138458251953125, 0.11846923828125, 0.11041259765625, 0.126983642578125, 0.16766357421875, 0.100616455078125, 0.162109375, 0.106536865234375, 0.110443115234375, 0.162628173828125, 0.082366943359375, 0.12652587890625, 0.154510498046875, 0.1590576171875, 0.0836181640625, 0.144073486328125, 0.08587646484375, 0.155975341796875, 0.0733642578125, 0.134002685546875, 0.12689208984375, 0.076934814453125, 0.099761962890625, 0.12353515625, 0.066253662109375, 0.09759521484375, 0.10504150390625, 0.121124267578125, 0.059539794921875, 0.0582275390625, 0.084075927734375, 0.12109375, 0.132415771484375, 0.136749267578125, 0.1365966796875, 0.126312255859375, 0.116119384765625, 0.117706298828125, 0.06634521484375, 0.0804443359375, 0.10894775390625, 0.082977294921875, 0.08514404296875, 0.10943603515625, 0.0701904296875, 0.1314697265625, 0.076171875, 0.06964111328125, 0.13006591796875, 0.065216064453125, 0.082305908203125, 0.113067626953125, 0.06512451171875, 0.057891845703125, 0.100616455078125, 0.1, 0.1, 0.060516357421875, 0.049102783203125, 0.11676025390625, 0.1, 0.0980224609375, 0.0810546875, 0.074951171875, 0.044464111328125, 0.07330322265625], "Corrected time": [0.0, 0.9999999974752427, 1.9999999949504854, 2.999999992425728, 3.999999989900971, 4.9999999873762135, 5.999999984851456, 6.999999982326699, 7.999999979801942, 8.999999977277184, 9.999999974752427, 10.99999997222767, 11.999999969702912, 12.999999967178155, 13.999999964653398, 14.99999996212864, 15.999999959603883, 16.999999957079126, 17.99999995455437, 18.99999995202961, 19.999999949504854, 20.999999946980097, 21.99999994445534, 22.999999941930582, 23.999999939405825, 24.999999936881068, 25.99999993435631, 26.999999931831553, 27.999999929306796, 28.99999992678204, 29.99999992425728, 30.999999921732524, 31.999999919207767, 32.99999991668301, 33.99999991415825, 34.999999911633495, 35.99999990910874, 36.99999990658398, 37.99999990405922, 38.999999901534466, 39.99999989900971, 40.99999989648495, 41.999999893960194, 42.999999891435436, 43.99999988891068, 44.99999988638592, 45.999999883861165, 46.99999988133641, 47.99999987881165, 48.99999987628689, 49.999999873762135, 50.99999987123738, 51.99999986871262, 52.99999986618786, 53.999999863663106, 54.99999986113835, 55.99999985861359, 56.999999856088834, 57.99999985356408, 58.99999985103932, 59.99999984851456, 60.999999845989805, 61.99999984346505, 62.99999984094029, 63.99999983841553, 64.99999983589078, 65.99999983336602, 66.99999983084126, 67.9999998283165, 68.99999982579175, 69.99999982326699, 70.99999982074223, 71.99999981821747, 72.99999981569272, 73.99999981316796, 74.9999998106432, 75.99999980811845, 76.99999980559369, 77.99999980306893, 78.99999980054417, 79.99999979801942, 80.99999979549466, 81.9999997929699, 82.99999979044514, 83.99999978792039, 84.99999978539563, 85.99999978287087, 86.99999978034612, 87.99999977782136, 88.9999997752966, 89.99999977277184, 90.99999977024709, 91.99999976772233, 92.99999976519757, 93.99999976267281, 94.99999976014806, 95.9999997576233, 96.99999975509854, 97.99999975257379, 98.99999975004903, 99.99999974752427, 100.99999974499951, 101.99999974247476, 102.99999973995, 103.99999973742524, 104.99999973490048, 105.99999973237573, 106.99999972985097, 107.99999972732621, 108.99999972480146, 109.9999997222767, 110.99999971975194, 111.99999971722718, 112.99999971470243, 113.99999971217767, 114.99999970965291, 115.99999970712815, 116.9999997046034, 117.99999970207864, 118.99999969955388], "Index": [1.0, 2.0, 3.0, 4.0, 5.0, 6.0, 7.0, 8.0, 9.0, 10.0, 11.0, 12.0, 13.0, 14.0, 15.0, 16.0, 17.0, 18.0, 19.0, 20.0, 21.0, 22.0, 23.0, 24.0, 25.0, 26.0, 27.0, 28.0, 29.0, 30.0, 31.0, 32.0, 33.0, 34.0, 35.0, 36.0, 37.0, 38.0, 39.0, 40.0, 41.0, 42.0, 43.0, 44.0, 45.0, 46.0, 47.0, 48.0, 49.0, 50.0, 51.0, 52.0, 53.0, 54.0, 55.0, 56.0, 57.0, 58.0, 59.0, 60.0, 61.0, 62.0, 63.0, 64.0, 65.0, 66.0, 67.0, 68.0, 69.0, 70.0, 71.0, 72.0, 73.0, 74.0, 75.0, 76.0, 77.0, 78.0, 79.0, 80.0, 81.0, 82.0, 83.0, 84.0, 85.0, 86.0, 87.0, 88.0, 89.0, 90.0, 91.0, 92.0, 93.0, 94.0, 95.0, 96.0, 97.0, 98.0, 99.0, 100.0, 101.0, 102.0, 103.0, 104.0, 105.0, 106.0, 107.0, 108.0, 109.0, 110.0, 111.0, 112.0, 113.0, 114.0, 115.0, 116.0, 117.0, 118.0, 119.0, 120.0]}}