{"recordsignal": {"Time": [9465.69801710141, 9466.698017098885, 9467.69801709636, 9468.698017093835, 9469.69801709131, 9470.698017088785, 9471.69801708626, 9472.698017083736, 9473.698017081211, 9474.698017078686, 9475.698017076162, 9476.698017073637, 9477.698017071112, 9478.698017068587, 9479.698017066063, 9480.698017063538, 9481.698017061013, 9482.698017058488, 9483.698017055964, 9484.698017053439, 9485.698017050914, 9486.69801704839, 9487.698017045865, 9488.69801704334, 9489.698017040815, 9490.69801703829, 9491.698017035766, 9492.69801703324, 9493.698017030716, 9494.698017028191, 9495.698017025667, 9496.698017023142, 9497.698017020617, 9498.698017018092, 9499.698017015568, 9500.698017013043, 9501.698017010518, 9502.698017007993, 9503.698017005469, 9504.698017002944, 9505.698017000419, 9506.698016997894, 9507.69801699537, 9508.698016992845, 9509.69801699032, 9510.698016987795, 9511.69801698527, 9512.698016982746, 9513.698016980221, 9514.698016977696, 9515.698016975171, 9516.698016972647, 9517.698016970122, 9518.698016967597, 9519.698016965072, 9520.698016962548, 9521.698016960023, 9522.698016957498, 9523.698016954973, 9524.698016952449, 9525.698016949924, 9526.698016947399, 9527.698016944874, 9528.69801694235, 9529.698016939825, 9530.6980169373, 9531.698016934775, 9532.69801693225, 9533.698016929726, 9534.698016927201, 9535.698016924676, 9536.698016922152, 9537.698016919627, 9538.698016917102, 9539.698016914577, 9540.698016912052, 9541.698016909528, 9542.698016907003, 9543.698016904478, 9544.698016901953, 9545.698016899429, 9546.698016896904, 9547.69801689438, 9548.698016891854, 9549.69801688933, 9550.698016886805, 9551.69801688428, 9552.698016881755, 9553.69801687923, 9554.698016876706, 9555.698016874181, 9556.698016871656, 9557.698016869132, 9558.698016866607, 9559.698016864082, 9560.698016861557, 9561.698016859033, 9562.698016856508, 9563.698016853983, 9564.698016851458, 9565.698016848934, 9566.698016846409, 9567.698016843884, 9568.69801684136, 9569.698016838835, 9570.69801683631, 9571.698016833785, 9572.69801683126, 9573.698016828735, 9574.69801682621, 9575.698016823686, 9576.698016821161, 9577.698016818636, 9578.698016816112, 9579.698016813587, 9580.698016811062, 9581.698016808537, 9582.698016806013, 9583.698016803488, 9584.698016800963], "WE(1).Potential": [0.118682861328125, 0.1817626953125, 0.133758544921875, 0.189178466796875, 0.1173095703125, 0.157012939453125, 0.1776123046875, 0.1080322265625, 0.158447265625, 0.13409423828125, 0.127655029296875, 0.10455322265625, 0.130523681640625, 0.174835205078125, 0.15667724609375, 0.10040283203125, 0.11920166015625, 0.165802001953125, 0.091400146484375, 0.1290283203125, 0.136962890625, 0.1065673828125, 0.16522216796875, 0.099822998046875, 0.162017822265625, 0.115142822265625, 0.1143798828125, 0.174560546875, 0.164459228515625, 0.143707275390625, 0.129119873046875, 0.120574951171875, 0.10552978515625, 0.141143798828125, 0.188720703125, 0.112518310546875, 0.16021728515625, 0.17193603515625, 0.130035400390625, 0.12255859375, 0.1300048828125, 0.157684326171875, 0.1915283203125, 0.12872314453125, 0.15032958984375, 0.1929931640625, 0.14239501953125, 0.19683837890625, 0.13818359375, 0.206787109375, 0.1607666015625, 0.13824462890625, 0.1990966796875, 0.1737060546875, 0.179595947265625, 0.190216064453125, 0.130126953125, 0.180084228515625, 0.183013916015625, 0.134979248046875, 0.17437744140625, 0.1890869140625, 0.128265380859375, 0.197906494140625, 0.162445068359375, 0.187896728515625, 0.137786865234375, 0.168548583984375, 0.162994384765625, 0.127288818359375, 0.161865234375, 0.174530029296875, 0.1405029296875, 0.11920166015625, 0.141937255859375, 0.147979736328125, 0.125213623046875, 0.11932373046875, 0.179443359375, 0.1102294921875, 0.1805419921875, 0.102386474609375, 0.162322998046875, 0.17498779296875, 0.127838134765625, 0.112060546875, 0.113433837890625, 0.142059326171875, 0.16534423828125, 0.153656005859375, 0.12646484375, 0.128021240234375, 0.1734619140625, 0.17120361328125, 0.17364501953125, 0.164794921875, 0.124237060546875, 0.113800048828125, 0.18389892578125, 0.159942626953125, 0.148529052734375, 0.187896728515625, 0.1405029296875, 0.15234375, 0.15069580078125, 0.190460205078125, 0.1522216796875, 0.12872314453125, 0.127960205078125, 0.176849365234375, 0.129638671875, 0.129547119140625, 0.1182861328125, 0.122406005859375, 0.12042236328125, 0.161895751953125, 0.19793701171875, 0.161285400390625, 0.124267578125, 0.157806396484375], "Corrected time": [0.0, 0.9999999974752427, 1.9999999949504854, 2.999999992425728, 3.999999989900971, 4.9999999873762135, 5.999999984851456, 6.999999982326699, 7.999999979801942, 8.999999977277184, 9.999999974752427, 10.99999997222767, 11.999999969702912, 12.999999967178155, 13.999999964653398, 14.99999996212864, 15.999999959603883, 16.999999957079126, 17.99999995455437, 18.99999995202961, 19.999999949504854, 20.999999946980097, 21.99999994445534, 22.999999941930582, 23.999999939405825, 24.999999936881068, 25.99999993435631, 26.999999931831553, 27.999999929306796, 28.99999992678204, 29.99999992425728, 30.999999921732524, 31.999999919207767, 32.99999991668301, 33.99999991415825, 34.999999911633495, 35.99999990910874, 36.99999990658398, 37.99999990405922, 38.999999901534466, 39.99999989900971, 40.99999989648495, 41.999999893960194, 42.999999891435436, 43.99999988891068, 44.99999988638592, 45.999999883861165, 46.99999988133641, 47.99999987881165, 48.99999987628689, 49.999999873762135, 50.99999987123738, 51.99999986871262, 52.99999986618786, 53.999999863663106, 54.99999986113835, 55.99999985861359, 56.999999856088834, 57.99999985356408, 58.99999985103932, 59.99999984851456, 60.999999845989805, 61.99999984346505, 62.99999984094029, 63.99999983841553, 64.99999983589078, 65.99999983336602, 66.99999983084126, 67.9999998283165, 68.99999982579175, 69.99999982326699, 70.99999982074223, 71.99999981821747, 72.99999981569272, 73.99999981316796, 74.9999998106432, 75.99999980811845, 76.99999980559369, 77.99999980306893, 78.99999980054417, 79.99999979801942, 80.99999979549466, 81.9999997929699, 82.99999979044514, 83.99999978792039, 84.99999978539563, 85.99999978287087, 86.99999978034612, 87.99999977782136, 88.9999997752966, 89.99999977277184, 90.99999977024709, 91.99999976772233, 92.99999976519757, 93.99999976267281, 94.99999976014806, 95.9999997576233, 96.99999975509854, 97.99999975257379, 98.99999975004903, 99.99999974752427, 100.99999974499951, 101.99999974247476, 102.99999973995, 103.99999973742524, 104.99999973490048, 105.99999973237573, 106.99999972985097, 107.99999972732621, 108.99999972480146, 109.9999997222767, 110.99999971975194, 111.99999971722718, 112.99999971470243, 113.99999971217767, 114.99999970965291, 115.99999970712815, 116.9999997046034, 117.99999970207864, 118.99999969955388], "Index": [1.0, 2.0, 3.0, 4.0, 5.0, 6.0, 7.0, 8.0, 9.0, 10.0, 11.0, 12.0, 13.0, 14.0, 15.0, 16.0, 17.0, 18.0, 19.0, 20.0, 21.0, 22.0, 23.0, 24.0, 25.0, 26.0, 27.0, 28.0, 29.0, 30.0, 31.0, 32.0, 33.0, 34.0, 35.0, 36.0, 37.0, 38.0, 39.0, 40.0, 41.0, 42.0, 43.0, 44.0, 45.0, 46.0, 47.0, 48.0, 49.0, 50.0, 51.0, 52.0, 53.0, 54.0, 55.0, 56.0, 57.0, 58.0, 59.0, 60.0, 61.0, 62.0, 63.0, 64.0, 65.0, 66.0, 67.0, 68.0, 69.0, 70.0, 71.0, 72.0, 73.0, 74.0, 75.0, 76.0, 77.0, 78.0, 79.0, 80.0, 81.0, 82.0, 83.0, 84.0, 85.0, 86.0, 87.0, 88.0, 89.0, 90.0, 91.0, 92.0, 93.0, 94.0, 95.0, 96.0, 97.0, 98.0, 99.0, 100.0, 101.0, 102.0, 103.0, 104.0, 105.0, 106.0, 107.0, 108.0, 109.0, 110.0, 111.0, 112.0, 113.0, 114.0, 115.0, 116.0, 117.0, 118.0, 119.0, 120.0]}}