{"recordsignal": {"Time": [10599.277474239398, 10600.277474236873, 10601.277474234348, 10602.277474231823, 10603.277474229299, 10604.277474226774, 10605.277474224249, 10606.277474221724, 10607.2774742192, 10608.277474216675, 10609.27747421415, 10610.277474211625, 10611.2774742091, 10612.277474206576, 10613.277474204051, 10614.277474201526, 10615.277474199002, 10616.277474196477, 10617.277474193952, 10618.277474191427, 10619.277474188902, 10620.277474186378, 10621.277474183853, 10622.277474181328, 10623.277474178803, 10624.277474176279, 10625.277474173754, 10626.27747417123, 10627.277474168704, 10628.27747416618, 10629.277474163655, 10630.27747416113, 10631.277474158605, 10632.27747415608, 10633.277474153556, 10634.277474151031, 10635.277474148506, 10636.277474145982, 10637.277474143457, 10638.277474140932, 10639.277474138407, 10640.277474135883, 10641.277474133358, 10642.277474130833, 10643.277474128308, 10644.277474125784, 10645.277474123259, 10646.277474120734, 10647.27747411821, 10648.277474115685, 10649.27747411316, 10650.277474110635, 10651.27747410811, 10652.277474105585, 10653.27747410306, 10654.277474100536, 10655.277474098011, 10656.277474095486, 10657.277474092962, 10658.277474090437, 10659.277474087912, 10660.277474085387, 10661.277474082863, 10662.277474080338, 10663.277474077813, 10664.277474075288, 10665.277474072764, 10666.277474070239, 10667.277474067714, 10668.27747406519, 10669.277474062665, 10670.27747406014, 10671.277474057615, 10672.27747405509, 10673.277474052566, 10674.27747405004, 10675.277474047516, 10676.277474044991, 10677.277474042467, 10678.277474039942, 10679.277474037417, 10680.277474034892, 10681.277474032368, 10682.277474029843, 10683.277474027318, 10684.277474024793, 10685.277474022269, 10686.277474019744, 10687.277474017219, 10688.277474014694, 10689.27747401217, 10690.277474009645, 10691.27747400712, 10692.277474004595, 10693.27747400207, 10694.277473999546, 10695.277473997021, 10696.277473994496, 10697.277473991971, 10698.277473989447, 10699.277473986922, 10700.277473984397, 10701.277473981872, 10702.277473979348, 10703.277473976823, 10704.277473974298, 10705.277473971773, 10706.277473969249, 10707.277473966724, 10708.277473964199, 10709.277473961674, 10710.27747395915, 10711.277473956625, 10712.2774739541, 10713.277473951575, 10714.27747394905, 10715.277473946526, 10716.277473944001, 10717.277473941476, 10718.277473938952], "WE(1).Potential": [0.021575927734375, 0.07470703125, 0.085174560546875, 0.144683837890625, 0.20849609375, 0.1702880859375, 0.2760009765625, 0.234588623046875, 0.2640380859375, 0.348297119140625, 0.35235595703125, 0.3095703125, 0.3553466796875, 0.407135009765625, 0.405517578125, 0.35455322265625, 0.37646484375, 0.429351806640625, 0.355316162109375, 0.36517333984375, 0.3638916015625, 0.366424560546875, 0.40887451171875, 0.441680908203125, 0.388275146484375, 0.407806396484375, 0.441314697265625, 0.381256103515625, 0.4351806640625, 0.457183837890625, 0.438568115234375, 0.378387451171875, 0.4302978515625, 0.40594482421875, 0.42156982421875, 0.433380126953125, 0.44207763671875, 0.43402099609375, 0.406280517578125, 0.35302734375, 0.357421875, 0.354766845703125, 0.319305419921875, 0.3447265625, 0.36181640625, 0.30926513671875, 0.27490234375, 0.237548828125, 0.216583251953125, 0.1802978515625, 0.172760009765625, 0.068115234375, 0.11175537109375, 0.054742431640625006, -0.008633422851562503, -0.03110961914062499, -0.04481811523437501, -0.04034423828125, -0.1495361328125, -0.170989990234375, -0.1224365234375, -0.188079833984375, -0.219482421875, -0.178466796875, -0.169403076171875, -0.22052001953125, -0.1666259765625, -0.17724609375, -0.168670654296875, -0.0947265625, -0.035369873046875, -0.061798095703125, -0.031640625000000006, -0.03694458007812501, 0.1, 0.09722900390625, 0.117767333984375, 0.24609375, 0.276458740234375, 0.32110595703125, 0.342132568359375, 0.394927978515625, 0.419403076171875, 0.435302734375, 0.433319091796875, 0.43670654296875, 0.39715576171875, 0.41961669921875, 0.431884765625, 0.41387939453125, 0.40509033203125, 0.390533447265625, 0.364898681640625, 0.349151611328125, 0.38446044921875, 0.298431396484375, 0.358245849609375, 0.259429931640625, 0.28533935546875, 0.280303955078125, 0.241455078125, 0.150421142578125, 0.098297119140625, 0.07781982421875, 0.016845703125, 0.02518310546875001, -0.030725097656250006, 0.0048614501953125056, -0.02496337890625, -0.0933074951171875, -0.1182861328125, -0.12860107421875, -0.1524658203125, -0.1197509765625, -0.111083984375, -0.184600830078125, -0.206756591796875, -0.146697998046875, -0.143341064453125, -0.180816650390625], "Corrected time": [0.0, 0.9999999974752427, 1.9999999949504854, 2.999999992425728, 3.999999989900971, 4.9999999873762135, 5.999999984851456, 6.999999982326699, 7.999999979801942, 8.999999977277184, 9.999999974752427, 10.99999997222767, 11.999999969702912, 12.999999967178155, 13.999999964653398, 14.99999996212864, 15.999999959603883, 16.999999957079126, 17.99999995455437, 18.99999995202961, 19.999999949504854, 20.999999946980097, 21.99999994445534, 22.999999941930582, 23.999999939405825, 24.999999936881068, 25.99999993435631, 26.999999931831553, 27.999999929306796, 28.99999992678204, 29.99999992425728, 30.999999921732524, 31.999999919207767, 32.99999991668301, 33.99999991415825, 34.999999911633495, 35.99999990910874, 36.99999990658398, 37.99999990405922, 38.999999901534466, 39.99999989900971, 40.99999989648495, 41.999999893960194, 42.999999891435436, 43.99999988891068, 44.99999988638592, 45.999999883861165, 46.99999988133641, 47.99999987881165, 48.99999987628689, 49.999999873762135, 50.99999987123738, 51.99999986871262, 52.99999986618786, 53.999999863663106, 54.99999986113835, 55.99999985861359, 56.999999856088834, 57.99999985356408, 58.99999985103932, 59.99999984851456, 60.999999845989805, 61.99999984346505, 62.99999984094029, 63.99999983841553, 64.99999983589078, 65.99999983336602, 66.99999983084126, 67.9999998283165, 68.99999982579175, 69.99999982326699, 70.99999982074223, 71.99999981821747, 72.99999981569272, 73.99999981316796, 74.9999998106432, 75.99999980811845, 76.99999980559369, 77.99999980306893, 78.99999980054417, 79.99999979801942, 80.99999979549466, 81.9999997929699, 82.99999979044514, 83.99999978792039, 84.99999978539563, 85.99999978287087, 86.99999978034612, 87.99999977782136, 88.9999997752966, 89.99999977277184, 90.99999977024709, 91.99999976772233, 92.99999976519757, 93.99999976267281, 94.99999976014806, 95.9999997576233, 96.99999975509854, 97.99999975257379, 98.99999975004903, 99.99999974752427, 100.99999974499951, 101.99999974247476, 102.99999973995, 103.99999973742524, 104.99999973490048, 105.99999973237573, 106.99999972985097, 107.99999972732621, 108.99999972480146, 109.9999997222767, 110.99999971975194, 111.99999971722718, 112.99999971470243, 113.99999971217767, 114.99999970965291, 115.99999970712815, 116.9999997046034, 117.99999970207864, 118.99999969955388], "Index": [1.0, 2.0, 3.0, 4.0, 5.0, 6.0, 7.0, 8.0, 9.0, 10.0, 11.0, 12.0, 13.0, 14.0, 15.0, 16.0, 17.0, 18.0, 19.0, 20.0, 21.0, 22.0, 23.0, 24.0, 25.0, 26.0, 27.0, 28.0, 29.0, 30.0, 31.0, 32.0, 33.0, 34.0, 35.0, 36.0, 37.0, 38.0, 39.0, 40.0, 41.0, 42.0, 43.0, 44.0, 45.0, 46.0, 47.0, 48.0, 49.0, 50.0, 51.0, 52.0, 53.0, 54.0, 55.0, 56.0, 57.0, 58.0, 59.0, 60.0, 61.0, 62.0, 63.0, 64.0, 65.0, 66.0, 67.0, 68.0, 69.0, 70.0, 71.0, 72.0, 73.0, 74.0, 75.0, 76.0, 77.0, 78.0, 79.0, 80.0, 81.0, 82.0, 83.0, 84.0, 85.0, 86.0, 87.0, 88.0, 89.0, 90.0, 91.0, 92.0, 93.0, 94.0, 95.0, 96.0, 97.0, 98.0, 99.0, 100.0, 101.0, 102.0, 103.0, 104.0, 105.0, 106.0, 107.0, 108.0, 109.0, 110.0, 111.0, 112.0, 113.0, 114.0, 115.0, 116.0, 117.0, 118.0, 119.0, 120.0]}}