{"recordsignal": {"Time": [10371.430397814656, 10372.430397812132, 10373.430397809607, 10374.430397807082, 10375.430397804557, 10376.430397802033, 10377.430397799508, 10378.430397796983, 10379.430397794458, 10380.430397791934, 10381.430397789409, 10382.430397786884, 10383.43039778436, 10384.430397781834, 10385.43039777931, 10386.430397776785, 10387.43039777426, 10388.430397771735, 10389.43039776921, 10390.430397766686, 10391.430397764161, 10392.430397761636, 10393.430397759112, 10394.430397756587, 10395.430397754062, 10396.430397751537, 10397.430397749013, 10398.430397746488, 10399.430397743963, 10400.430397741438, 10401.430397738914, 10402.430397736389, 10403.430397733864, 10404.43039773134, 10405.430397728815, 10406.43039772629, 10407.430397723765, 10408.43039772124, 10409.430397718716, 10410.43039771619, 10411.430397713666, 10412.430397711141, 10413.430397708617, 10414.430397706092, 10415.430397703567, 10416.430397701042, 10417.430397698517, 10418.430397695993, 10419.430397693468, 10420.430397690943, 10421.430397688418, 10422.430397685894, 10423.430397683369, 10424.430397680844, 10425.43039767832, 10426.430397675795, 10427.43039767327, 10428.430397670745, 10429.43039766822, 10430.430397665696, 10431.43039766317, 10432.430397660646, 10433.430397658121, 10434.430397655597, 10435.430397653072, 10436.430397650547, 10437.430397648022, 10438.430397645498, 10439.430397642973, 10440.430397640448, 10441.430397637923, 10442.430397635399, 10443.430397632874, 10444.430397630349, 10445.430397627824, 10446.4303976253, 10447.430397622775, 10448.43039762025, 10449.430397617725, 10450.4303976152, 10451.430397612676, 10452.430397610151, 10453.430397607626, 10454.430397605101, 10455.430397602577, 10456.430397600052, 10457.430397597527, 10458.430397595002, 10459.430397592478, 10460.430397589953, 10461.430397587428, 10462.430397584903, 10463.430397582379, 10464.430397579854, 10465.43039757733, 10466.430397574804, 10467.43039757228, 10468.430397569755, 10469.43039756723, 10470.430397564705, 10471.43039756218, 10472.430397559656, 10473.430397557131, 10474.430397554606, 10475.430397552082, 10476.430397549557, 10477.430397547032, 10478.430397544507, 10479.430397541983, 10480.430397539458, 10481.430397536933, 10482.430397534408, 10483.430397531884, 10484.430397529359, 10485.430397526834, 10486.43039752431, 10487.430397521784, 10488.43039751926, 10489.430397516735, 10490.43039751421], "WE(1).Potential": [0.23583984375, 0.2044677734375, 0.164459228515625, 0.23394775390625, 0.16424560546875, 0.214385986328125, 0.1434326171875, 0.123199462890625, 0.163665771484375, 0.12042236328125, 0.1363525390625, 0.12249755859375, 0.10308837890625, 0.032562255859375, 0.035888671875, 0.08797607421875, 0.0846527099609375, -0.006591796875, 0.016265869140625, 0.00036010742187500555, 0.019375610351562503, -0.035665893554687494, -0.03210144042968749, -0.0318603515625, -0.026922607421874994, -0.007839965820312503, 0.056988525390625, 0.04298095703125, 0.065704345703125, 0.079559326171875, 0.093170166015625, 0.134002685546875, 0.136688232421875, 0.12030029296875, 0.1678466796875, 0.194366455078125, 0.184906005859375, 0.189544677734375, 0.2264404296875, 0.172821044921875, 0.24066162109375, 0.20947265625, 0.183837890625, 0.1903076171875, 0.21331787109375, 0.23046875, 0.268402099609375, 0.260223388671875, 0.226959228515625, 0.264190673828125, 0.29547119140625, 0.2996826171875, 0.285980224609375, 0.268524169921875, 0.3009033203125, 0.290283203125, 0.330780029296875, 0.292144775390625, 0.2686767578125, 0.31597900390625, 0.263458251953125, 0.308868408203125, 0.274169921875, 0.243988037109375, 0.21942138671875, 0.26287841796875, 0.177703857421875, 0.22161865234375, 0.13397216796875, 0.162933349609375, 0.08282470703125, 0.03533935546875, 0.07379150390625, 0.023709106445312503, 0.0023315429687500028, 0.030902099609374997, -0.0444183349609375, -0.014611816406250006, 0.041110229492187504, 0.013214111328125, 0.02471923828125, 0.01922607421875, 0.1, 0.130096435546875, 0.15203857421875, 0.1142578125, 0.220001220703125, 0.171173095703125, 0.251312255859375, 0.20721435546875, 0.265533447265625, 0.308013916015625, 0.27716064453125, 0.308135986328125, 0.25830078125, 0.32550048828125, 0.242279052734375, 0.306488037109375, 0.247406005859375, 0.26214599609375, 0.24456787109375, 0.187408447265625, 0.203338623046875, 0.1527099609375, 0.19207763671875, 0.152130126953125, 0.08642578125, 0.04913330078125, 0.051483154296875, 0.042889404296875, 0.05743408203125, -0.026300048828125006, -0.03732604980468751, -0.024658203125, 0.012173461914062503, 0.0002624511718749972, 0.0064697265625, 0.033898925781250006, -0.0150146484375, -0.033056640624999994], "Corrected time": [0.0, 0.9999999974752427, 1.9999999949504854, 2.999999992425728, 3.999999989900971, 4.9999999873762135, 5.999999984851456, 6.999999982326699, 7.999999979801942, 8.999999977277184, 9.999999974752427, 10.99999997222767, 11.999999969702912, 12.999999967178155, 13.999999964653398, 14.99999996212864, 15.999999959603883, 16.999999957079126, 17.99999995455437, 18.99999995202961, 19.999999949504854, 20.999999946980097, 21.99999994445534, 22.999999941930582, 23.999999939405825, 24.999999936881068, 25.99999993435631, 26.999999931831553, 27.999999929306796, 28.99999992678204, 29.99999992425728, 30.999999921732524, 31.999999919207767, 32.99999991668301, 33.99999991415825, 34.999999911633495, 35.99999990910874, 36.99999990658398, 37.99999990405922, 38.999999901534466, 39.99999989900971, 40.99999989648495, 41.999999893960194, 42.999999891435436, 43.99999988891068, 44.99999988638592, 45.999999883861165, 46.99999988133641, 47.99999987881165, 48.99999987628689, 49.999999873762135, 50.99999987123738, 51.99999986871262, 52.99999986618786, 53.999999863663106, 54.99999986113835, 55.99999985861359, 56.999999856088834, 57.99999985356408, 58.99999985103932, 59.99999984851456, 60.999999845989805, 61.99999984346505, 62.99999984094029, 63.99999983841553, 64.99999983589078, 65.99999983336602, 66.99999983084126, 67.9999998283165, 68.99999982579175, 69.99999982326699, 70.99999982074223, 71.99999981821747, 72.99999981569272, 73.99999981316796, 74.9999998106432, 75.99999980811845, 76.99999980559369, 77.99999980306893, 78.99999980054417, 79.99999979801942, 80.99999979549466, 81.9999997929699, 82.99999979044514, 83.99999978792039, 84.99999978539563, 85.99999978287087, 86.99999978034612, 87.99999977782136, 88.9999997752966, 89.99999977277184, 90.99999977024709, 91.99999976772233, 92.99999976519757, 93.99999976267281, 94.99999976014806, 95.9999997576233, 96.99999975509854, 97.99999975257379, 98.99999975004903, 99.99999974752427, 100.99999974499951, 101.99999974247476, 102.99999973995, 103.99999973742524, 104.99999973490048, 105.99999973237573, 106.99999972985097, 107.99999972732621, 108.99999972480146, 109.9999997222767, 110.99999971975194, 111.99999971722718, 112.99999971470243, 113.99999971217767, 114.99999970965291, 115.99999970712815, 116.9999997046034, 117.99999970207864, 118.99999969955388], "Index": [1.0, 2.0, 3.0, 4.0, 5.0, 6.0, 7.0, 8.0, 9.0, 10.0, 11.0, 12.0, 13.0, 14.0, 15.0, 16.0, 17.0, 18.0, 19.0, 20.0, 21.0, 22.0, 23.0, 24.0, 25.0, 26.0, 27.0, 28.0, 29.0, 30.0, 31.0, 32.0, 33.0, 34.0, 35.0, 36.0, 37.0, 38.0, 39.0, 40.0, 41.0, 42.0, 43.0, 44.0, 45.0, 46.0, 47.0, 48.0, 49.0, 50.0, 51.0, 52.0, 53.0, 54.0, 55.0, 56.0, 57.0, 58.0, 59.0, 60.0, 61.0, 62.0, 63.0, 64.0, 65.0, 66.0, 67.0, 68.0, 69.0, 70.0, 71.0, 72.0, 73.0, 74.0, 75.0, 76.0, 77.0, 78.0, 79.0, 80.0, 81.0, 82.0, 83.0, 84.0, 85.0, 86.0, 87.0, 88.0, 89.0, 90.0, 91.0, 92.0, 93.0, 94.0, 95.0, 96.0, 97.0, 98.0, 99.0, 100.0, 101.0, 102.0, 103.0, 104.0, 105.0, 106.0, 107.0, 108.0, 109.0, 110.0, 111.0, 112.0, 113.0, 114.0, 115.0, 116.0, 117.0, 118.0, 119.0, 120.0]}}