{"recordsignal": {"Time": [11286.083811505378, 11287.083811502853, 11288.083811500328, 11289.083811497803, 11290.083811495278, 11291.083811492754, 11292.083811490229, 11293.083811487704, 11294.08381148518, 11295.083811482655, 11296.08381148013, 11297.083811477605, 11298.08381147508, 11299.083811472556, 11300.083811470031, 11301.083811467506, 11302.083811464981, 11303.083811462457, 11304.083811459932, 11305.083811457407, 11306.083811454882, 11307.083811452358, 11308.083811449833, 11309.083811447308, 11310.083811444783, 11311.083811442259, 11312.083811439734, 11313.083811437209, 11314.083811434684, 11315.08381143216, 11316.083811429635, 11317.08381142711, 11318.083811424585, 11319.08381142206, 11320.083811419536, 11321.083811417011, 11322.083811414486, 11323.083811411962, 11324.083811409437, 11325.083811406912, 11326.083811404387, 11327.083811401862, 11328.083811399338, 11329.083811396813, 11330.083811394288, 11331.083811391763, 11332.083811389239, 11333.083811386714, 11334.08381138419, 11335.083811381664, 11336.08381137914, 11337.083811376615, 11338.08381137409, 11339.083811371565, 11340.08381136904, 11341.083811366516, 11342.083811363991, 11343.083811361466, 11344.083811358942, 11345.083811356417, 11346.083811353892, 11347.083811351367, 11348.083811348843, 11349.083811346318, 11350.083811343793, 11351.083811341268, 11352.083811338744, 11353.083811336219, 11354.083811333694, 11355.08381133117, 11356.083811328645, 11357.08381132612, 11358.083811323595, 11359.08381132107, 11360.083811318545, 11361.08381131602, 11362.083811313496, 11363.083811310971, 11364.083811308446, 11365.083811305922, 11366.083811303397, 11367.083811300872, 11368.083811298347, 11369.083811295823, 11370.083811293298, 11371.083811290773, 11372.083811288248, 11373.083811285724, 11374.083811283199, 11375.083811280674, 11376.08381127815, 11377.083811275625, 11378.0838112731, 11379.083811270575, 11380.08381126805, 11381.083811265526, 11382.083811263, 11383.083811260476, 11384.083811257951, 11385.083811255427, 11386.083811252902, 11387.083811250377, 11388.083811247852, 11389.083811245328, 11390.083811242803, 11391.083811240278, 11392.083811237753, 11393.083811235228, 11394.083811232704, 11395.083811230179, 11396.083811227654, 11397.08381122513, 11398.083811222605, 11399.08381122008, 11400.083811217555, 11401.08381121503, 11402.083811212506, 11403.083811209981, 11404.083811207456, 11405.083811204931], "WE(1).Potential": [0.220703125, 0.206146240234375, 0.265777587890625, 0.317230224609375, 0.281951904296875, 0.343902587890625, 0.318359375, 0.373779296875, 0.325347900390625, 0.334991455078125, 0.388336181640625, 0.3133544921875, 0.390472412109375, 0.359222412109375, 0.32952880859375, 0.36334228515625, 0.3662109375, 0.41021728515625, 0.33489990234375, 0.409210205078125, 0.371063232421875, 0.374481201171875, 0.37298583984375, 0.398956298828125, 0.35516357421875, 0.4107666015625, 0.33282470703125, 0.395233154296875, 0.30255126953125, 0.3245849609375, 0.3204345703125, 0.31060791015625, 0.24969482421875, 0.199676513671875, 0.186309814453125, 0.207000732421875, 0.10247802734375, 0.144317626953125, 0.048858642578125, 0.09509887695312501, 0.014492797851562503, 0.0178070068359375, 0.022436523437499994, -0.054840087890625, 0.00384521484375, -0.04416198730468751, -0.028717041015625, -0.0763397216796875, -0.05375976562500001, -0.0517425537109375, -0.048483276367187494, -0.0395050048828125, 0.03704833984375, 0.07614746093750001, 0.1, 0.077880859375, 0.142547607421875, 0.09173583984375, 0.1212158203125, 0.15264892578125, 0.195098876953125, 0.207550048828125, 0.15692138671875, 0.2359619140625, 0.20599365234375, 0.275482177734375, 0.2208251953125, 0.298797607421875, 0.247772216796875, 0.301177978515625, 0.32427978515625, 0.3433837890625, 0.28076171875, 0.2880859375, 0.33489990234375, 0.35186767578125, 0.325103759765625, 0.315185546875, 0.29150390625, 0.324981689453125, 0.349945068359375, 0.3134765625, 0.308685302734375, 0.2978515625, 0.291900634765625, 0.29998779296875, 0.276763916015625, 0.2764892578125, 0.293548583984375, 0.3203125, 0.369537353515625, 0.31072998046875, 0.325775146484375, 0.37872314453125, 0.32330322265625, 0.31890869140625, 0.384674072265625, 0.31573486328125, 0.372283935546875, 0.369354248046875, 0.33050537109375, 0.343292236328125, 0.279937744140625, 0.235748291015625, 0.211456298828125, 0.223419189453125, 0.20556640625, 0.13446044921875, 0.15313720703125, 0.14801025390625, 0.0657958984375, 0.0893951416015625, 0.018856811523437503, -0.03699951171874999, -0.0260009765625, -0.060830688476562506, -0.03497314453125, -0.0999969482421875, -0.0816650390625, -0.042694091796875], "Corrected time": [0.0, 0.9999999974752427, 1.9999999949504854, 2.999999992425728, 3.999999989900971, 4.9999999873762135, 5.999999984851456, 6.999999982326699, 7.999999979801942, 8.999999977277184, 9.999999974752427, 10.99999997222767, 11.999999969702912, 12.999999967178155, 13.999999964653398, 14.99999996212864, 15.999999959603883, 16.999999957079126, 17.99999995455437, 18.99999995202961, 19.999999949504854, 20.999999946980097, 21.99999994445534, 22.999999941930582, 23.999999939405825, 24.999999936881068, 25.99999993435631, 26.999999931831553, 27.999999929306796, 28.99999992678204, 29.99999992425728, 30.999999921732524, 31.999999919207767, 32.99999991668301, 33.99999991415825, 34.999999911633495, 35.99999990910874, 36.99999990658398, 37.99999990405922, 38.999999901534466, 39.99999989900971, 40.99999989648495, 41.999999893960194, 42.999999891435436, 43.99999988891068, 44.99999988638592, 45.999999883861165, 46.99999988133641, 47.99999987881165, 48.99999987628689, 49.999999873762135, 50.99999987123738, 51.99999986871262, 52.99999986618786, 53.999999863663106, 54.99999986113835, 55.99999985861359, 56.999999856088834, 57.99999985356408, 58.99999985103932, 59.99999984851456, 60.999999845989805, 61.99999984346505, 62.99999984094029, 63.99999983841553, 64.99999983589078, 65.99999983336602, 66.99999983084126, 67.9999998283165, 68.99999982579175, 69.99999982326699, 70.99999982074223, 71.99999981821747, 72.99999981569272, 73.99999981316796, 74.9999998106432, 75.99999980811845, 76.99999980559369, 77.99999980306893, 78.99999980054417, 79.99999979801942, 80.99999979549466, 81.9999997929699, 82.99999979044514, 83.99999978792039, 84.99999978539563, 85.99999978287087, 86.99999978034612, 87.99999977782136, 88.9999997752966, 89.99999977277184, 90.99999977024709, 91.99999976772233, 92.99999976519757, 93.99999976267281, 94.99999976014806, 95.9999997576233, 96.99999975509854, 97.99999975257379, 98.99999975004903, 99.99999974752427, 100.99999974499951, 101.99999974247476, 102.99999973995, 103.99999973742524, 104.99999973490048, 105.99999973237573, 106.99999972985097, 107.99999972732621, 108.99999972480146, 109.9999997222767, 110.99999971975194, 111.99999971722718, 112.99999971470243, 113.99999971217767, 114.99999970965291, 115.99999970712815, 116.9999997046034, 117.99999970207864, 118.99999969955388], "Index": [1.0, 2.0, 3.0, 4.0, 5.0, 6.0, 7.0, 8.0, 9.0, 10.0, 11.0, 12.0, 13.0, 14.0, 15.0, 16.0, 17.0, 18.0, 19.0, 20.0, 21.0, 22.0, 23.0, 24.0, 25.0, 26.0, 27.0, 28.0, 29.0, 30.0, 31.0, 32.0, 33.0, 34.0, 35.0, 36.0, 37.0, 38.0, 39.0, 40.0, 41.0, 42.0, 43.0, 44.0, 45.0, 46.0, 47.0, 48.0, 49.0, 50.0, 51.0, 52.0, 53.0, 54.0, 55.0, 56.0, 57.0, 58.0, 59.0, 60.0, 61.0, 62.0, 63.0, 64.0, 65.0, 66.0, 67.0, 68.0, 69.0, 70.0, 71.0, 72.0, 73.0, 74.0, 75.0, 76.0, 77.0, 78.0, 79.0, 80.0, 81.0, 82.0, 83.0, 84.0, 85.0, 86.0, 87.0, 88.0, 89.0, 90.0, 91.0, 92.0, 93.0, 94.0, 95.0, 96.0, 97.0, 98.0, 99.0, 100.0, 101.0, 102.0, 103.0, 104.0, 105.0, 106.0, 107.0, 108.0, 109.0, 110.0, 111.0, 112.0, 113.0, 114.0, 115.0, 116.0, 117.0, 118.0, 119.0, 120.0]}}