{"recordsignal": {"Time": [9691.274094531886, 9692.27409452936, 9693.274094526836, 9694.274094524311, 9695.274094521787, 9696.274094519262, 9697.274094516737, 9698.274094514212, 9699.274094511688, 9700.274094509163, 9701.274094506638, 9702.274094504113, 9703.274094501588, 9704.274094499064, 9705.274094496539, 9706.274094494014, 9707.27409449149, 9708.274094488965, 9709.27409448644, 9710.274094483915, 9711.27409448139, 9712.274094478866, 9713.27409447634, 9714.274094473816, 9715.274094471291, 9716.274094468767, 9717.274094466242, 9718.274094463717, 9719.274094461192, 9720.274094458668, 9721.274094456143, 9722.274094453618, 9723.274094451093, 9724.274094448569, 9725.274094446044, 9726.274094443519, 9727.274094440994, 9728.27409443847, 9729.274094435945, 9730.27409443342, 9731.274094430895, 9732.27409442837, 9733.274094425846, 9734.274094423321, 9735.274094420796, 9736.274094418271, 9737.274094415747, 9738.274094413222, 9739.274094410697, 9740.274094408172, 9741.274094405648, 9742.274094403123, 9743.274094400598, 9744.274094398073, 9745.274094395549, 9746.274094393024, 9747.2740943905, 9748.274094387974, 9749.27409438545, 9750.274094382925, 9751.2740943804, 9752.274094377875, 9753.27409437535, 9754.274094372826, 9755.274094370301, 9756.274094367776, 9757.274094365252, 9758.274094362727, 9759.274094360202, 9760.274094357677, 9761.274094355153, 9762.274094352628, 9763.274094350103, 9764.274094347578, 9765.274094345054, 9766.274094342529, 9767.274094340004, 9768.27409433748, 9769.274094334954, 9770.27409433243, 9771.274094329905, 9772.27409432738, 9773.274094324855, 9774.27409432233, 9775.274094319806, 9776.274094317281, 9777.274094314756, 9778.274094312232, 9779.274094309707, 9780.274094307182, 9781.274094304657, 9782.274094302133, 9783.274094299608, 9784.274094297083, 9785.274094294558, 9786.274094292034, 9787.274094289509, 9788.274094286984, 9789.27409428446, 9790.274094281935, 9791.27409427941, 9792.274094276885, 9793.27409427436, 9794.274094271836, 9795.27409426931, 9796.274094266786, 9797.274094264261, 9798.274094261737, 9799.274094259212, 9800.274094256687, 9801.274094254162, 9802.274094251638, 9803.274094249113, 9804.274094246588, 9805.274094244063, 9806.274094241538, 9807.274094239014, 9808.274094236489, 9809.274094233964, 9810.27409423144], "WE(1).Potential": [-0.07147521972656251, -0.011383056640625, -0.0864501953125, -0.054779052734375, -0.0999969482421875, -0.0755615234375, -0.052978515625, -0.129791259765625, -0.09405517578125, -0.138427734375, -0.087982177734375, -0.13836669921875, -0.134674072265625, -0.07940673828125, -0.100006103515625, -0.13934326171875, -0.151763916015625, -0.11090087890625, -0.064544677734375, -0.06842041015625, -0.0570068359375, -0.05047607421875, -0.0433349609375, -0.011138916015625, 0.011584472656249997, 0.056063842773437504, 0.09271240234375, 0.132720947265625, 0.1539306640625, 0.165191650390625, 0.223480224609375, 0.31597900390625, 0.29241943359375, 0.305206298828125, 0.332183837890625, 0.394012451171875, 0.42950439453125, 0.37811279296875, 0.3787841796875, 0.4320068359375, 0.419952392578125, 0.37188720703125, 0.332489013671875, 0.285369873046875, 0.311614990234375, 0.287445068359375, 0.19854736328125, 0.237518310546875, 0.1414794921875, 0.140350341796875, 0.06011962890625, 0.03778076171875, 0.03426208496093751, -0.02598266601562499, -0.03904418945312499, -0.056396484375, -0.13262939453125, -0.11810302734375, -0.12860107421875, -0.17742919921875, -0.178863525390625, -0.179534912109375, -0.1934814453125, -0.191192626953125, -0.167144775390625, -0.114044189453125, -0.15155029296875, -0.17974853515625, -0.131134033203125, -0.124298095703125, -0.188568115234375, -0.11480712890625, -0.15386962890625, -0.1856689453125, -0.19366455078125, -0.123016357421875, -0.165771484375, -0.134765625, -0.188629150390625, -0.109619140625, -0.176300048828125, -0.157867431640625, -0.0924072265625, -0.125335693359375, -0.143096923828125, -0.1422119140625, -0.12841796875, -0.096099853515625, -0.12298583984375, -0.15826416015625, -0.18243408203125, -0.1878662109375, -0.19384765625, -0.171112060546875, -0.16668701171875, -0.162139892578125, -0.152587890625, -0.195343017578125, -0.144683837890625, -0.14312744140625, -0.200775146484375, -0.173370361328125, -0.16265869140625, -0.139739990234375, -0.205810546875, -0.177337646484375, -0.13232421875, -0.211669921875, -0.156341552734375, -0.1365966796875, -0.201629638671875, -0.1527099609375, -0.198883056640625, -0.21514892578125, -0.207855224609375, -0.145111083984375, -0.177703857421875, -0.20660400390625, -0.173919677734375, -0.117523193359375], "Corrected time": [0.0, 0.9999999974752427, 1.9999999949504854, 2.999999992425728, 3.999999989900971, 4.9999999873762135, 5.999999984851456, 6.999999982326699, 7.999999979801942, 8.999999977277184, 9.999999974752427, 10.99999997222767, 11.999999969702912, 12.999999967178155, 13.999999964653398, 14.99999996212864, 15.999999959603883, 16.999999957079126, 17.99999995455437, 18.99999995202961, 19.999999949504854, 20.999999946980097, 21.99999994445534, 22.999999941930582, 23.999999939405825, 24.999999936881068, 25.99999993435631, 26.999999931831553, 27.999999929306796, 28.99999992678204, 29.99999992425728, 30.999999921732524, 31.999999919207767, 32.99999991668301, 33.99999991415825, 34.999999911633495, 35.99999990910874, 36.99999990658398, 37.99999990405922, 38.999999901534466, 39.99999989900971, 40.99999989648495, 41.999999893960194, 42.999999891435436, 43.99999988891068, 44.99999988638592, 45.999999883861165, 46.99999988133641, 47.99999987881165, 48.99999987628689, 49.999999873762135, 50.99999987123738, 51.99999986871262, 52.99999986618786, 53.999999863663106, 54.99999986113835, 55.99999985861359, 56.999999856088834, 57.99999985356408, 58.99999985103932, 59.99999984851456, 60.999999845989805, 61.99999984346505, 62.99999984094029, 63.99999983841553, 64.99999983589078, 65.99999983336602, 66.99999983084126, 67.9999998283165, 68.99999982579175, 69.99999982326699, 70.99999982074223, 71.99999981821747, 72.99999981569272, 73.99999981316796, 74.9999998106432, 75.99999980811845, 76.99999980559369, 77.99999980306893, 78.99999980054417, 79.99999979801942, 80.99999979549466, 81.9999997929699, 82.99999979044514, 83.99999978792039, 84.99999978539563, 85.99999978287087, 86.99999978034612, 87.99999977782136, 88.9999997752966, 89.99999977277184, 90.99999977024709, 91.99999976772233, 92.99999976519757, 93.99999976267281, 94.99999976014806, 95.9999997576233, 96.99999975509854, 97.99999975257379, 98.99999975004903, 99.99999974752427, 100.99999974499951, 101.99999974247476, 102.99999973995, 103.99999973742524, 104.99999973490048, 105.99999973237573, 106.99999972985097, 107.99999972732621, 108.99999972480146, 109.9999997222767, 110.99999971975194, 111.99999971722718, 112.99999971470243, 113.99999971217767, 114.99999970965291, 115.99999970712815, 116.9999997046034, 117.99999970207864, 118.99999969955388], "Index": [1.0, 2.0, 3.0, 4.0, 5.0, 6.0, 7.0, 8.0, 9.0, 10.0, 11.0, 12.0, 13.0, 14.0, 15.0, 16.0, 17.0, 18.0, 19.0, 20.0, 21.0, 22.0, 23.0, 24.0, 25.0, 26.0, 27.0, 28.0, 29.0, 30.0, 31.0, 32.0, 33.0, 34.0, 35.0, 36.0, 37.0, 38.0, 39.0, 40.0, 41.0, 42.0, 43.0, 44.0, 45.0, 46.0, 47.0, 48.0, 49.0, 50.0, 51.0, 52.0, 53.0, 54.0, 55.0, 56.0, 57.0, 58.0, 59.0, 60.0, 61.0, 62.0, 63.0, 64.0, 65.0, 66.0, 67.0, 68.0, 69.0, 70.0, 71.0, 72.0, 73.0, 74.0, 75.0, 76.0, 77.0, 78.0, 79.0, 80.0, 81.0, 82.0, 83.0, 84.0, 85.0, 86.0, 87.0, 88.0, 89.0, 90.0, 91.0, 92.0, 93.0, 94.0, 95.0, 96.0, 97.0, 98.0, 99.0, 100.0, 101.0, 102.0, 103.0, 104.0, 105.0, 106.0, 107.0, 108.0, 109.0, 110.0, 111.0, 112.0, 113.0, 114.0, 115.0, 116.0, 117.0, 118.0, 119.0, 120.0]}}