{"recordsignal": {"Time": [10144.36129138795, 10145.361291385425, 10146.3612913829, 10147.361291380375, 10148.36129137785, 10149.361291375326, 10150.361291372801, 10151.361291370276, 10152.361291367752, 10153.361291365227, 10154.361291362702, 10155.361291360177, 10156.361291357653, 10157.361291355128, 10158.361291352603, 10159.361291350078, 10160.361291347554, 10161.361291345029, 10162.361291342504, 10163.36129133998, 10164.361291337455, 10165.36129133493, 10166.361291332405, 10167.36129132988, 10168.361291327356, 10169.36129132483, 10170.361291322306, 10171.361291319781, 10172.361291317256, 10173.361291314732, 10174.361291312207, 10175.361291309682, 10176.361291307157, 10177.361291304633, 10178.361291302108, 10179.361291299583, 10180.361291297058, 10181.361291294534, 10182.361291292009, 10183.361291289484, 10184.36129128696, 10185.361291284435, 10186.36129128191, 10187.361291279385, 10188.36129127686, 10189.361291274336, 10190.36129127181, 10191.361291269286, 10192.361291266761, 10193.361291264237, 10194.361291261712, 10195.361291259187, 10196.361291256662, 10197.361291254138, 10198.361291251613, 10199.361291249088, 10200.361291246563, 10201.361291244039, 10202.361291241514, 10203.361291238989, 10204.361291236464, 10205.36129123394, 10206.361291231415, 10207.36129122889, 10208.361291226365, 10209.36129122384, 10210.361291221316, 10211.361291218791, 10212.361291216266, 10213.361291213741, 10214.361291211217, 10215.361291208692, 10216.361291206167, 10217.361291203642, 10218.361291201118, 10219.361291198593, 10220.361291196068, 10221.361291193543, 10222.361291191019, 10223.361291188494, 10224.36129118597, 10225.361291183444, 10226.36129118092, 10227.361291178395, 10228.36129117587, 10229.361291173345, 10230.36129117082, 10231.361291168296, 10232.361291165771, 10233.361291163246, 10234.361291160722, 10235.361291158197, 10236.361291155672, 10237.361291153147, 10238.361291150622, 10239.361291148098, 10240.361291145573, 10241.361291143048, 10242.361291140523, 10243.361291137999, 10244.361291135474, 10245.36129113295, 10246.361291130424, 10247.3612911279, 10248.361291125375, 10249.36129112285, 10250.361291120325, 10251.3612911178, 10252.361291115276, 10253.361291112751, 10254.361291110226, 10255.361291107702, 10256.361291105177, 10257.361291102652, 10258.361291100127, 10259.361291097603, 10260.361291095078, 10261.361291092553, 10262.361291090028, 10263.361291087504], "WE(1).Potential": [0.17852783203125, 0.153656005859375, 0.147186279296875, 0.14581298828125, 0.162384033203125, 0.221527099609375, 0.15081787109375, 0.22119140625, 0.1593017578125, 0.14129638671875, 0.149505615234375, 0.15057373046875, 0.138214111328125, 0.16009521484375, 0.186859130859375, 0.172088623046875, 0.138031005859375, 0.18829345703125, 0.19677734375, 0.18829345703125, 0.197845458984375, 0.184967041015625, 0.195220947265625, 0.16937255859375, 0.177154541015625, 0.16644287109375, 0.11773681640625, 0.1322021484375, 0.18597412109375, 0.1636962890625, 0.12640380859375, 0.1883544921875, 0.129241943359375, 0.131378173828125, 0.172027587890625, 0.1278076171875, 0.15093994140625, 0.13641357421875, 0.11822509765625, 0.14276123046875, 0.159332275390625, 0.117919921875, 0.185791015625, 0.177093505859375, 0.1119384765625, 0.181304931640625, 0.129913330078125, 0.155487060546875, 0.162689208984375, 0.11138916015625, 0.19244384765625, 0.114105224609375, 0.160308837890625, 0.117828369140625, 0.1907958984375, 0.1229248046875, 0.19036865234375, 0.192657470703125, 0.122222900390625, 0.176513671875, 0.12017822265625, 0.19305419921875, 0.137847900390625, 0.192657470703125, 0.16925048828125, 0.131591796875, 0.16650390625, 0.200958251953125, 0.212615966796875, 0.1944580078125, 0.172149658203125, 0.157867431640625, 0.188934326171875, 0.225341796875, 0.22760009765625, 0.196197509765625, 0.169952392578125, 0.17694091796875, 0.20245361328125, 0.20037841796875, 0.21136474609375, 0.174957275390625, 0.163055419921875, 0.21868896484375, 0.234832763671875, 0.235260009765625, 0.222564697265625, 0.161468505859375, 0.153839111328125, 0.1932373046875, 0.22991943359375, 0.194000244140625, 0.156158447265625, 0.18408203125, 0.224639892578125, 0.22509765625, 0.22174072265625, 0.20538330078125, 0.1778564453125, 0.1544189453125, 0.137451171875, 0.20379638671875, 0.16864013671875, 0.127410888671875, 0.199066162109375, 0.138580322265625, 0.112884521484375, 0.17791748046875, 0.169036865234375, 0.11712646484375, 0.189239501953125, 0.124176025390625, 0.1572265625, 0.15240478515625, 0.12286376953125, 0.1749267578125, 0.1488037109375, 0.20501708984375, 0.141571044921875, 0.202117919921875], "Corrected time": [0.0, 0.9999999974752427, 1.9999999949504854, 2.999999992425728, 3.999999989900971, 4.9999999873762135, 5.999999984851456, 6.999999982326699, 7.999999979801942, 8.999999977277184, 9.999999974752427, 10.99999997222767, 11.999999969702912, 12.999999967178155, 13.999999964653398, 14.99999996212864, 15.999999959603883, 16.999999957079126, 17.99999995455437, 18.99999995202961, 19.999999949504854, 20.999999946980097, 21.99999994445534, 22.999999941930582, 23.999999939405825, 24.999999936881068, 25.99999993435631, 26.999999931831553, 27.999999929306796, 28.99999992678204, 29.99999992425728, 30.999999921732524, 31.999999919207767, 32.99999991668301, 33.99999991415825, 34.999999911633495, 35.99999990910874, 36.99999990658398, 37.99999990405922, 38.999999901534466, 39.99999989900971, 40.99999989648495, 41.999999893960194, 42.999999891435436, 43.99999988891068, 44.99999988638592, 45.999999883861165, 46.99999988133641, 47.99999987881165, 48.99999987628689, 49.999999873762135, 50.99999987123738, 51.99999986871262, 52.99999986618786, 53.999999863663106, 54.99999986113835, 55.99999985861359, 56.999999856088834, 57.99999985356408, 58.99999985103932, 59.99999984851456, 60.999999845989805, 61.99999984346505, 62.99999984094029, 63.99999983841553, 64.99999983589078, 65.99999983336602, 66.99999983084126, 67.9999998283165, 68.99999982579175, 69.99999982326699, 70.99999982074223, 71.99999981821747, 72.99999981569272, 73.99999981316796, 74.9999998106432, 75.99999980811845, 76.99999980559369, 77.99999980306893, 78.99999980054417, 79.99999979801942, 80.99999979549466, 81.9999997929699, 82.99999979044514, 83.99999978792039, 84.99999978539563, 85.99999978287087, 86.99999978034612, 87.99999977782136, 88.9999997752966, 89.99999977277184, 90.99999977024709, 91.99999976772233, 92.99999976519757, 93.99999976267281, 94.99999976014806, 95.9999997576233, 96.99999975509854, 97.99999975257379, 98.99999975004903, 99.99999974752427, 100.99999974499951, 101.99999974247476, 102.99999973995, 103.99999973742524, 104.99999973490048, 105.99999973237573, 106.99999972985097, 107.99999972732621, 108.99999972480146, 109.9999997222767, 110.99999971975194, 111.99999971722718, 112.99999971470243, 113.99999971217767, 114.99999970965291, 115.99999970712815, 116.9999997046034, 117.99999970207864, 118.99999969955388], "Index": [1.0, 2.0, 3.0, 4.0, 5.0, 6.0, 7.0, 8.0, 9.0, 10.0, 11.0, 12.0, 13.0, 14.0, 15.0, 16.0, 17.0, 18.0, 19.0, 20.0, 21.0, 22.0, 23.0, 24.0, 25.0, 26.0, 27.0, 28.0, 29.0, 30.0, 31.0, 32.0, 33.0, 34.0, 35.0, 36.0, 37.0, 38.0, 39.0, 40.0, 41.0, 42.0, 43.0, 44.0, 45.0, 46.0, 47.0, 48.0, 49.0, 50.0, 51.0, 52.0, 53.0, 54.0, 55.0, 56.0, 57.0, 58.0, 59.0, 60.0, 61.0, 62.0, 63.0, 64.0, 65.0, 66.0, 67.0, 68.0, 69.0, 70.0, 71.0, 72.0, 73.0, 74.0, 75.0, 76.0, 77.0, 78.0, 79.0, 80.0, 81.0, 82.0, 83.0, 84.0, 85.0, 86.0, 87.0, 88.0, 89.0, 90.0, 91.0, 92.0, 93.0, 94.0, 95.0, 96.0, 97.0, 98.0, 99.0, 100.0, 101.0, 102.0, 103.0, 104.0, 105.0, 106.0, 107.0, 108.0, 109.0, 110.0, 111.0, 112.0, 113.0, 114.0, 115.0, 116.0, 117.0, 118.0, 119.0, 120.0]}}