{"recordsignal": {"Time": [11056.609748084744, 11057.609748082219, 11058.609748079694, 11059.60974807717, 11060.609748074645, 11061.60974807212, 11062.609748069595, 11063.60974806707, 11064.609748064546, 11065.609748062021, 11066.609748059496, 11067.609748056972, 11068.609748054447, 11069.609748051922, 11070.609748049397, 11071.609748046872, 11072.609748044348, 11073.609748041823, 11074.609748039298, 11075.609748036773, 11076.609748034249, 11077.609748031724, 11078.6097480292, 11079.609748026674, 11080.60974802415, 11081.609748021625, 11082.6097480191, 11083.609748016575, 11084.60974801405, 11085.609748011526, 11086.609748009001, 11087.609748006476, 11088.609748003952, 11089.609748001427, 11090.609747998902, 11091.609747996377, 11092.609747993853, 11093.609747991328, 11094.609747988803, 11095.609747986278, 11096.609747983754, 11097.609747981229, 11098.609747978704, 11099.60974797618, 11100.609747973655, 11101.60974797113, 11102.609747968605, 11103.60974796608, 11104.609747963555, 11105.60974796103, 11106.609747958506, 11107.609747955981, 11108.609747953456, 11109.609747950932, 11110.609747948407, 11111.609747945882, 11112.609747943357, 11113.609747940833, 11114.609747938308, 11115.609747935783, 11116.609747933258, 11117.609747930734, 11118.609747928209, 11119.609747925684, 11120.60974792316, 11121.609747920635, 11122.60974791811, 11123.609747915585, 11124.60974791306, 11125.609747910536, 11126.60974790801, 11127.609747905486, 11128.609747902961, 11129.609747900437, 11130.609747897912, 11131.609747895387, 11132.609747892862, 11133.609747890338, 11134.609747887813, 11135.609747885288, 11136.609747882763, 11137.609747880239, 11138.609747877714, 11139.609747875189, 11140.609747872664, 11141.60974787014, 11142.609747867615, 11143.60974786509, 11144.609747862565, 11145.60974786004, 11146.609747857516, 11147.609747854991, 11148.609747852466, 11149.609747849941, 11150.609747847417, 11151.609747844892, 11152.609747842367, 11153.609747839842, 11154.609747837318, 11155.609747834793, 11156.609747832268, 11157.609747829743, 11158.609747827219, 11159.609747824694, 11160.609747822169, 11161.609747819644, 11162.60974781712, 11163.609747814595, 11164.60974781207, 11165.609747809545, 11166.60974780702, 11167.609747804496, 11168.609747801971, 11169.609747799446, 11170.609747796922, 11171.609747794397, 11172.609747791872, 11173.609747789347, 11174.609747786822, 11175.609747784298], "WE(1).Potential": [-9.99969482421875, 0.268524169921875, 0.30999755859375, 0.3310546875, 0.3533935546875, 0.3494873046875, 0.296722412109375, 0.27813720703125, 0.267425537109375, 0.295440673828125, 0.296661376953125, 0.228302001953125, 0.185760498046875, 0.19244384765625, 0.209014892578125, 0.130035400390625, 0.105865478515625, 0.093658447265625, 0.078338623046875, 0.057830810546875, 0.09990234375000001, 0.09702148437500001, 0.0733184814453125, 0.08955993652343751, 0.058746337890625, 0.043695068359375006, 0.024932861328125, 0.028228759765625, -0.0004608154296874972, 0.048754882812500004, 0.0500030517578125, 0.066571044921875, 0.021582031249999994, -0.000946044921875, 0.0679931640625, 0.070245361328125, 0.08685302734375, 0.120880126953125, 0.11981201171875, 0.104827880859375, 0.1097412109375, 0.130859375, 0.166473388671875, 0.21746826171875, 0.27032470703125, 0.294281005859375, 0.301483154296875, 0.31756591796875, 0.3489990234375, 0.341156005859375, 0.331512451171875, 0.298248291015625, 0.31085205078125, 0.358367919921875, 0.324310302734375, 0.2862548828125, 0.269927978515625, 0.313873291015625, 0.288055419921875, 0.254730224609375, 0.275665283203125, 0.196136474609375, 0.2388916015625, 0.18341064453125, 0.202728271484375, 0.21044921875, 0.16046142578125, 0.120025634765625, 0.119537353515625, 0.121795654296875, 0.1451416015625, 0.071624755859375, 0.074310302734375, 0.119232177734375, 0.0411376953125, 0.1, 0.023345947265625, 0.09065551757812501, 0.012115478515625, 0.0666778564453125, 0.059075927734375006, -0.00103759765625, 0.067486572265625, 0.047003173828125, 0.03642578125, 0.054144287109375, 0.048175048828125004, 0.0093841552734375, -0.01068115234375, 0.05010986328125, 0.049990844726562504, 0.04786376953125, 0.047708129882812506, 0.04837646484375, 0.0424713134765625, 0.0483917236328125, 0.011395263671875003, -0.020364379882812506, 0.010031127929687494, 0.030017089843749997, 0.049725341796875, 0.025933837890625006, 0.009088134765625006, -0.016305541992187506, 0.0021423339843749944, 0.0549591064453125, -0.0023437500000000056, 0.022561645507812506, -0.0016876220703125056, 0.037091064453125, 0.01031494140625, 0.020922851562499997, -0.02580566406250001, 0.0451812744140625, -0.02778320312499999, 0.0494049072265625, -0.019604492187500003, 0.026950073242187497, -0.009088134765625006, -0.023229980468749994], "Corrected time": [0.0, 0.9999999974752427, 1.9999999949504854, 2.999999992425728, 3.999999989900971, 4.9999999873762135, 5.999999984851456, 6.999999982326699, 7.999999979801942, 8.999999977277184, 9.999999974752427, 10.99999997222767, 11.999999969702912, 12.999999967178155, 13.999999964653398, 14.99999996212864, 15.999999959603883, 16.999999957079126, 17.99999995455437, 18.99999995202961, 19.999999949504854, 20.999999946980097, 21.99999994445534, 22.999999941930582, 23.999999939405825, 24.999999936881068, 25.99999993435631, 26.999999931831553, 27.999999929306796, 28.99999992678204, 29.99999992425728, 30.999999921732524, 31.999999919207767, 32.99999991668301, 33.99999991415825, 34.999999911633495, 35.99999990910874, 36.99999990658398, 37.99999990405922, 38.999999901534466, 39.99999989900971, 40.99999989648495, 41.999999893960194, 42.999999891435436, 43.99999988891068, 44.99999988638592, 45.999999883861165, 46.99999988133641, 47.99999987881165, 48.99999987628689, 49.999999873762135, 50.99999987123738, 51.99999986871262, 52.99999986618786, 53.999999863663106, 54.99999986113835, 55.99999985861359, 56.999999856088834, 57.99999985356408, 58.99999985103932, 59.99999984851456, 60.999999845989805, 61.99999984346505, 62.99999984094029, 63.99999983841553, 64.99999983589078, 65.99999983336602, 66.99999983084126, 67.9999998283165, 68.99999982579175, 69.99999982326699, 70.99999982074223, 71.99999981821747, 72.99999981569272, 73.99999981316796, 74.9999998106432, 75.99999980811845, 76.99999980559369, 77.99999980306893, 78.99999980054417, 79.99999979801942, 80.99999979549466, 81.9999997929699, 82.99999979044514, 83.99999978792039, 84.99999978539563, 85.99999978287087, 86.99999978034612, 87.99999977782136, 88.9999997752966, 89.99999977277184, 90.99999977024709, 91.99999976772233, 92.99999976519757, 93.99999976267281, 94.99999976014806, 95.9999997576233, 96.99999975509854, 97.99999975257379, 98.99999975004903, 99.99999974752427, 100.99999974499951, 101.99999974247476, 102.99999973995, 103.99999973742524, 104.99999973490048, 105.99999973237573, 106.99999972985097, 107.99999972732621, 108.99999972480146, 109.9999997222767, 110.99999971975194, 111.99999971722718, 112.99999971470243, 113.99999971217767, 114.99999970965291, 115.99999970712815, 116.9999997046034, 117.99999970207864, 118.99999969955388], "Index": [1.0, 2.0, 3.0, 4.0, 5.0, 6.0, 7.0, 8.0, 9.0, 10.0, 11.0, 12.0, 13.0, 14.0, 15.0, 16.0, 17.0, 18.0, 19.0, 20.0, 21.0, 22.0, 23.0, 24.0, 25.0, 26.0, 27.0, 28.0, 29.0, 30.0, 31.0, 32.0, 33.0, 34.0, 35.0, 36.0, 37.0, 38.0, 39.0, 40.0, 41.0, 42.0, 43.0, 44.0, 45.0, 46.0, 47.0, 48.0, 49.0, 50.0, 51.0, 52.0, 53.0, 54.0, 55.0, 56.0, 57.0, 58.0, 59.0, 60.0, 61.0, 62.0, 63.0, 64.0, 65.0, 66.0, 67.0, 68.0, 69.0, 70.0, 71.0, 72.0, 73.0, 74.0, 75.0, 76.0, 77.0, 78.0, 79.0, 80.0, 81.0, 82.0, 83.0, 84.0, 85.0, 86.0, 87.0, 88.0, 89.0, 90.0, 91.0, 92.0, 93.0, 94.0, 95.0, 96.0, 97.0, 98.0, 99.0, 100.0, 101.0, 102.0, 103.0, 104.0, 105.0, 106.0, 107.0, 108.0, 109.0, 110.0, 111.0, 112.0, 113.0, 114.0, 115.0, 116.0, 117.0, 118.0, 119.0, 120.0]}}