{"recordsignal": {"Time": [13328.855125347876, 13329.855125345352, 13330.855125342827, 13331.855125340302, 13332.855125337777, 13333.855125335253, 13334.855125332728, 13335.855125330203, 13336.855125327678, 13337.855125325153, 13338.855125322629, 13339.855125320104, 13340.85512531758, 13341.855125315054, 13342.85512531253, 13343.855125310005, 13344.85512530748, 13345.855125304955, 13346.85512530243, 13347.855125299906, 13348.855125297381, 13349.855125294856, 13350.855125292332, 13351.855125289807, 13352.855125287282, 13353.855125284757, 13354.855125282233, 13355.855125279708, 13356.855125277183, 13357.855125274658, 13358.855125272134, 13359.855125269609, 13360.855125267084, 13361.85512526456, 13362.855125262035, 13363.85512525951, 13364.855125256985, 13365.85512525446, 13366.855125251936, 13367.85512524941, 13368.855125246886, 13369.855125244361, 13370.855125241837, 13371.855125239312, 13372.855125236787, 13373.855125234262, 13374.855125231737, 13375.855125229213, 13376.855125226688, 13377.855125224163, 13378.855125221638, 13379.855125219114, 13380.855125216589, 13381.855125214064, 13382.85512521154, 13383.855125209015, 13384.85512520649, 13385.855125203965, 13386.85512520144, 13387.855125198916, 13388.85512519639, 13389.855125193866, 13390.855125191341, 13391.855125188817, 13392.855125186292, 13393.855125183767, 13394.855125181242, 13395.855125178718, 13396.855125176193, 13397.855125173668, 13398.855125171143, 13399.855125168619, 13400.855125166094, 13401.855125163569, 13402.855125161044, 13403.85512515852, 13404.855125155995, 13405.85512515347, 13406.855125150945, 13407.85512514842, 13408.855125145896, 13409.855125143371, 13410.855125140846, 13411.855125138321, 13412.855125135797, 13413.855125133272, 13414.855125130747, 13415.855125128222, 13416.855125125698, 13417.855125123173, 13418.855125120648, 13419.855125118123, 13420.855125115599, 13421.855125113074, 13422.85512511055, 13423.855125108024, 13424.8551251055, 13425.855125102975, 13426.85512510045, 13427.855125097925, 13428.8551250954, 13429.855125092876, 13430.855125090351, 13431.855125087826, 13432.855125085302, 13433.855125082777, 13434.855125080252, 13435.855125077727, 13436.855125075203, 13437.855125072678, 13438.855125070153, 13439.855125067628, 13440.855125065103, 13441.855125062579, 13442.855125060054, 13443.85512505753, 13444.855125055004, 13445.85512505248, 13446.855125049955, 13447.85512504743], "WE(1).Potential": [1.55059814453125, 1.49658203125, 1.58477783203125, 1.4935302734375, 1.52923583984375, 1.5460205078125, 1.48101806640625, 1.51275634765625, 1.5478515625, 1.4630126953125, 1.5093994140625, 1.53533935546875, 1.4990234375, 1.43157958984375, 1.46759033203125, 1.50543212890625, 1.41937255859375, 1.47613525390625, 1.3922119140625, 1.4691162109375, 1.38641357421875, 1.46514892578125, 1.37359619140625, 1.46087646484375, 1.3836669921875, 1.4410400390625, 1.42669677734375, 1.3677978515625, 1.40472412109375, 1.45477294921875, 1.45904541015625, 1.451416015625, 1.42852783203125, 1.4654541015625, 1.474609375, 1.44317626953125, 1.40350341796875, 1.466064453125, 1.48040771484375, 1.49658203125, 1.5185546875, 1.52557373046875, 1.52435302734375, 1.5399169921875, 1.55242919921875, 1.5447998046875, 1.5435791015625, 1.505126953125, 1.59210205078125, 1.6192626953125, 1.62841796875, 1.62689208984375, 1.5606689453125, 1.57501220703125, 1.6265869140625, 1.6864013671875, 1.6839599609375, 1.6949462890625, 1.71112060546875, 1.64581298828125, 1.66595458984375, 1.6900634765625, 1.690673828125, 1.70013427734375, 1.63238525390625, 1.69769287109375, 1.71630859375, 1.72027587890625, 1.71051025390625, 1.69952392578125, 1.64794921875, 1.69036865234375, 1.67327880859375, 1.60614013671875, 1.6851806640625, 1.634521484375, 1.59637451171875, 1.60400390625, 1.607666015625, 1.58111572265625, 1.62628173828125, 1.61773681640625, 1.62567138671875, 1.61865234375, 1.57623291015625, 1.53411865234375, 1.58477783203125, 1.58935546875, 1.4569091796875, 1.2652587890625, 1.47308349609375, 1.4324951171875, 1.44744873046875, 1.48773193359375, 1.51824951171875, 1.4691162109375, 1.49169921875, 1.4599609375, 1.5008544921875, 1.5362548828125, 1.47796630859375, 1.531982421875, 1.45965576171875, 1.55914306640625, 1.4923095703125, 1.556396484375, 1.53167724609375, 1.51580810546875, 1.588134765625, 1.53289794921875, 1.63482666015625, 1.6168212890625, 1.63177490234375, 1.59698486328125, 1.69586181640625, 1.6424560546875, 1.6558837890625, 1.7218017578125, 1.6571044921875, 1.70806884765625], "Corrected time": [0.0, 0.9999999974752427, 1.9999999949504854, 2.999999992425728, 3.999999989900971, 4.9999999873762135, 5.999999984851456, 6.999999982326699, 7.999999979801942, 8.999999977277184, 9.999999974752427, 10.99999997222767, 11.999999969702912, 12.999999967178155, 13.999999964653398, 14.99999996212864, 15.999999959603883, 16.999999957079126, 17.99999995455437, 18.99999995202961, 19.999999949504854, 20.999999946980097, 21.99999994445534, 22.999999941930582, 23.999999939405825, 24.999999936881068, 25.99999993435631, 26.999999931831553, 27.999999929306796, 28.99999992678204, 29.99999992425728, 30.999999921732524, 31.999999919207767, 32.99999991668301, 33.99999991415825, 34.999999911633495, 35.99999990910874, 36.99999990658398, 37.99999990405922, 38.999999901534466, 39.99999989900971, 40.99999989648495, 41.999999893960194, 42.999999891435436, 43.99999988891068, 44.99999988638592, 45.999999883861165, 46.99999988133641, 47.99999987881165, 48.99999987628689, 49.999999873762135, 50.99999987123738, 51.99999986871262, 52.99999986618786, 53.999999863663106, 54.99999986113835, 55.99999985861359, 56.999999856088834, 57.99999985356408, 58.99999985103932, 59.99999984851456, 60.999999845989805, 61.99999984346505, 62.99999984094029, 63.99999983841553, 64.99999983589078, 65.99999983336602, 66.99999983084126, 67.9999998283165, 68.99999982579175, 69.99999982326699, 70.99999982074223, 71.99999981821747, 72.99999981569272, 73.99999981316796, 74.9999998106432, 75.99999980811845, 76.99999980559369, 77.99999980306893, 78.99999980054417, 79.99999979801942, 80.99999979549466, 81.9999997929699, 82.99999979044514, 83.99999978792039, 84.99999978539563, 85.99999978287087, 86.99999978034612, 87.99999977782136, 88.9999997752966, 89.99999977277184, 90.99999977024709, 91.99999976772233, 92.99999976519757, 93.99999976267281, 94.99999976014806, 95.9999997576233, 96.99999975509854, 97.99999975257379, 98.99999975004903, 99.99999974752427, 100.99999974499951, 101.99999974247476, 102.99999973995, 103.99999973742524, 104.99999973490048, 105.99999973237573, 106.99999972985097, 107.99999972732621, 108.99999972480146, 109.9999997222767, 110.99999971975194, 111.99999971722718, 112.99999971470243, 113.99999971217767, 114.99999970965291, 115.99999970712815, 116.9999997046034, 117.99999970207864, 118.99999969955388], "Index": [1.0, 2.0, 3.0, 4.0, 5.0, 6.0, 7.0, 8.0, 9.0, 10.0, 11.0, 12.0, 13.0, 14.0, 15.0, 16.0, 17.0, 18.0, 19.0, 20.0, 21.0, 22.0, 23.0, 24.0, 25.0, 26.0, 27.0, 28.0, 29.0, 30.0, 31.0, 32.0, 33.0, 34.0, 35.0, 36.0, 37.0, 38.0, 39.0, 40.0, 41.0, 42.0, 43.0, 44.0, 45.0, 46.0, 47.0, 48.0, 49.0, 50.0, 51.0, 52.0, 53.0, 54.0, 55.0, 56.0, 57.0, 58.0, 59.0, 60.0, 61.0, 62.0, 63.0, 64.0, 65.0, 66.0, 67.0, 68.0, 69.0, 70.0, 71.0, 72.0, 73.0, 74.0, 75.0, 76.0, 77.0, 78.0, 79.0, 80.0, 81.0, 82.0, 83.0, 84.0, 85.0, 86.0, 87.0, 88.0, 89.0, 90.0, 91.0, 92.0, 93.0, 94.0, 95.0, 96.0, 97.0, 98.0, 99.0, 100.0, 101.0, 102.0, 103.0, 104.0, 105.0, 106.0, 107.0, 108.0, 109.0, 110.0, 111.0, 112.0, 113.0, 114.0, 115.0, 116.0, 117.0, 118.0, 119.0, 120.0]}}