{"recordsignal": {"Time": [1280.274722767617, 1281.2747227650923, 1282.2747227625675, 1283.2747227600428, 1284.274722757518, 1285.2747227549933, 1286.2747227524685, 1287.2747227499437, 1288.274722747419, 1289.2747227448942, 1290.2747227423695, 1291.2747227398447, 1292.27472273732, 1293.2747227347952, 1294.2747227322704, 1295.2747227297457, 1296.274722727221, 1297.2747227246962, 1298.2747227221714, 1299.2747227196467, 1300.274722717122, 1301.2747227145971, 1302.2747227120724, 1303.2747227095476, 1304.2747227070229, 1305.2747227044981, 1306.2747227019734, 1307.2747226994486, 1308.2747226969238, 1309.274722694399, 1310.2747226918743, 1311.2747226893496, 1312.2747226868248, 1313.2747226843, 1314.2747226817753, 1315.2747226792505, 1316.2747226767258, 1317.274722674201, 1318.2747226716763, 1319.2747226691515, 1320.2747226666268, 1321.274722664102, 1322.2747226615772, 1323.2747226590525, 1324.2747226565277, 1325.274722654003, 1326.2747226514782, 1327.2747226489535, 1328.2747226464287, 1329.274722643904, 1330.2747226413792, 1331.2747226388544, 1332.2747226363297, 1333.274722633805, 1334.2747226312802, 1335.2747226287554, 1336.2747226262306, 1337.2747226237059, 1338.2747226211811, 1339.2747226186564, 1340.2747226161316, 1341.2747226136069, 1342.274722611082, 1343.2747226085573, 1344.2747226060326, 1345.2747226035078, 1346.274722600983, 1347.2747225984583, 1348.2747225959336, 1349.2747225934088, 1350.274722590884, 1351.2747225883593, 1352.2747225858345, 1353.2747225833098, 1354.274722580785, 1355.2747225782603, 1356.2747225757355, 1357.2747225732107, 1358.274722570686, 1359.2747225681612, 1360.2747225656365, 1361.2747225631117, 1362.274722560587, 1363.2747225580622, 1364.2747225555374, 1365.2747225530127, 1366.274722550488, 1367.2747225479632, 1368.2747225454384, 1369.2747225429137, 1370.274722540389, 1371.2747225378641, 1372.2747225353394, 1373.2747225328146, 1374.2747225302899, 1375.274722527765, 1376.2747225252403, 1377.2747225227156, 1378.2747225201908, 1379.274722517666, 1380.2747225151413, 1381.2747225126166, 1382.2747225100918, 1383.274722507567, 1384.2747225050423, 1385.2747225025175, 1386.2747224999928, 1387.274722497468, 1388.2747224949433, 1389.2747224924185, 1390.2747224898937, 1391.274722487369, 1392.2747224848442, 1393.2747224823195, 1394.2747224797947, 1395.27472247727, 1396.2747224747452, 1397.2747224722204, 1398.2747224696957, 1399.274722467171], "WE(1).Potential": [-1.42547607421875, 1.43524169921875, 1.578369140625, 1.5435791015625, 1.597900390625, 1.64459228515625, 1.568603515625, 1.59332275390625, 1.64337158203125, 1.590576171875, 1.59637451171875, 1.5838623046875, 1.61376953125, 1.6534423828125, 1.572265625, 1.64520263671875, 1.57257080078125, 1.62322998046875, 1.62933349609375, 1.62109375, 1.6455078125, 1.634521484375, 1.56951904296875, 1.63787841796875, 1.60186767578125, 1.62750244140625, 1.62872314453125, 1.636962890625, 1.6046142578125, 1.566162109375, 1.6204833984375, 1.64703369140625, 1.629638671875, 1.5704345703125, 1.6400146484375, 1.64276123046875, 1.64886474609375, 1.59423828125, 1.60430908203125, 1.65496826171875, 1.6326904296875, 1.590576171875, 1.5972900390625, 1.632080078125, 1.6607666015625, 1.67694091796875, 1.65069580078125, 1.64642333984375, 1.6058349609375, 1.61834716796875, 1.624755859375, 1.65374755859375, 1.593017578125, 1.600341796875, 1.60369873046875, 1.627197265625, 1.64154052734375, 1.5869140625, 1.5997314453125, 1.59088134765625, 1.56036376953125, 1.5570068359375, 1.55731201171875, 1.5704345703125, 1.572265625, 1.60247802734375, 1.5814208984375, 1.57684326171875, 1.5692138671875, 1.59820556640625, 1.572265625, 1.5887451171875, 1.5545654296875, 1.60430908203125, 1.5838623046875, 1.552734375, 1.58721923828125, 1.55181884765625, 1.60308837890625, 1.54083251953125, 1.57257080078125, 1.632080078125, 1.60064697265625, 1.6033935546875, 1.62689208984375, 1.64093017578125, 1.65863037109375, 1.64154052734375, 1.6058349609375, 1.59912109375, 1.64337158203125, 1.67938232421875, 1.6748046875, 1.640625, 1.62017822265625, 1.64093017578125, 1.6986083984375, 1.6693115234375, 1.64459228515625, 1.66351318359375, 1.66778564453125, 1.64215087890625, 1.6937255859375, 1.63238525390625, 1.64215087890625, 1.68212890625, 1.5948486328125, 1.6717529296875, 1.5899658203125, 1.65252685546875, 1.58294677734375, 1.65130615234375, 1.568603515625, 1.61834716796875, 1.6400146484375, 1.59942626953125, 1.5863037109375, 1.5911865234375, 1.6229248046875, 1.529541015625], "Corrected time": [0.0, 0.9999999974752427, 1.9999999949504854, 2.999999992425728, 3.999999989900971, 4.9999999873762135, 5.999999984851456, 6.999999982326699, 7.999999979801942, 8.999999977277184, 9.999999974752427, 10.99999997222767, 11.999999969702912, 12.999999967178155, 13.999999964653398, 14.99999996212864, 15.999999959603883, 16.999999957079126, 17.99999995455437, 18.99999995202961, 19.999999949504854, 20.999999946980097, 21.99999994445534, 22.999999941930582, 23.999999939405825, 24.999999936881068, 25.99999993435631, 26.999999931831553, 27.999999929306796, 28.99999992678204, 29.99999992425728, 30.999999921732524, 31.999999919207767, 32.99999991668301, 33.99999991415825, 34.999999911633495, 35.99999990910874, 36.99999990658398, 37.99999990405922, 38.999999901534466, 39.99999989900971, 40.99999989648495, 41.999999893960194, 42.999999891435436, 43.99999988891068, 44.99999988638592, 45.999999883861165, 46.99999988133641, 47.99999987881165, 48.99999987628689, 49.999999873762135, 50.99999987123738, 51.99999986871262, 52.99999986618786, 53.999999863663106, 54.99999986113835, 55.99999985861359, 56.999999856088834, 57.99999985356408, 58.99999985103932, 59.99999984851456, 60.999999845989805, 61.99999984346505, 62.99999984094029, 63.99999983841553, 64.99999983589078, 65.99999983336602, 66.99999983084126, 67.9999998283165, 68.99999982579175, 69.99999982326699, 70.99999982074223, 71.99999981821747, 72.99999981569272, 73.99999981316796, 74.9999998106432, 75.99999980811845, 76.99999980559369, 77.99999980306893, 78.99999980054417, 79.99999979801942, 80.99999979549466, 81.9999997929699, 82.99999979044514, 83.99999978792039, 84.99999978539563, 85.99999978287087, 86.99999978034612, 87.99999977782136, 88.9999997752966, 89.99999977277184, 90.99999977024709, 91.99999976772233, 92.99999976519757, 93.99999976267281, 94.99999976014806, 95.9999997576233, 96.99999975509854, 97.99999975257379, 98.99999975004903, 99.99999974752427, 100.99999974499951, 101.99999974247476, 102.99999973995, 103.99999973742524, 104.99999973490048, 105.99999973237573, 106.99999972985097, 107.99999972732621, 108.99999972480146, 109.9999997222767, 110.99999971975194, 111.99999971722718, 112.99999971470243, 113.99999971217767, 114.99999970965291, 115.99999970712815, 116.9999997046034, 117.99999970207864, 118.99999969955388], "Index": [1.0, 2.0, 3.0, 4.0, 5.0, 6.0, 7.0, 8.0, 9.0, 10.0, 11.0, 12.0, 13.0, 14.0, 15.0, 16.0, 17.0, 18.0, 19.0, 20.0, 21.0, 22.0, 23.0, 24.0, 25.0, 26.0, 27.0, 28.0, 29.0, 30.0, 31.0, 32.0, 33.0, 34.0, 35.0, 36.0, 37.0, 38.0, 39.0, 40.0, 41.0, 42.0, 43.0, 44.0, 45.0, 46.0, 47.0, 48.0, 49.0, 50.0, 51.0, 52.0, 53.0, 54.0, 55.0, 56.0, 57.0, 58.0, 59.0, 60.0, 61.0, 62.0, 63.0, 64.0, 65.0, 66.0, 67.0, 68.0, 69.0, 70.0, 71.0, 72.0, 73.0, 74.0, 75.0, 76.0, 77.0, 78.0, 79.0, 80.0, 81.0, 82.0, 83.0, 84.0, 85.0, 86.0, 87.0, 88.0, 89.0, 90.0, 91.0, 92.0, 93.0, 94.0, 95.0, 96.0, 97.0, 98.0, 99.0, 100.0, 101.0, 102.0, 103.0, 104.0, 105.0, 106.0, 107.0, 108.0, 109.0, 110.0, 111.0, 112.0, 113.0, 114.0, 115.0, 116.0, 117.0, 118.0, 119.0, 120.0]}}