{"recordsignal": {"Time": [11746.505139342926, 11747.505139340401, 11748.505139337876, 11749.505139335351, 11750.505139332827, 11751.505139330302, 11752.505139327777, 11753.505139325252, 11754.505139322728, 11755.505139320203, 11756.505139317678, 11757.505139315153, 11758.505139312629, 11759.505139310104, 11760.50513930758, 11761.505139305054, 11762.50513930253, 11763.505139300005, 11764.50513929748, 11765.505139294955, 11766.50513929243, 11767.505139289906, 11768.505139287381, 11769.505139284856, 11770.505139282332, 11771.505139279807, 11772.505139277282, 11773.505139274757, 11774.505139272233, 11775.505139269708, 11776.505139267183, 11777.505139264658, 11778.505139262134, 11779.505139259609, 11780.505139257084, 11781.50513925456, 11782.505139252034, 11783.50513924951, 11784.505139246985, 11785.50513924446, 11786.505139241935, 11787.50513923941, 11788.505139236886, 11789.505139234361, 11790.505139231836, 11791.505139229312, 11792.505139226787, 11793.505139224262, 11794.505139221737, 11795.505139219213, 11796.505139216688, 11797.505139214163, 11798.505139211638, 11799.505139209114, 11800.505139206589, 11801.505139204064, 11802.50513920154, 11803.505139199015, 11804.50513919649, 11805.505139193965, 11806.50513919144, 11807.505139188916, 11808.50513918639, 11809.505139183866, 11810.505139181341, 11811.505139178817, 11812.505139176292, 11813.505139173767, 11814.505139171242, 11815.505139168718, 11816.505139166193, 11817.505139163668, 11818.505139161143, 11819.505139158618, 11820.505139156094, 11821.505139153569, 11822.505139151044, 11823.50513914852, 11824.505139145995, 11825.50513914347, 11826.505139140945, 11827.50513913842, 11828.505139135896, 11829.50513913337, 11830.505139130846, 11831.505139128321, 11832.505139125797, 11833.505139123272, 11834.505139120747, 11835.505139118222, 11836.505139115698, 11837.505139113173, 11838.505139110648, 11839.505139108123, 11840.505139105599, 11841.505139103074, 11842.505139100549, 11843.505139098024, 11844.5051390955, 11845.505139092975, 11846.50513909045, 11847.505139087925, 11848.5051390854, 11849.505139082876, 11850.505139080351, 11851.505139077826, 11852.505139075301, 11853.505139072777, 11854.505139070252, 11855.505139067727, 11856.505139065202, 11857.505139062678, 11858.505139060153, 11859.505139057628, 11860.505139055103, 11861.505139052579, 11862.505139050054, 11863.50513904753, 11864.505139045004, 11865.50513904248], "WE(1).Potential": [0.0424041748046875, 0.21649169921875, 0.19744873046875, -0.0654815673828125, 0.014886474609375006, 0.030780029296874997, 0.084716796875, 0.08966064453125, 0.220458984375, 0.544403076171875, 0.557647705078125, 0.533935546875, 0.426055908203125, 0.40484619140625, 0.451171875, 0.493194580078125, 0.57183837890625, 0.600982666015625, 0.61395263671875, 0.784454345703125, 0.9442138671875, 0.91705322265625, 0.669097900390625, 0.7532958984375, 0.771484375, 0.82000732421875, 0.850830078125, 0.916748046875, 0.83404541015625, 0.92193603515625, 0.85205078125, 0.90484619140625, 0.841064453125, 0.7562255859375, 0.81268310546875, 0.8099365234375, 0.8160400390625, 0.7781982421875, 0.767242431640625, 0.7962646484375, 0.74737548828125, 0.73577880859375, 0.729827880859375, 0.73150634765625, 0.71697998046875, 0.731781005859375, 0.7049560546875, 0.67626953125, 0.75726318359375, 0.73944091796875, 0.749114990234375, 0.82122802734375, 0.76202392578125, 0.887451171875, 0.770263671875, 0.79376220703125, 0.90911865234375, 0.89935302734375, 0.92193603515625, 0.96099853515625, 0.94268798828125, 0.894775390625, 0.96038818359375, 0.96435546875, 0.93475341796875, 0.9210205078125, 0.98480224609375, 0.8831787109375, 0.94268798828125, 0.87615966796875, 0.87799072265625, 0.8392333984375, 0.71331787109375, 2.04986572265625, 3.09600830078125, 3.013916015625, 3.05419921875, 3.017578125, 2.9833984375, 2.97393798828125, 2.95867919921875, 2.94036865234375, 2.88787841796875, 2.90557861328125, 2.8741455078125, 2.8607177734375, 2.890625, 2.82562255859375, 2.8173828125, 2.85308837890625, 2.83355712890625, 2.8033447265625, 2.813720703125, 2.76611328125, 2.75299072265625, 2.76702880859375, 2.77923583984375, 2.7587890625, 2.69622802734375, 2.63336181640625, 2.62451171875, 2.6202392578125, 2.6385498046875, 2.57537841796875, 2.5714111328125, 2.5885009765625, 2.47283935546875, 2.509765625, 2.47161865234375, 2.40447998046875, 2.359619140625, 2.3846435546875, 2.36053466796875, 2.26226806640625, 2.314453125, 2.23236083984375, 2.23297119140625, 2.17681884765625, 2.1368408203125, 2.14111328125], "Corrected time": [0.0, 0.9999999974752427, 1.9999999949504854, 2.999999992425728, 3.999999989900971, 4.9999999873762135, 5.999999984851456, 6.999999982326699, 7.999999979801942, 8.999999977277184, 9.999999974752427, 10.99999997222767, 11.999999969702912, 12.999999967178155, 13.999999964653398, 14.99999996212864, 15.999999959603883, 16.999999957079126, 17.99999995455437, 18.99999995202961, 19.999999949504854, 20.999999946980097, 21.99999994445534, 22.999999941930582, 23.999999939405825, 24.999999936881068, 25.99999993435631, 26.999999931831553, 27.999999929306796, 28.99999992678204, 29.99999992425728, 30.999999921732524, 31.999999919207767, 32.99999991668301, 33.99999991415825, 34.999999911633495, 35.99999990910874, 36.99999990658398, 37.99999990405922, 38.999999901534466, 39.99999989900971, 40.99999989648495, 41.999999893960194, 42.999999891435436, 43.99999988891068, 44.99999988638592, 45.999999883861165, 46.99999988133641, 47.99999987881165, 48.99999987628689, 49.999999873762135, 50.99999987123738, 51.99999986871262, 52.99999986618786, 53.999999863663106, 54.99999986113835, 55.99999985861359, 56.999999856088834, 57.99999985356408, 58.99999985103932, 59.99999984851456, 60.999999845989805, 61.99999984346505, 62.99999984094029, 63.99999983841553, 64.99999983589078, 65.99999983336602, 66.99999983084126, 67.9999998283165, 68.99999982579175, 69.99999982326699, 70.99999982074223, 71.99999981821747, 72.99999981569272, 73.99999981316796, 74.9999998106432, 75.99999980811845, 76.99999980559369, 77.99999980306893, 78.99999980054417, 79.99999979801942, 80.99999979549466, 81.9999997929699, 82.99999979044514, 83.99999978792039, 84.99999978539563, 85.99999978287087, 86.99999978034612, 87.99999977782136, 88.9999997752966, 89.99999977277184, 90.99999977024709, 91.99999976772233, 92.99999976519757, 93.99999976267281, 94.99999976014806, 95.9999997576233, 96.99999975509854, 97.99999975257379, 98.99999975004903, 99.99999974752427, 100.99999974499951, 101.99999974247476, 102.99999973995, 103.99999973742524, 104.99999973490048, 105.99999973237573, 106.99999972985097, 107.99999972732621, 108.99999972480146, 109.9999997222767, 110.99999971975194, 111.99999971722718, 112.99999971470243, 113.99999971217767, 114.99999970965291, 115.99999970712815, 116.9999997046034, 117.99999970207864, 118.99999969955388], "Index": [1.0, 2.0, 3.0, 4.0, 5.0, 6.0, 7.0, 8.0, 9.0, 10.0, 11.0, 12.0, 13.0, 14.0, 15.0, 16.0, 17.0, 18.0, 19.0, 20.0, 21.0, 22.0, 23.0, 24.0, 25.0, 26.0, 27.0, 28.0, 29.0, 30.0, 31.0, 32.0, 33.0, 34.0, 35.0, 36.0, 37.0, 38.0, 39.0, 40.0, 41.0, 42.0, 43.0, 44.0, 45.0, 46.0, 47.0, 48.0, 49.0, 50.0, 51.0, 52.0, 53.0, 54.0, 55.0, 56.0, 57.0, 58.0, 59.0, 60.0, 61.0, 62.0, 63.0, 64.0, 65.0, 66.0, 67.0, 68.0, 69.0, 70.0, 71.0, 72.0, 73.0, 74.0, 75.0, 76.0, 77.0, 78.0, 79.0, 80.0, 81.0, 82.0, 83.0, 84.0, 85.0, 86.0, 87.0, 88.0, 89.0, 90.0, 91.0, 92.0, 93.0, 94.0, 95.0, 96.0, 97.0, 98.0, 99.0, 100.0, 101.0, 102.0, 103.0, 104.0, 105.0, 106.0, 107.0, 108.0, 109.0, 110.0, 111.0, 112.0, 113.0, 114.0, 115.0, 116.0, 117.0, 118.0, 119.0, 120.0]}}