{"recordsignal": {"Time": [12208.164313177349, 12209.164313174824, 12210.1643131723, 12211.164313169775, 12212.16431316725, 12213.164313164725, 12214.1643131622, 12215.164313159676, 12216.16431315715, 12217.164313154626, 12218.164313152101, 12219.164313149577, 12220.164313147052, 12221.164313144527, 12222.164313142002, 12223.164313139478, 12224.164313136953, 12225.164313134428, 12226.164313131903, 12227.164313129379, 12228.164313126854, 12229.164313124329, 12230.164313121804, 12231.16431311928, 12232.164313116755, 12233.16431311423, 12234.164313111705, 12235.16431310918, 12236.164313106656, 12237.164313104131, 12238.164313101606, 12239.164313099081, 12240.164313096557, 12241.164313094032, 12242.164313091507, 12243.164313088982, 12244.164313086458, 12245.164313083933, 12246.164313081408, 12247.164313078883, 12248.164313076359, 12249.164313073834, 12250.16431307131, 12251.164313068784, 12252.16431306626, 12253.164313063735, 12254.16431306121, 12255.164313058685, 12256.16431305616, 12257.164313053636, 12258.164313051111, 12259.164313048586, 12260.164313046062, 12261.164313043537, 12262.164313041012, 12263.164313038487, 12264.164313035963, 12265.164313033438, 12266.164313030913, 12267.164313028388, 12268.164313025864, 12269.164313023339, 12270.164313020814, 12271.16431301829, 12272.164313015764, 12273.16431301324, 12274.164313010715, 12275.16431300819, 12276.164313005665, 12277.16431300314, 12278.164313000616, 12279.164312998091, 12280.164312995566, 12281.164312993042, 12282.164312990517, 12283.164312987992, 12284.164312985467, 12285.164312982943, 12286.164312980418, 12287.164312977893, 12288.164312975368, 12289.164312972844, 12290.164312970319, 12291.164312967794, 12292.16431296527, 12293.164312962745, 12294.16431296022, 12295.164312957695, 12296.16431295517, 12297.164312952646, 12298.16431295012, 12299.164312947596, 12300.164312945071, 12301.164312942547, 12302.164312940022, 12303.164312937497, 12304.164312934972, 12305.164312932448, 12306.164312929923, 12307.164312927398, 12308.164312924873, 12309.164312922348, 12310.164312919824, 12311.164312917299, 12312.164312914774, 12313.16431291225, 12314.164312909725, 12315.1643129072, 12316.164312904675, 12317.16431290215, 12318.164312899626, 12319.1643128971, 12320.164312894576, 12321.164312892051, 12322.164312889527, 12323.164312887002, 12324.164312884477, 12325.164312881952, 12326.164312879428, 12327.164312876903], "WE(1).Potential": [1.41571044921875, 1.3934326171875, 1.47308349609375, 1.40625, 1.4337158203125, 1.48223876953125, 1.46270751953125, 1.4190673828125, 1.494140625, 1.4434814453125, 1.50604248046875, 1.502685546875, 1.4666748046875, 1.47003173828125, 1.48223876953125, 1.46759033203125, 1.46270751953125, 1.48040771484375, 1.49505615234375, 1.4837646484375, 1.55517578125, 1.568603515625, 1.57135009765625, 1.52984619140625, 1.55426025390625, 1.5692138671875, 1.57012939453125, 1.59515380859375, 1.59210205078125, 1.57989501953125, 1.54815673828125, 1.571044921875, 1.5869140625, 1.6021728515625, 1.59820556640625, 1.572265625, 1.54022216796875, 1.55487060546875, 1.55914306640625, 1.53564453125, 1.5533447265625, 1.60552978515625, 1.56219482421875, 1.607666015625, 1.55548095703125, 1.52740478515625, 1.53076171875, 1.5277099609375, 1.549072265625, 1.5374755859375, 1.54327392578125, 1.5374755859375, 1.52679443359375, 1.52557373046875, 1.57379150390625, 1.61651611328125, 1.59759521484375, 1.5655517578125, 1.546630859375, 1.56707763671875, 1.61712646484375, 1.55487060546875, 1.61712646484375, 1.55120849609375, 1.6168212890625, 1.56097412109375, 1.6156005859375, 1.54937744140625, 1.62200927734375, 1.57440185546875, 1.578369140625, 1.62261962890625, 1.6156005859375, 1.54266357421875, 1.602783203125, 1.6131591796875, 1.57745361328125, 1.54754638671875, 1.56158447265625, 1.61224365234375, 1.62506103515625, 1.590576171875, 1.58538818359375, 1.5362548828125, 1.61651611328125, 1.533203125, 1.62384033203125, 1.5753173828125, 1.54541015625, 1.5533447265625, 1.58203125, 1.59454345703125, 1.6046142578125, 1.55059814453125, 1.5570068359375, 1.59912109375, 1.59881591796875, 1.55426025390625, 1.549072265625, 1.50787353515625, 1.571044921875, 1.50543212890625, 1.5557861328125, 1.539306640625, 1.53045654296875, 1.55120849609375, 1.58447265625, 1.50848388671875, 1.56494140625, 1.573486328125, 1.56097412109375, 1.58782958984375, 1.55181884765625, 1.52496337890625, 1.51580810546875, 1.51611328125, 1.5167236328125, 1.5411376953125, 1.5533447265625, 1.53533935546875], "Corrected time": [0.0, 0.9999999974752427, 1.9999999949504854, 2.999999992425728, 3.999999989900971, 4.9999999873762135, 5.999999984851456, 6.999999982326699, 7.999999979801942, 8.999999977277184, 9.999999974752427, 10.99999997222767, 11.999999969702912, 12.999999967178155, 13.999999964653398, 14.99999996212864, 15.999999959603883, 16.999999957079126, 17.99999995455437, 18.99999995202961, 19.999999949504854, 20.999999946980097, 21.99999994445534, 22.999999941930582, 23.999999939405825, 24.999999936881068, 25.99999993435631, 26.999999931831553, 27.999999929306796, 28.99999992678204, 29.99999992425728, 30.999999921732524, 31.999999919207767, 32.99999991668301, 33.99999991415825, 34.999999911633495, 35.99999990910874, 36.99999990658398, 37.99999990405922, 38.999999901534466, 39.99999989900971, 40.99999989648495, 41.999999893960194, 42.999999891435436, 43.99999988891068, 44.99999988638592, 45.999999883861165, 46.99999988133641, 47.99999987881165, 48.99999987628689, 49.999999873762135, 50.99999987123738, 51.99999986871262, 52.99999986618786, 53.999999863663106, 54.99999986113835, 55.99999985861359, 56.999999856088834, 57.99999985356408, 58.99999985103932, 59.99999984851456, 60.999999845989805, 61.99999984346505, 62.99999984094029, 63.99999983841553, 64.99999983589078, 65.99999983336602, 66.99999983084126, 67.9999998283165, 68.99999982579175, 69.99999982326699, 70.99999982074223, 71.99999981821747, 72.99999981569272, 73.99999981316796, 74.9999998106432, 75.99999980811845, 76.99999980559369, 77.99999980306893, 78.99999980054417, 79.99999979801942, 80.99999979549466, 81.9999997929699, 82.99999979044514, 83.99999978792039, 84.99999978539563, 85.99999978287087, 86.99999978034612, 87.99999977782136, 88.9999997752966, 89.99999977277184, 90.99999977024709, 91.99999976772233, 92.99999976519757, 93.99999976267281, 94.99999976014806, 95.9999997576233, 96.99999975509854, 97.99999975257379, 98.99999975004903, 99.99999974752427, 100.99999974499951, 101.99999974247476, 102.99999973995, 103.99999973742524, 104.99999973490048, 105.99999973237573, 106.99999972985097, 107.99999972732621, 108.99999972480146, 109.9999997222767, 110.99999971975194, 111.99999971722718, 112.99999971470243, 113.99999971217767, 114.99999970965291, 115.99999970712815, 116.9999997046034, 117.99999970207864, 118.99999969955388], "Index": [1.0, 2.0, 3.0, 4.0, 5.0, 6.0, 7.0, 8.0, 9.0, 10.0, 11.0, 12.0, 13.0, 14.0, 15.0, 16.0, 17.0, 18.0, 19.0, 20.0, 21.0, 22.0, 23.0, 24.0, 25.0, 26.0, 27.0, 28.0, 29.0, 30.0, 31.0, 32.0, 33.0, 34.0, 35.0, 36.0, 37.0, 38.0, 39.0, 40.0, 41.0, 42.0, 43.0, 44.0, 45.0, 46.0, 47.0, 48.0, 49.0, 50.0, 51.0, 52.0, 53.0, 54.0, 55.0, 56.0, 57.0, 58.0, 59.0, 60.0, 61.0, 62.0, 63.0, 64.0, 65.0, 66.0, 67.0, 68.0, 69.0, 70.0, 71.0, 72.0, 73.0, 74.0, 75.0, 76.0, 77.0, 78.0, 79.0, 80.0, 81.0, 82.0, 83.0, 84.0, 85.0, 86.0, 87.0, 88.0, 89.0, 90.0, 91.0, 92.0, 93.0, 94.0, 95.0, 96.0, 97.0, 98.0, 99.0, 100.0, 101.0, 102.0, 103.0, 104.0, 105.0, 106.0, 107.0, 108.0, 109.0, 110.0, 111.0, 112.0, 113.0, 114.0, 115.0, 116.0, 117.0, 118.0, 119.0, 120.0]}}