{"recordsignal": {"Time": [11516.025969924829, 11517.025969922304, 11518.02596991978, 11519.025969917255, 11520.02596991473, 11521.025969912205, 11522.02596990968, 11523.025969907156, 11524.025969904631, 11525.025969902106, 11526.025969899581, 11527.025969897057, 11528.025969894532, 11529.025969892007, 11530.025969889482, 11531.025969886958, 11532.025969884433, 11533.025969881908, 11534.025969879383, 11535.025969876859, 11536.025969874334, 11537.02596987181, 11538.025969869284, 11539.02596986676, 11540.025969864235, 11541.02596986171, 11542.025969859185, 11543.02596985666, 11544.025969854136, 11545.025969851611, 11546.025969849086, 11547.025969846562, 11548.025969844037, 11549.025969841512, 11550.025969838987, 11551.025969836463, 11552.025969833938, 11553.025969831413, 11554.025969828888, 11555.025969826364, 11556.025969823839, 11557.025969821314, 11558.02596981879, 11559.025969816264, 11560.02596981374, 11561.025969811215, 11562.02596980869, 11563.025969806165, 11564.02596980364, 11565.025969801116, 11566.025969798591, 11567.025969796066, 11568.025969793542, 11569.025969791017, 11570.025969788492, 11571.025969785967, 11572.025969783443, 11573.025969780918, 11574.025969778393, 11575.025969775868, 11576.025969773344, 11577.025969770819, 11578.025969768294, 11579.02596976577, 11580.025969763245, 11581.02596976072, 11582.025969758195, 11583.02596975567, 11584.025969753146, 11585.02596975062, 11586.025969748096, 11587.025969745571, 11588.025969743047, 11589.025969740522, 11590.025969737997, 11591.025969735472, 11592.025969732947, 11593.025969730423, 11594.025969727898, 11595.025969725373, 11596.025969722848, 11597.025969720324, 11598.025969717799, 11599.025969715274, 11600.02596971275, 11601.025969710225, 11602.0259697077, 11603.025969705175, 11604.02596970265, 11605.025969700126, 11606.0259696976, 11607.025969695076, 11608.025969692551, 11609.025969690027, 11610.025969687502, 11611.025969684977, 11612.025969682452, 11613.025969679928, 11614.025969677403, 11615.025969674878, 11616.025969672353, 11617.025969669829, 11618.025969667304, 11619.025969664779, 11620.025969662254, 11621.02596965973, 11622.025969657205, 11623.02596965468, 11624.025969652155, 11625.02596964963, 11626.025969647106, 11627.025969644581, 11628.025969642056, 11629.025969639531, 11630.025969637007, 11631.025969634482, 11632.025969631957, 11633.025969629432, 11634.025969626908, 11635.025969624383], "WE(1).Potential": [-9.99969482421875, 0.326202392578125, 0.32098388671875, 0.25054931640625, 0.22247314453125, 0.2669677734375, 0.2303466796875, 0.187652587890625, 0.1087646484375, 0.11083984375, 0.11297607421875, 0.061709594726562504, 0.00323486328125, -0.018960571289062506, -0.0462493896484375, -0.0460205078125, -0.04781799316406249, -0.04937744140625, -0.04852294921875, -0.0625396728515625, -0.016876220703125, -0.0059570312499999944, 0.028262329101562497, 0.0162353515625, 0.058013916015625, 0.122406005859375, 0.14288330078125, 0.149078369140625, 0.178863525390625, 0.19281005859375, 0.27545166015625, 0.30841064453125, 0.3087158203125, 0.28790283203125, 0.35125732421875, 0.385467529296875, 0.410614013671875, 0.344818115234375, 0.408966064453125, 0.41046142578125, 0.34527587890625, 0.373565673828125, 0.329742431640625, 0.313751220703125, 0.30718994140625, 0.224822998046875, 0.25921630859375, 0.2244873046875, 0.12176513671875, 0.15911865234375, 0.0526123046875, 0.0995025634765625, 0.018490600585937503, 0.0392608642578125, -0.0357513427734375, -0.088958740234375, -0.048858642578125, -0.0999969482421875, -0.067047119140625, -0.09002685546875, -0.087646484375, -0.0999969482421875, -0.09100036621093752, -0.003204345703125, -0.03253479003906251, 0.009863281249999994, 0.04541015625, 0.08941650390625, 0.14019775390625, 0.11932373046875, 0.176788330078125, 0.265045166015625, 0.28082275390625, 0.253509521484375, 0.30950927734375, 0.327789306640625, 0.367401123046875, 0.347198486328125, 0.3599853515625, 0.38671875, 0.3780517578125, 0.356964111328125, 0.37640380859375, 0.3621826171875, 0.344818115234375, 0.291534423828125, 0.309356689453125, 0.27117919921875, 0.203765869140625, 0.17498779296875, 0.14642333984375, 0.152252197265625, 0.15594482421875, 0.124359130859375, 0.10858154296875, 0.058074951171875, -0.0004150390624999972, -0.029367065429687506, 0.006072998046875, -0.0830291748046875, -0.08828430175781252, -0.04888916015625, -0.1297607421875, -0.10400390625, -0.067474365234375, -0.077728271484375, -0.072784423828125, -0.1181640625, -0.14422607421875, -0.081756591796875, -0.0711669921875, -0.045684814453125, -0.0416259765625, -0.06488037109375, -0.0654388427734375, -0.022512817382812494, 0.0016601562500000028, 0.0076904296875, 0.106964111328125, 0.13006591796875], "Corrected time": [0.0, 0.9999999974752427, 1.9999999949504854, 2.999999992425728, 3.999999989900971, 4.9999999873762135, 5.999999984851456, 6.999999982326699, 7.999999979801942, 8.999999977277184, 9.999999974752427, 10.99999997222767, 11.999999969702912, 12.999999967178155, 13.999999964653398, 14.99999996212864, 15.999999959603883, 16.999999957079126, 17.99999995455437, 18.99999995202961, 19.999999949504854, 20.999999946980097, 21.99999994445534, 22.999999941930582, 23.999999939405825, 24.999999936881068, 25.99999993435631, 26.999999931831553, 27.999999929306796, 28.99999992678204, 29.99999992425728, 30.999999921732524, 31.999999919207767, 32.99999991668301, 33.99999991415825, 34.999999911633495, 35.99999990910874, 36.99999990658398, 37.99999990405922, 38.999999901534466, 39.99999989900971, 40.99999989648495, 41.999999893960194, 42.999999891435436, 43.99999988891068, 44.99999988638592, 45.999999883861165, 46.99999988133641, 47.99999987881165, 48.99999987628689, 49.999999873762135, 50.99999987123738, 51.99999986871262, 52.99999986618786, 53.999999863663106, 54.99999986113835, 55.99999985861359, 56.999999856088834, 57.99999985356408, 58.99999985103932, 59.99999984851456, 60.999999845989805, 61.99999984346505, 62.99999984094029, 63.99999983841553, 64.99999983589078, 65.99999983336602, 66.99999983084126, 67.9999998283165, 68.99999982579175, 69.99999982326699, 70.99999982074223, 71.99999981821747, 72.99999981569272, 73.99999981316796, 74.9999998106432, 75.99999980811845, 76.99999980559369, 77.99999980306893, 78.99999980054417, 79.99999979801942, 80.99999979549466, 81.9999997929699, 82.99999979044514, 83.99999978792039, 84.99999978539563, 85.99999978287087, 86.99999978034612, 87.99999977782136, 88.9999997752966, 89.99999977277184, 90.99999977024709, 91.99999976772233, 92.99999976519757, 93.99999976267281, 94.99999976014806, 95.9999997576233, 96.99999975509854, 97.99999975257379, 98.99999975004903, 99.99999974752427, 100.99999974499951, 101.99999974247476, 102.99999973995, 103.99999973742524, 104.99999973490048, 105.99999973237573, 106.99999972985097, 107.99999972732621, 108.99999972480146, 109.9999997222767, 110.99999971975194, 111.99999971722718, 112.99999971470243, 113.99999971217767, 114.99999970965291, 115.99999970712815, 116.9999997046034, 117.99999970207864, 118.99999969955388], "Index": [1.0, 2.0, 3.0, 4.0, 5.0, 6.0, 7.0, 8.0, 9.0, 10.0, 11.0, 12.0, 13.0, 14.0, 15.0, 16.0, 17.0, 18.0, 19.0, 20.0, 21.0, 22.0, 23.0, 24.0, 25.0, 26.0, 27.0, 28.0, 29.0, 30.0, 31.0, 32.0, 33.0, 34.0, 35.0, 36.0, 37.0, 38.0, 39.0, 40.0, 41.0, 42.0, 43.0, 44.0, 45.0, 46.0, 47.0, 48.0, 49.0, 50.0, 51.0, 52.0, 53.0, 54.0, 55.0, 56.0, 57.0, 58.0, 59.0, 60.0, 61.0, 62.0, 63.0, 64.0, 65.0, 66.0, 67.0, 68.0, 69.0, 70.0, 71.0, 72.0, 73.0, 74.0, 75.0, 76.0, 77.0, 78.0, 79.0, 80.0, 81.0, 82.0, 83.0, 84.0, 85.0, 86.0, 87.0, 88.0, 89.0, 90.0, 91.0, 92.0, 93.0, 94.0, 95.0, 96.0, 97.0, 98.0, 99.0, 100.0, 101.0, 102.0, 103.0, 104.0, 105.0, 106.0, 107.0, 108.0, 109.0, 110.0, 111.0, 112.0, 113.0, 114.0, 115.0, 116.0, 117.0, 118.0, 119.0, 120.0]}}