{"recordsignal": {"Time": [11977.13122176065, 11978.131221758125, 11979.1312217556, 11980.131221753076, 11981.131221750551, 11982.131221748026, 11983.131221745502, 11984.131221742977, 11985.131221740452, 11986.131221737927, 11987.131221735403, 11988.131221732878, 11989.131221730353, 11990.131221727828, 11991.131221725303, 11992.131221722779, 11993.131221720254, 11994.13122171773, 11995.131221715204, 11996.13122171268, 11997.131221710155, 11998.13122170763, 11999.131221705105, 12000.13122170258, 12001.131221700056, 12002.131221697531, 12003.131221695006, 12004.131221692482, 12005.131221689957, 12006.131221687432, 12007.131221684907, 12008.131221682383, 12009.131221679858, 12010.131221677333, 12011.131221674808, 12012.131221672284, 12013.131221669759, 12014.131221667234, 12015.13122166471, 12016.131221662185, 12017.13122165966, 12018.131221657135, 12019.13122165461, 12020.131221652086, 12021.13122164956, 12022.131221647036, 12023.131221644511, 12024.131221641986, 12025.131221639462, 12026.131221636937, 12027.131221634412, 12028.131221631887, 12029.131221629363, 12030.131221626838, 12031.131221624313, 12032.131221621788, 12033.131221619264, 12034.131221616739, 12035.131221614214, 12036.13122161169, 12037.131221609165, 12038.13122160664, 12039.131221604115, 12040.13122160159, 12041.131221599066, 12042.13122159654, 12043.131221594016, 12044.131221591491, 12045.131221588967, 12046.131221586442, 12047.131221583917, 12048.131221581392, 12049.131221578868, 12050.131221576343, 12051.131221573818, 12052.131221571293, 12053.131221568769, 12054.131221566244, 12055.131221563719, 12056.131221561194, 12057.13122155867, 12058.131221556145, 12059.13122155362, 12060.131221551095, 12061.13122154857, 12062.131221546046, 12063.131221543521, 12064.131221540996, 12065.131221538471, 12066.131221535947, 12067.131221533422, 12068.131221530897, 12069.131221528372, 12070.131221525848, 12071.131221523323, 12072.131221520798, 12073.131221518273, 12074.131221515749, 12075.131221513224, 12076.1312215107, 12077.131221508174, 12078.13122150565, 12079.131221503125, 12080.1312215006, 12081.131221498075, 12082.13122149555, 12083.131221493026, 12084.131221490501, 12085.131221487976, 12086.131221485452, 12087.131221482927, 12088.131221480402, 12089.131221477877, 12090.131221475353, 12091.131221472828, 12092.131221470303, 12093.131221467778, 12094.131221465253, 12095.131221462729, 12096.131221460204], "WE(1).Potential": [0.57415771484375, 1.79931640625, 1.88079833984375, 1.87164306640625, 1.86798095703125, 1.8505859375, 1.8499755859375, 1.85150146484375, 1.8951416015625, 1.93389892578125, 1.922607421875, 1.88262939453125, 1.85546875, 1.87103271484375, 1.8402099609375, 1.903076171875, 1.88323974609375, 1.8719482421875, 1.83868408203125, 1.8426513671875, 1.88446044921875, 1.8829345703125, 1.89422607421875, 1.84967041015625, 1.91986083984375, 1.895751953125, 1.8408203125, 1.8902587890625, 1.83349609375, 1.83502197265625, 1.8524169921875, 1.72119140625, 1.57379150390625, 1.685791015625, 1.6912841796875, 1.86248779296875, 1.90643310546875, 1.90582275390625, 1.86798095703125, 1.9183349609375, 1.932373046875, 1.92840576171875, 1.9134521484375, 1.89208984375, 1.83746337890625, 1.8341064453125, 1.7999267578125, 1.778564453125, 1.7962646484375, 1.81793212890625, 1.81304931640625, 1.80938720703125, 1.7864990234375, 1.7938232421875, 1.7230224609375, 1.76544189453125, 1.69036865234375, 1.6851806640625, 1.7242431640625, 1.722412109375, 1.70135498046875, 1.6326904296875, 1.685791015625, 1.5582275390625, 1.6192626953125, 1.67755126953125, 1.64825439453125, 1.6217041015625, 1.611328125, 1.634521484375, 1.644287109375, 1.627197265625, 1.6162109375, 1.60186767578125, 1.64154052734375, 1.6973876953125, 1.69158935546875, 1.6754150390625, 1.646728515625, 1.61712646484375, 1.61895751953125, 1.64764404296875, 1.6748046875, 1.63238525390625, 1.68975830078125, 1.64093017578125, 1.6607666015625, 1.6845703125, 1.7108154296875, 1.710205078125, 1.71783447265625, 1.6973876953125, 1.62506103515625, 1.708984375, 1.6265869140625, 1.69830322265625, 1.64825439453125, 1.65740966796875, 1.70318603515625, 1.64093017578125, 1.6986083984375, 1.6021728515625, 1.6729736328125, 1.59942626953125, 1.5802001953125, 1.56524658203125, 1.55364990234375, 1.56768798828125, 1.6131591796875, 1.6253662109375, 1.60003662109375, 1.614990234375, 1.5924072265625, 1.59027099609375, 1.59271240234375, 1.6192626953125, 1.58935546875, 1.53839111328125, 1.62872314453125, 1.6082763671875], "Corrected time": [0.0, 0.9999999974752427, 1.9999999949504854, 2.999999992425728, 3.999999989900971, 4.9999999873762135, 5.999999984851456, 6.999999982326699, 7.999999979801942, 8.999999977277184, 9.999999974752427, 10.99999997222767, 11.999999969702912, 12.999999967178155, 13.999999964653398, 14.99999996212864, 15.999999959603883, 16.999999957079126, 17.99999995455437, 18.99999995202961, 19.999999949504854, 20.999999946980097, 21.99999994445534, 22.999999941930582, 23.999999939405825, 24.999999936881068, 25.99999993435631, 26.999999931831553, 27.999999929306796, 28.99999992678204, 29.99999992425728, 30.999999921732524, 31.999999919207767, 32.99999991668301, 33.99999991415825, 34.999999911633495, 35.99999990910874, 36.99999990658398, 37.99999990405922, 38.999999901534466, 39.99999989900971, 40.99999989648495, 41.999999893960194, 42.999999891435436, 43.99999988891068, 44.99999988638592, 45.999999883861165, 46.99999988133641, 47.99999987881165, 48.99999987628689, 49.999999873762135, 50.99999987123738, 51.99999986871262, 52.99999986618786, 53.999999863663106, 54.99999986113835, 55.99999985861359, 56.999999856088834, 57.99999985356408, 58.99999985103932, 59.99999984851456, 60.999999845989805, 61.99999984346505, 62.99999984094029, 63.99999983841553, 64.99999983589078, 65.99999983336602, 66.99999983084126, 67.9999998283165, 68.99999982579175, 69.99999982326699, 70.99999982074223, 71.99999981821747, 72.99999981569272, 73.99999981316796, 74.9999998106432, 75.99999980811845, 76.99999980559369, 77.99999980306893, 78.99999980054417, 79.99999979801942, 80.99999979549466, 81.9999997929699, 82.99999979044514, 83.99999978792039, 84.99999978539563, 85.99999978287087, 86.99999978034612, 87.99999977782136, 88.9999997752966, 89.99999977277184, 90.99999977024709, 91.99999976772233, 92.99999976519757, 93.99999976267281, 94.99999976014806, 95.9999997576233, 96.99999975509854, 97.99999975257379, 98.99999975004903, 99.99999974752427, 100.99999974499951, 101.99999974247476, 102.99999973995, 103.99999973742524, 104.99999973490048, 105.99999973237573, 106.99999972985097, 107.99999972732621, 108.99999972480146, 109.9999997222767, 110.99999971975194, 111.99999971722718, 112.99999971470243, 113.99999971217767, 114.99999970965291, 115.99999970712815, 116.9999997046034, 117.99999970207864, 118.99999969955388], "Index": [1.0, 2.0, 3.0, 4.0, 5.0, 6.0, 7.0, 8.0, 9.0, 10.0, 11.0, 12.0, 13.0, 14.0, 15.0, 16.0, 17.0, 18.0, 19.0, 20.0, 21.0, 22.0, 23.0, 24.0, 25.0, 26.0, 27.0, 28.0, 29.0, 30.0, 31.0, 32.0, 33.0, 34.0, 35.0, 36.0, 37.0, 38.0, 39.0, 40.0, 41.0, 42.0, 43.0, 44.0, 45.0, 46.0, 47.0, 48.0, 49.0, 50.0, 51.0, 52.0, 53.0, 54.0, 55.0, 56.0, 57.0, 58.0, 59.0, 60.0, 61.0, 62.0, 63.0, 64.0, 65.0, 66.0, 67.0, 68.0, 69.0, 70.0, 71.0, 72.0, 73.0, 74.0, 75.0, 76.0, 77.0, 78.0, 79.0, 80.0, 81.0, 82.0, 83.0, 84.0, 85.0, 86.0, 87.0, 88.0, 89.0, 90.0, 91.0, 92.0, 93.0, 94.0, 95.0, 96.0, 97.0, 98.0, 99.0, 100.0, 101.0, 102.0, 103.0, 104.0, 105.0, 106.0, 107.0, 108.0, 109.0, 110.0, 111.0, 112.0, 113.0, 114.0, 115.0, 116.0, 117.0, 118.0, 119.0, 120.0]}}