{"recordsignal": {"Time": [12880.565204479699, 12881.565204477174, 12882.56520447465, 12883.565204472125, 12884.5652044696, 12885.565204467075, 12886.56520446455, 12887.565204462026, 12888.5652044595, 12889.565204456976, 12890.565204454451, 12891.565204451927, 12892.565204449402, 12893.565204446877, 12894.565204444352, 12895.565204441828, 12896.565204439303, 12897.565204436778, 12898.565204434253, 12899.565204431728, 12900.565204429204, 12901.565204426679, 12902.565204424154, 12903.56520442163, 12904.565204419105, 12905.56520441658, 12906.565204414055, 12907.56520441153, 12908.565204409006, 12909.565204406481, 12910.565204403956, 12911.565204401431, 12912.565204398907, 12913.565204396382, 12914.565204393857, 12915.565204391332, 12916.565204388808, 12917.565204386283, 12918.565204383758, 12919.565204381233, 12920.565204378709, 12921.565204376184, 12922.565204373659, 12923.565204371134, 12924.56520436861, 12925.565204366085, 12926.56520436356, 12927.565204361035, 12928.56520435851, 12929.565204355986, 12930.565204353461, 12931.565204350936, 12932.565204348411, 12933.565204345887, 12934.565204343362, 12935.565204340837, 12936.565204338312, 12937.565204335788, 12938.565204333263, 12939.565204330738, 12940.565204328213, 12941.565204325689, 12942.565204323164, 12943.56520432064, 12944.565204318114, 12945.56520431559, 12946.565204313065, 12947.56520431054, 12948.565204308015, 12949.56520430549, 12950.565204302966, 12951.565204300441, 12952.565204297916, 12953.565204295392, 12954.565204292867, 12955.565204290342, 12956.565204287817, 12957.565204285293, 12958.565204282768, 12959.565204280243, 12960.565204277718, 12961.565204275194, 12962.565204272669, 12963.565204270144, 12964.56520426762, 12965.565204265095, 12966.56520426257, 12967.565204260045, 12968.56520425752, 12969.565204254995, 12970.56520425247, 12971.565204249946, 12972.565204247421, 12973.565204244896, 12974.565204242372, 12975.565204239847, 12976.565204237322, 12977.565204234797, 12978.565204232273, 12979.565204229748, 12980.565204227223, 12981.565204224698, 12982.565204222174, 12983.565204219649, 12984.565204217124, 12985.5652042146, 12986.565204212075, 12987.56520420955, 12988.565204207025, 12989.5652042045, 12990.565204201976, 12991.56520419945, 12992.565204196926, 12993.565204194401, 12994.565204191877, 12995.565204189352, 12996.565204186827, 12997.565204184302, 12998.565204181778, 12999.565204179253], "WE(1).Potential": [-0.32061767578125, -0.156402587890625, -0.079010009765625, -0.0635284423828125, -0.001678466796875, 0.0377197265625, 0.08087158203125, 0.21368408203125, 0.211090087890625, 0.223602294921875, 0.27703857421875, 0.30926513671875, 0.314208984375, 0.26654052734375, 0.300506591796875, 0.25433349609375, 0.291534423828125, 0.348968505859375, 0.31732177734375, 0.127349853515625, 0.31573486328125, 0.159393310546875, -1.0516357421875, -2.1673583984375, -2.03033447265625, -1.676025390625, -2.2216796875, 1.19598388671875, 1.2017822265625, 1.18621826171875, 1.19140625, 1.13189697265625, 1.14044189453125, 1.1138916015625, 1.0772705078125, 1.01470947265625, 0.9832763671875, 0.99456787109375, 1.14776611328125, 1.3104248046875, 1.00433349609375, -1.58172607421875, -5.13092041015625, -9.217529296875, -9.26666259765625, -9.52301025390625, -9.33319091796875, -2.99072265625, -7.65777587890625, -9.18670654296875, -9.20013427734375, -9.2041015625, -9.20440673828125, -9.20257568359375, -9.2755126953125, -9.44000244140625, -9.66949462890625, 6.5850830078125, 0.697418212890625, -3.58306884765625, 0.78582763671875, 0.843505859375, 0.7196044921875, 0.8721923828125, 0.625, 0.8636474609375, 0.7196044921875, 0.561798095703125, 0.8037109375, 0.730865478515625, 0.676605224609375, 0.662811279296875, 1.2890625, 0.91217041015625, 1.3055419921875, 0.8880615234375, 1.34979248046875, 1.44378662109375, 1.6455078125, 1.6632080078125, 1.63299560546875, 1.5716552734375, 1.57012939453125, 1.52587890625, 1.50421142578125, 1.56097412109375, 1.4886474609375, 1.48468017578125, 1.52496337890625, 1.55364990234375, 1.49261474609375, 1.5008544921875, 1.51702880859375, 1.517333984375, 1.597900390625, 1.6326904296875, 1.63299560546875, 1.6119384765625, 1.5887451171875, 1.5570068359375, 1.54052734375, 1.57012939453125, 1.57135009765625, 1.4971923828125, 1.4385986328125, 1.46514892578125, 1.463623046875, 1.37451171875, 1.33697509765625, 1.40411376953125, 1.31805419921875, 1.3079833984375, 1.318359375, 1.2579345703125, 1.3250732421875, 1.32843017578125, 1.275634765625, 1.2603759765625, 1.2799072265625, 1.33056640625], "Corrected time": [0.0, 0.9999999974752427, 1.9999999949504854, 2.999999992425728, 3.999999989900971, 4.9999999873762135, 5.999999984851456, 6.999999982326699, 7.999999979801942, 8.999999977277184, 9.999999974752427, 10.99999997222767, 11.999999969702912, 12.999999967178155, 13.999999964653398, 14.99999996212864, 15.999999959603883, 16.999999957079126, 17.99999995455437, 18.99999995202961, 19.999999949504854, 20.999999946980097, 21.99999994445534, 22.999999941930582, 23.999999939405825, 24.999999936881068, 25.99999993435631, 26.999999931831553, 27.999999929306796, 28.99999992678204, 29.99999992425728, 30.999999921732524, 31.999999919207767, 32.99999991668301, 33.99999991415825, 34.999999911633495, 35.99999990910874, 36.99999990658398, 37.99999990405922, 38.999999901534466, 39.99999989900971, 40.99999989648495, 41.999999893960194, 42.999999891435436, 43.99999988891068, 44.99999988638592, 45.999999883861165, 46.99999988133641, 47.99999987881165, 48.99999987628689, 49.999999873762135, 50.99999987123738, 51.99999986871262, 52.99999986618786, 53.999999863663106, 54.99999986113835, 55.99999985861359, 56.999999856088834, 57.99999985356408, 58.99999985103932, 59.99999984851456, 60.999999845989805, 61.99999984346505, 62.99999984094029, 63.99999983841553, 64.99999983589078, 65.99999983336602, 66.99999983084126, 67.9999998283165, 68.99999982579175, 69.99999982326699, 70.99999982074223, 71.99999981821747, 72.99999981569272, 73.99999981316796, 74.9999998106432, 75.99999980811845, 76.99999980559369, 77.99999980306893, 78.99999980054417, 79.99999979801942, 80.99999979549466, 81.9999997929699, 82.99999979044514, 83.99999978792039, 84.99999978539563, 85.99999978287087, 86.99999978034612, 87.99999977782136, 88.9999997752966, 89.99999977277184, 90.99999977024709, 91.99999976772233, 92.99999976519757, 93.99999976267281, 94.99999976014806, 95.9999997576233, 96.99999975509854, 97.99999975257379, 98.99999975004903, 99.99999974752427, 100.99999974499951, 101.99999974247476, 102.99999973995, 103.99999973742524, 104.99999973490048, 105.99999973237573, 106.99999972985097, 107.99999972732621, 108.99999972480146, 109.9999997222767, 110.99999971975194, 111.99999971722718, 112.99999971470243, 113.99999971217767, 114.99999970965291, 115.99999970712815, 116.9999997046034, 117.99999970207864, 118.99999969955388], "Index": [1.0, 2.0, 3.0, 4.0, 5.0, 6.0, 7.0, 8.0, 9.0, 10.0, 11.0, 12.0, 13.0, 14.0, 15.0, 16.0, 17.0, 18.0, 19.0, 20.0, 21.0, 22.0, 23.0, 24.0, 25.0, 26.0, 27.0, 28.0, 29.0, 30.0, 31.0, 32.0, 33.0, 34.0, 35.0, 36.0, 37.0, 38.0, 39.0, 40.0, 41.0, 42.0, 43.0, 44.0, 45.0, 46.0, 47.0, 48.0, 49.0, 50.0, 51.0, 52.0, 53.0, 54.0, 55.0, 56.0, 57.0, 58.0, 59.0, 60.0, 61.0, 62.0, 63.0, 64.0, 65.0, 66.0, 67.0, 68.0, 69.0, 70.0, 71.0, 72.0, 73.0, 74.0, 75.0, 76.0, 77.0, 78.0, 79.0, 80.0, 81.0, 82.0, 83.0, 84.0, 85.0, 86.0, 87.0, 88.0, 89.0, 90.0, 91.0, 92.0, 93.0, 94.0, 95.0, 96.0, 97.0, 98.0, 99.0, 100.0, 101.0, 102.0, 103.0, 104.0, 105.0, 106.0, 107.0, 108.0, 109.0, 110.0, 111.0, 112.0, 113.0, 114.0, 115.0, 116.0, 117.0, 118.0, 119.0, 120.0]}}