{"recordsignal": {"Time": [12656.591241045178, 12657.591241042654, 12658.591241040129, 12659.591241037604, 12660.59124103508, 12661.591241032555, 12662.59124103003, 12663.591241027505, 12664.59124102498, 12665.591241022456, 12666.59124101993, 12667.591241017406, 12668.591241014881, 12669.591241012356, 12670.591241009832, 12671.591241007307, 12672.591241004782, 12673.591241002257, 12674.591240999733, 12675.591240997208, 12676.591240994683, 12677.591240992158, 12678.591240989634, 12679.591240987109, 12680.591240984584, 12681.59124098206, 12682.591240979535, 12683.59124097701, 12684.591240974485, 12685.59124097196, 12686.591240969436, 12687.59124096691, 12688.591240964386, 12689.591240961861, 12690.591240959337, 12691.591240956812, 12692.591240954287, 12693.591240951762, 12694.591240949238, 12695.591240946713, 12696.591240944188, 12697.591240941663, 12698.591240939139, 12699.591240936614, 12700.591240934089, 12701.591240931564, 12702.59124092904, 12703.591240926515, 12704.59124092399, 12705.591240921465, 12706.59124091894, 12707.591240916416, 12708.591240913891, 12709.591240911366, 12710.591240908841, 12711.591240906317, 12712.591240903792, 12713.591240901267, 12714.591240898742, 12715.591240896218, 12716.591240893693, 12717.591240891168, 12718.591240888643, 12719.591240886119, 12720.591240883594, 12721.59124088107, 12722.591240878544, 12723.59124087602, 12724.591240873495, 12725.59124087097, 12726.591240868445, 12727.59124086592, 12728.591240863396, 12729.591240860871, 12730.591240858346, 12731.591240855822, 12732.591240853297, 12733.591240850772, 12734.591240848247, 12735.591240845722, 12736.591240843198, 12737.591240840673, 12738.591240838148, 12739.591240835623, 12740.591240833099, 12741.591240830574, 12742.59124082805, 12743.591240825524, 12744.591240823, 12745.591240820475, 12746.59124081795, 12747.591240815425, 12748.5912408129, 12749.591240810376, 12750.591240807851, 12751.591240805326, 12752.591240802802, 12753.591240800277, 12754.591240797752, 12755.591240795227, 12756.591240792703, 12757.591240790178, 12758.591240787653, 12759.591240785128, 12760.591240782604, 12761.591240780079, 12762.591240777554, 12763.59124077503, 12764.591240772505, 12765.59124076998, 12766.591240767455, 12767.59124076493, 12768.591240762406, 12769.59124075988, 12770.591240757356, 12771.591240754831, 12772.591240752306, 12773.591240749782, 12774.591240747257, 12775.591240744732], "WE(1).Potential": [0.98236083984375, 1.151123046875, 1.18011474609375, 1.21307373046875, 1.187744140625, 1.13616943359375, 1.14593505859375, 1.204833984375, 1.20452880859375, 1.14288330078125, 1.11846923828125, 1.13433837890625, 1.17950439453125, 1.1663818359375, 1.20849609375, 1.220703125, 1.18927001953125, 1.1572265625, 1.1376953125, 1.15966796875, 1.226806640625, 1.2054443359375, 1.1993408203125, 1.1932373046875, 1.1590576171875, 1.23046875, 1.21368408203125, 1.143798828125, 1.16180419921875, 1.1456298828125, 1.21246337890625, 1.15020751953125, 1.23291015625, 1.19354248046875, 1.2078857421875, 1.1651611328125, 1.21002197265625, 1.24847412109375, 1.217041015625, 1.28021240234375, 1.2652587890625, 1.34979248046875, 1.3751220703125, 1.37237548828125, 1.3775634765625, 1.36749267578125, 1.41021728515625, 1.488037109375, 1.48590087890625, 1.48590087890625, 1.4752197265625, 1.4691162109375, 1.4337158203125, 1.40960693359375, 1.341552734375, 1.273193359375, 1.243896484375, 1.22406005859375, 1.32659912109375, 1.25701904296875, 1.385498046875, 1.3763427734375, 1.41387939453125, 1.49749755859375, 1.52801513671875, 1.49078369140625, 1.43096923828125, 1.492919921875, 1.36077880859375, 1.40228271484375, 1.34979248046875, 1.32171630859375, 1.2628173828125, 1.27777099609375, 1.31988525390625, 1.380615234375, 1.4453125, 1.5234375, 1.5631103515625, 1.56768798828125, 1.56341552734375, 1.5374755859375, 1.458740234375, 1.39862060546875, 1.392822265625, 1.38092041015625, 1.3189697265625, 1.314697265625, 1.368408203125, 1.39892578125, 1.455078125, 1.41815185546875, 1.45416259765625, 1.5399169921875, 1.5826416015625, 1.58233642578125, 1.5325927734375, 1.5728759765625, 1.54754638671875, 1.48529052734375, 1.49322509765625, 1.519775390625, 1.4617919921875, 1.4013671875, 1.35284423828125, 1.33453369140625, 1.33270263671875, 1.36016845703125, 1.40625, 1.44287109375, 1.45843505859375, 1.4923095703125, 1.55548095703125, 1.61346435546875, 1.5936279296875, 1.55853271484375, 1.552734375, 1.5478515625, 1.55181884765625, 1.56158447265625], "Corrected time": [0.0, 0.9999999974752427, 1.9999999949504854, 2.999999992425728, 3.999999989900971, 4.9999999873762135, 5.999999984851456, 6.999999982326699, 7.999999979801942, 8.999999977277184, 9.999999974752427, 10.99999997222767, 11.999999969702912, 12.999999967178155, 13.999999964653398, 14.99999996212864, 15.999999959603883, 16.999999957079126, 17.99999995455437, 18.99999995202961, 19.999999949504854, 20.999999946980097, 21.99999994445534, 22.999999941930582, 23.999999939405825, 24.999999936881068, 25.99999993435631, 26.999999931831553, 27.999999929306796, 28.99999992678204, 29.99999992425728, 30.999999921732524, 31.999999919207767, 32.99999991668301, 33.99999991415825, 34.999999911633495, 35.99999990910874, 36.99999990658398, 37.99999990405922, 38.999999901534466, 39.99999989900971, 40.99999989648495, 41.999999893960194, 42.999999891435436, 43.99999988891068, 44.99999988638592, 45.999999883861165, 46.99999988133641, 47.99999987881165, 48.99999987628689, 49.999999873762135, 50.99999987123738, 51.99999986871262, 52.99999986618786, 53.999999863663106, 54.99999986113835, 55.99999985861359, 56.999999856088834, 57.99999985356408, 58.99999985103932, 59.99999984851456, 60.999999845989805, 61.99999984346505, 62.99999984094029, 63.99999983841553, 64.99999983589078, 65.99999983336602, 66.99999983084126, 67.9999998283165, 68.99999982579175, 69.99999982326699, 70.99999982074223, 71.99999981821747, 72.99999981569272, 73.99999981316796, 74.9999998106432, 75.99999980811845, 76.99999980559369, 77.99999980306893, 78.99999980054417, 79.99999979801942, 80.99999979549466, 81.9999997929699, 82.99999979044514, 83.99999978792039, 84.99999978539563, 85.99999978287087, 86.99999978034612, 87.99999977782136, 88.9999997752966, 89.99999977277184, 90.99999977024709, 91.99999976772233, 92.99999976519757, 93.99999976267281, 94.99999976014806, 95.9999997576233, 96.99999975509854, 97.99999975257379, 98.99999975004903, 99.99999974752427, 100.99999974499951, 101.99999974247476, 102.99999973995, 103.99999973742524, 104.99999973490048, 105.99999973237573, 106.99999972985097, 107.99999972732621, 108.99999972480146, 109.9999997222767, 110.99999971975194, 111.99999971722718, 112.99999971470243, 113.99999971217767, 114.99999970965291, 115.99999970712815, 116.9999997046034, 117.99999970207864, 118.99999969955388], "Index": [1.0, 2.0, 3.0, 4.0, 5.0, 6.0, 7.0, 8.0, 9.0, 10.0, 11.0, 12.0, 13.0, 14.0, 15.0, 16.0, 17.0, 18.0, 19.0, 20.0, 21.0, 22.0, 23.0, 24.0, 25.0, 26.0, 27.0, 28.0, 29.0, 30.0, 31.0, 32.0, 33.0, 34.0, 35.0, 36.0, 37.0, 38.0, 39.0, 40.0, 41.0, 42.0, 43.0, 44.0, 45.0, 46.0, 47.0, 48.0, 49.0, 50.0, 51.0, 52.0, 53.0, 54.0, 55.0, 56.0, 57.0, 58.0, 59.0, 60.0, 61.0, 62.0, 63.0, 64.0, 65.0, 66.0, 67.0, 68.0, 69.0, 70.0, 71.0, 72.0, 73.0, 74.0, 75.0, 76.0, 77.0, 78.0, 79.0, 80.0, 81.0, 82.0, 83.0, 84.0, 85.0, 86.0, 87.0, 88.0, 89.0, 90.0, 91.0, 92.0, 93.0, 94.0, 95.0, 96.0, 97.0, 98.0, 99.0, 100.0, 101.0, 102.0, 103.0, 104.0, 105.0, 106.0, 107.0, 108.0, 109.0, 110.0, 111.0, 112.0, 113.0, 114.0, 115.0, 116.0, 117.0, 118.0, 119.0, 120.0]}}