{"recordsignal": {"Time": [13104.359157914674, 13105.35915791215, 13106.359157909625, 13107.3591579071, 13108.359157904575, 13109.35915790205, 13110.359157899526, 13111.359157897, 13112.359157894476, 13113.359157891951, 13114.359157889427, 13115.359157886902, 13116.359157884377, 13117.359157881852, 13118.359157879328, 13119.359157876803, 13120.359157874278, 13121.359157871753, 13122.359157869229, 13123.359157866704, 13124.359157864179, 13125.359157861654, 13126.35915785913, 13127.359157856605, 13128.35915785408, 13129.359157851555, 13130.35915784903, 13131.359157846506, 13132.359157843981, 13133.359157841456, 13134.359157838931, 13135.359157836407, 13136.359157833882, 13137.359157831357, 13138.359157828832, 13139.359157826308, 13140.359157823783, 13141.359157821258, 13142.359157818733, 13143.359157816209, 13144.359157813684, 13145.35915781116, 13146.359157808634, 13147.35915780611, 13148.359157803585, 13149.35915780106, 13150.359157798535, 13151.35915779601, 13152.359157793486, 13153.359157790961, 13154.359157788436, 13155.359157785912, 13156.359157783387, 13157.359157780862, 13158.359157778337, 13159.359157775812, 13160.359157773288, 13161.359157770763, 13162.359157768238, 13163.359157765713, 13164.359157763189, 13165.359157760664, 13166.35915775814, 13167.359157755614, 13168.35915775309, 13169.359157750565, 13170.35915774804, 13171.359157745515, 13172.35915774299, 13173.359157740466, 13174.359157737941, 13175.359157735416, 13176.359157732892, 13177.359157730367, 13178.359157727842, 13179.359157725317, 13180.359157722793, 13181.359157720268, 13182.359157717743, 13183.359157715218, 13184.359157712694, 13185.359157710169, 13186.359157707644, 13187.35915770512, 13188.359157702595, 13189.35915770007, 13190.359157697545, 13191.35915769502, 13192.359157692496, 13193.35915768997, 13194.359157687446, 13195.359157684921, 13196.359157682396, 13197.359157679872, 13198.359157677347, 13199.359157674822, 13200.359157672297, 13201.359157669773, 13202.359157667248, 13203.359157664723, 13204.359157662198, 13205.359157659674, 13206.359157657149, 13207.359157654624, 13208.3591576521, 13209.359157649575, 13210.35915764705, 13211.359157644525, 13212.359157642, 13213.359157639476, 13214.35915763695, 13215.359157634426, 13216.359157631901, 13217.359157629377, 13218.359157626852, 13219.359157624327, 13220.359157621802, 13221.359157619278, 13222.359157616753, 13223.359157614228], "WE(1).Potential": [0.69183349609375, 0.465057373046875, 0.823974609375, 1.17645263671875, 1.1419677734375, 1.075439453125, 1.0650634765625, 1.08154296875, 1.10870361328125, 1.065673828125, 1.15447998046875, 1.1163330078125, 1.11358642578125, 1.14898681640625, 1.087646484375, 1.11328125, 1.173095703125, 1.09161376953125, 1.1065673828125, 1.0809326171875, 0.58740234375, -0.622100830078125, 0.40960693359375, 0.477081298828125, 0.72979736328125, 0.73577880859375, 0.78643798828125, 0.85296630859375, 0.810546875, 0.8258056640625, 0.72113037109375, 0.955810546875, 1.00830078125, 1.13983154296875, 1.0601806640625, 1.08978271484375, 1.131591796875, 1.08062744140625, 1.0919189453125, 1.12274169921875, 1.055908203125, 1.05133056640625, 1.05377197265625, 1.07025146484375, 1.044921875, 1.13006591796875, 1.04278564453125, 1.10076904296875, 1.1285400390625, 1.03851318359375, 1.0546875, 1.1895751953125, 1.337890625, 1.32232666015625, 1.2908935546875, 1.282958984375, 1.34063720703125, 1.361083984375, 1.30859375, 1.29302978515625, 1.3134765625, 1.31500244140625, 1.3134765625, 1.29913330078125, 1.29974365234375, 1.3446044921875, 1.331787109375, 1.280517578125, 1.3592529296875, 1.28662109375, 1.36383056640625, 1.32232666015625, 1.37786865234375, 1.30462646484375, 1.3250732421875, 1.20452880859375, -0.333984375, 0.8624267578125, 1.41998291015625, 1.531982421875, 1.42333984375, 1.4874267578125, 1.48773193359375, 1.4471435546875, 1.4080810546875, 1.48162841796875, 1.46270751953125, 1.43707275390625, 1.500244140625, 1.41876220703125, 1.44134521484375, 1.46514892578125, 1.46697998046875, 1.43768310546875, 1.4654541015625, 1.40228271484375, 1.43890380859375, 1.41845703125, 1.39678955078125, 1.40106201171875, 1.40045166015625, 1.4288330078125, 1.47552490234375, 1.49169921875, 1.43798828125, 1.435546875, 1.4422607421875, 1.41754150390625, 1.4453125, 1.47613525390625, 1.4813232421875, 1.48956298828125, 1.47125244140625, 1.43096923828125, 1.41082763671875, 1.400146484375, 1.396484375, 1.405029296875, 1.39373779296875, 1.47796630859375], "Corrected time": [0.0, 0.9999999974752427, 1.9999999949504854, 2.999999992425728, 3.999999989900971, 4.9999999873762135, 5.999999984851456, 6.999999982326699, 7.999999979801942, 8.999999977277184, 9.999999974752427, 10.99999997222767, 11.999999969702912, 12.999999967178155, 13.999999964653398, 14.99999996212864, 15.999999959603883, 16.999999957079126, 17.99999995455437, 18.99999995202961, 19.999999949504854, 20.999999946980097, 21.99999994445534, 22.999999941930582, 23.999999939405825, 24.999999936881068, 25.99999993435631, 26.999999931831553, 27.999999929306796, 28.99999992678204, 29.99999992425728, 30.999999921732524, 31.999999919207767, 32.99999991668301, 33.99999991415825, 34.999999911633495, 35.99999990910874, 36.99999990658398, 37.99999990405922, 38.999999901534466, 39.99999989900971, 40.99999989648495, 41.999999893960194, 42.999999891435436, 43.99999988891068, 44.99999988638592, 45.999999883861165, 46.99999988133641, 47.99999987881165, 48.99999987628689, 49.999999873762135, 50.99999987123738, 51.99999986871262, 52.99999986618786, 53.999999863663106, 54.99999986113835, 55.99999985861359, 56.999999856088834, 57.99999985356408, 58.99999985103932, 59.99999984851456, 60.999999845989805, 61.99999984346505, 62.99999984094029, 63.99999983841553, 64.99999983589078, 65.99999983336602, 66.99999983084126, 67.9999998283165, 68.99999982579175, 69.99999982326699, 70.99999982074223, 71.99999981821747, 72.99999981569272, 73.99999981316796, 74.9999998106432, 75.99999980811845, 76.99999980559369, 77.99999980306893, 78.99999980054417, 79.99999979801942, 80.99999979549466, 81.9999997929699, 82.99999979044514, 83.99999978792039, 84.99999978539563, 85.99999978287087, 86.99999978034612, 87.99999977782136, 88.9999997752966, 89.99999977277184, 90.99999977024709, 91.99999976772233, 92.99999976519757, 93.99999976267281, 94.99999976014806, 95.9999997576233, 96.99999975509854, 97.99999975257379, 98.99999975004903, 99.99999974752427, 100.99999974499951, 101.99999974247476, 102.99999973995, 103.99999973742524, 104.99999973490048, 105.99999973237573, 106.99999972985097, 107.99999972732621, 108.99999972480146, 109.9999997222767, 110.99999971975194, 111.99999971722718, 112.99999971470243, 113.99999971217767, 114.99999970965291, 115.99999970712815, 116.9999997046034, 117.99999970207864, 118.99999969955388], "Index": [1.0, 2.0, 3.0, 4.0, 5.0, 6.0, 7.0, 8.0, 9.0, 10.0, 11.0, 12.0, 13.0, 14.0, 15.0, 16.0, 17.0, 18.0, 19.0, 20.0, 21.0, 22.0, 23.0, 24.0, 25.0, 26.0, 27.0, 28.0, 29.0, 30.0, 31.0, 32.0, 33.0, 34.0, 35.0, 36.0, 37.0, 38.0, 39.0, 40.0, 41.0, 42.0, 43.0, 44.0, 45.0, 46.0, 47.0, 48.0, 49.0, 50.0, 51.0, 52.0, 53.0, 54.0, 55.0, 56.0, 57.0, 58.0, 59.0, 60.0, 61.0, 62.0, 63.0, 64.0, 65.0, 66.0, 67.0, 68.0, 69.0, 70.0, 71.0, 72.0, 73.0, 74.0, 75.0, 76.0, 77.0, 78.0, 79.0, 80.0, 81.0, 82.0, 83.0, 84.0, 85.0, 86.0, 87.0, 88.0, 89.0, 90.0, 91.0, 92.0, 93.0, 94.0, 95.0, 96.0, 97.0, 98.0, 99.0, 100.0, 101.0, 102.0, 103.0, 104.0, 105.0, 106.0, 107.0, 108.0, 109.0, 110.0, 111.0, 112.0, 113.0, 114.0, 115.0, 116.0, 117.0, 118.0, 119.0, 120.0]}}