{"recordsignal": {"Time": [13553.825103779882, 13554.825103777357, 13555.825103774832, 13556.825103772308, 13557.825103769783, 13558.825103767258, 13559.825103764733, 13560.825103762209, 13561.825103759684, 13562.825103757159, 13563.825103754634, 13564.82510375211, 13565.825103749585, 13566.82510374706, 13567.825103744535, 13568.82510374201, 13569.825103739486, 13570.825103736961, 13571.825103734436, 13572.825103731911, 13573.825103729387, 13574.825103726862, 13575.825103724337, 13576.825103721812, 13577.825103719288, 13578.825103716763, 13579.825103714238, 13580.825103711713, 13581.825103709189, 13582.825103706664, 13583.82510370414, 13584.825103701614, 13585.82510369909, 13586.825103696565, 13587.82510369404, 13588.825103691515, 13589.82510368899, 13590.825103686466, 13591.825103683941, 13592.825103681416, 13593.825103678892, 13594.825103676367, 13595.825103673842, 13596.825103671317, 13597.825103668793, 13598.825103666268, 13599.825103663743, 13600.825103661218, 13601.825103658693, 13602.825103656169, 13603.825103653644, 13604.82510365112, 13605.825103648594, 13606.82510364607, 13607.825103643545, 13608.82510364102, 13609.825103638495, 13610.82510363597, 13611.825103633446, 13612.825103630921, 13613.825103628396, 13614.825103625872, 13615.825103623347, 13616.825103620822, 13617.825103618297, 13618.825103615773, 13619.825103613248, 13620.825103610723, 13621.825103608198, 13622.825103605674, 13623.825103603149, 13624.825103600624, 13625.8251035981, 13626.825103595575, 13627.82510359305, 13628.825103590525, 13629.825103588, 13630.825103585476, 13631.82510358295, 13632.825103580426, 13633.825103577901, 13634.825103575376, 13635.825103572852, 13636.825103570327, 13637.825103567802, 13638.825103565277, 13639.825103562753, 13640.825103560228, 13641.825103557703, 13642.825103555178, 13643.825103552654, 13644.825103550129, 13645.825103547604, 13646.82510354508, 13647.825103542555, 13648.82510354003, 13649.825103537505, 13650.82510353498, 13651.825103532456, 13652.82510352993, 13653.825103527406, 13654.825103524881, 13655.825103522357, 13656.825103519832, 13657.825103517307, 13658.825103514782, 13659.825103512258, 13660.825103509733, 13661.825103507208, 13662.825103504683, 13663.825103502159, 13664.825103499634, 13665.825103497109, 13666.825103494584, 13667.82510349206, 13668.825103489535, 13669.82510348701, 13670.825103484485, 13671.82510348196, 13672.825103479436], "WE(1).Potential": [1.6790771484375, 1.6412353515625, 1.607666015625, 1.5887451171875, 1.640625, 1.6253662109375, 1.5936279296875, 1.59393310546875, 1.600341796875, 1.617431640625, 1.66259765625, 1.66534423828125, 1.6131591796875, 1.61224365234375, 1.62994384765625, 1.65771484375, 1.7059326171875, 1.6778564453125, 1.67144775390625, 1.7144775390625, 1.6815185546875, 1.64276123046875, 1.712646484375, 1.6571044921875, 1.7156982421875, 1.6510009765625, 1.68792724609375, 1.6656494140625, 1.7193603515625, 1.66046142578125, 1.67572021484375, 1.67724609375, 1.7144775390625, 1.69647216796875, 1.63238525390625, 1.7041015625, 1.65191650390625, 1.64642333984375, 1.72271728515625, 1.64031982421875, 1.69219970703125, 1.72088623046875, 1.712646484375, 1.68365478515625, 1.67999267578125, 1.7169189453125, 1.66351318359375, 1.73553466796875, 1.65313720703125, 1.690673828125, 1.727294921875, 1.7132568359375, 1.6680908203125, 1.6778564453125, 1.74896240234375, 1.6705322265625, 1.70318603515625, 1.72271728515625, 1.739501953125, 1.7401123046875, 1.7352294921875, 1.71722412109375, 1.71783447265625, 1.7431640625, 1.73431396484375, 1.7822265625, 1.79534912109375, 1.7333984375, 1.72088623046875, 1.72576904296875, 1.75079345703125, 1.79901123046875, 1.8048095703125, 1.80023193359375, 1.75689697265625, 1.7547607421875, 1.71966552734375, 1.7193603515625, 1.7291259765625, 1.7291259765625, 1.72943115234375, 1.77581787109375, 1.8255615234375, 1.77459716796875, 1.74407958984375, 1.82281494140625, 1.79779052734375, 1.77581787109375, 1.74713134765625, 1.8121337890625, 1.7645263671875, 1.80511474609375, 1.837158203125, 1.7803955078125, 1.7730712890625, 1.80023193359375, 1.834716796875, 1.8316650390625, 1.81854248046875, 1.75201416015625, 1.75537109375, 1.79779052734375, 1.80389404296875, 1.7901611328125, 1.754150390625, 1.71905517578125, 1.69342041015625, 1.7083740234375, 1.6845703125, 1.67999267578125, 1.66015625, 1.646728515625, 1.6546630859375, 1.62994384765625, 1.629638671875, 1.62628173828125, 1.65191650390625, 1.6595458984375, 1.65313720703125, 1.6558837890625], "Corrected time": [0.0, 0.9999999974752427, 1.9999999949504854, 2.999999992425728, 3.999999989900971, 4.9999999873762135, 5.999999984851456, 6.999999982326699, 7.999999979801942, 8.999999977277184, 9.999999974752427, 10.99999997222767, 11.999999969702912, 12.999999967178155, 13.999999964653398, 14.99999996212864, 15.999999959603883, 16.999999957079126, 17.99999995455437, 18.99999995202961, 19.999999949504854, 20.999999946980097, 21.99999994445534, 22.999999941930582, 23.999999939405825, 24.999999936881068, 25.99999993435631, 26.999999931831553, 27.999999929306796, 28.99999992678204, 29.99999992425728, 30.999999921732524, 31.999999919207767, 32.99999991668301, 33.99999991415825, 34.999999911633495, 35.99999990910874, 36.99999990658398, 37.99999990405922, 38.999999901534466, 39.99999989900971, 40.99999989648495, 41.999999893960194, 42.999999891435436, 43.99999988891068, 44.99999988638592, 45.999999883861165, 46.99999988133641, 47.99999987881165, 48.99999987628689, 49.999999873762135, 50.99999987123738, 51.99999986871262, 52.99999986618786, 53.999999863663106, 54.99999986113835, 55.99999985861359, 56.999999856088834, 57.99999985356408, 58.99999985103932, 59.99999984851456, 60.999999845989805, 61.99999984346505, 62.99999984094029, 63.99999983841553, 64.99999983589078, 65.99999983336602, 66.99999983084126, 67.9999998283165, 68.99999982579175, 69.99999982326699, 70.99999982074223, 71.99999981821747, 72.99999981569272, 73.99999981316796, 74.9999998106432, 75.99999980811845, 76.99999980559369, 77.99999980306893, 78.99999980054417, 79.99999979801942, 80.99999979549466, 81.9999997929699, 82.99999979044514, 83.99999978792039, 84.99999978539563, 85.99999978287087, 86.99999978034612, 87.99999977782136, 88.9999997752966, 89.99999977277184, 90.99999977024709, 91.99999976772233, 92.99999976519757, 93.99999976267281, 94.99999976014806, 95.9999997576233, 96.99999975509854, 97.99999975257379, 98.99999975004903, 99.99999974752427, 100.99999974499951, 101.99999974247476, 102.99999973995, 103.99999973742524, 104.99999973490048, 105.99999973237573, 106.99999972985097, 107.99999972732621, 108.99999972480146, 109.9999997222767, 110.99999971975194, 111.99999971722718, 112.99999971470243, 113.99999971217767, 114.99999970965291, 115.99999970712815, 116.9999997046034, 117.99999970207864, 118.99999969955388], "Index": [1.0, 2.0, 3.0, 4.0, 5.0, 6.0, 7.0, 8.0, 9.0, 10.0, 11.0, 12.0, 13.0, 14.0, 15.0, 16.0, 17.0, 18.0, 19.0, 20.0, 21.0, 22.0, 23.0, 24.0, 25.0, 26.0, 27.0, 28.0, 29.0, 30.0, 31.0, 32.0, 33.0, 34.0, 35.0, 36.0, 37.0, 38.0, 39.0, 40.0, 41.0, 42.0, 43.0, 44.0, 45.0, 46.0, 47.0, 48.0, 49.0, 50.0, 51.0, 52.0, 53.0, 54.0, 55.0, 56.0, 57.0, 58.0, 59.0, 60.0, 61.0, 62.0, 63.0, 64.0, 65.0, 66.0, 67.0, 68.0, 69.0, 70.0, 71.0, 72.0, 73.0, 74.0, 75.0, 76.0, 77.0, 78.0, 79.0, 80.0, 81.0, 82.0, 83.0, 84.0, 85.0, 86.0, 87.0, 88.0, 89.0, 90.0, 91.0, 92.0, 93.0, 94.0, 95.0, 96.0, 97.0, 98.0, 99.0, 100.0, 101.0, 102.0, 103.0, 104.0, 105.0, 106.0, 107.0, 108.0, 109.0, 110.0, 111.0, 112.0, 113.0, 114.0, 115.0, 116.0, 117.0, 118.0, 119.0, 120.0]}}