{"recordsignal": {"Time": [12432.440278611106, 12433.440278608581, 12434.440278606056, 12435.440278603532, 12436.440278601007, 12437.440278598482, 12438.440278595957, 12439.440278593433, 12440.440278590908, 12441.440278588383, 12442.440278585858, 12443.440278583334, 12444.440278580809, 12445.440278578284, 12446.44027857576, 12447.440278573235, 12448.44027857071, 12449.440278568185, 12450.44027856566, 12451.440278563136, 12452.44027856061, 12453.440278558086, 12454.440278555561, 12455.440278553036, 12456.440278550512, 12457.440278547987, 12458.440278545462, 12459.440278542937, 12460.440278540413, 12461.440278537888, 12462.440278535363, 12463.440278532838, 12464.440278530314, 12465.440278527789, 12466.440278525264, 12467.44027852274, 12468.440278520215, 12469.44027851769, 12470.440278515165, 12471.44027851264, 12472.440278510116, 12473.44027850759, 12474.440278505066, 12475.440278502541, 12476.440278500017, 12477.440278497492, 12478.440278494967, 12479.440278492442, 12480.440278489918, 12481.440278487393, 12482.440278484868, 12483.440278482343, 12484.440278479819, 12485.440278477294, 12486.440278474769, 12487.440278472244, 12488.44027846972, 12489.440278467195, 12490.44027846467, 12491.440278462145, 12492.44027845962, 12493.440278457096, 12494.440278454571, 12495.440278452046, 12496.440278449521, 12497.440278446997, 12498.440278444472, 12499.440278441947, 12500.440278439422, 12501.440278436898, 12502.440278434373, 12503.440278431848, 12504.440278429323, 12505.440278426799, 12506.440278424274, 12507.44027842175, 12508.440278419224, 12509.4402784167, 12510.440278414175, 12511.44027841165, 12512.440278409125, 12513.4402784066, 12514.440278404076, 12515.440278401551, 12516.440278399026, 12517.440278396502, 12518.440278393977, 12519.440278391452, 12520.440278388927, 12521.440278386402, 12522.440278383878, 12523.440278381353, 12524.440278378828, 12525.440278376303, 12526.440278373779, 12527.440278371254, 12528.44027836873, 12529.440278366204, 12530.44027836368, 12531.440278361155, 12532.44027835863, 12533.440278356105, 12534.44027835358, 12535.440278351056, 12536.440278348531, 12537.440278346006, 12538.440278343482, 12539.440278340957, 12540.440278338432, 12541.440278335907, 12542.440278333383, 12543.440278330858, 12544.440278328333, 12545.440278325808, 12546.440278323284, 12547.440278320759, 12548.440278318234, 12549.44027831571, 12550.440278313185, 12551.44027831066], "WE(1).Potential": [1.06964111328125, 1.103515625, 1.18011474609375, 1.1065673828125, 1.12060546875, 1.13067626953125, 1.1572265625, 1.21490478515625, 1.15386962890625, 1.2481689453125, 1.197509765625, 1.220703125, 1.21673583984375, 1.28570556640625, 1.2884521484375, 1.263427734375, 1.2139892578125, 1.2799072265625, 1.30157470703125, 1.2384033203125, 1.32598876953125, 1.23565673828125, 1.33575439453125, 1.26434326171875, 1.31683349609375, 1.2725830078125, 1.3519287109375, 1.26068115234375, 1.3311767578125, 1.268310546875, 1.36505126953125, 1.30767822265625, 1.2969970703125, 1.35711669921875, 1.346435546875, 1.27685546875, 1.3677978515625, 1.28173828125, 1.36199951171875, 1.30218505859375, 1.275634765625, 1.29425048828125, 1.3616943359375, 1.370849609375, 1.3421630859375, 1.307373046875, 1.322021484375, 1.34796142578125, 1.33148193359375, 1.34246826171875, 1.2908935546875, 1.3330078125, 1.3922119140625, 1.31805419921875, 1.336669921875, 1.3970947265625, 1.3787841796875, 1.3311767578125, 1.39312744140625, 1.38671875, 1.33758544921875, 1.3739013671875, 1.40533447265625, 1.42425537109375, 1.35711669921875, 1.41204833984375, 1.35223388671875, 1.34765625, 1.3616943359375, 1.36383056640625, 1.42791748046875, 1.4154052734375, 1.3580322265625, 1.44744873046875, 1.3836669921875, 1.43951416015625, 1.4019775390625, 1.37786865234375, 1.44744873046875, 1.36260986328125, 1.37908935546875, 1.43798828125, 1.44683837890625, 1.39678955078125, 1.3641357421875, 1.37359619140625, 1.39801025390625, 1.41998291015625, 1.441650390625, 1.3507080078125, 1.416015625, 1.4422607421875, 1.431884765625, 1.42791748046875, 1.42974853515625, 1.38336181640625, 1.34857177734375, 1.34735107421875, 1.34613037109375, 1.356201171875, 1.3525390625, 1.3836669921875, 1.45294189453125, 1.42974853515625, 1.3836669921875, 1.41265869140625, 1.44866943359375, 1.3818359375, 1.47979736328125, 1.414794921875, 1.45843505859375, 1.4080810546875, 1.4892578125, 1.45355224609375, 1.44439697265625, 1.5167236328125, 1.43798828125, 1.510009765625, 1.52099609375, 1.54052734375], "Corrected time": [0.0, 0.9999999974752427, 1.9999999949504854, 2.999999992425728, 3.999999989900971, 4.9999999873762135, 5.999999984851456, 6.999999982326699, 7.999999979801942, 8.999999977277184, 9.999999974752427, 10.99999997222767, 11.999999969702912, 12.999999967178155, 13.999999964653398, 14.99999996212864, 15.999999959603883, 16.999999957079126, 17.99999995455437, 18.99999995202961, 19.999999949504854, 20.999999946980097, 21.99999994445534, 22.999999941930582, 23.999999939405825, 24.999999936881068, 25.99999993435631, 26.999999931831553, 27.999999929306796, 28.99999992678204, 29.99999992425728, 30.999999921732524, 31.999999919207767, 32.99999991668301, 33.99999991415825, 34.999999911633495, 35.99999990910874, 36.99999990658398, 37.99999990405922, 38.999999901534466, 39.99999989900971, 40.99999989648495, 41.999999893960194, 42.999999891435436, 43.99999988891068, 44.99999988638592, 45.999999883861165, 46.99999988133641, 47.99999987881165, 48.99999987628689, 49.999999873762135, 50.99999987123738, 51.99999986871262, 52.99999986618786, 53.999999863663106, 54.99999986113835, 55.99999985861359, 56.999999856088834, 57.99999985356408, 58.99999985103932, 59.99999984851456, 60.999999845989805, 61.99999984346505, 62.99999984094029, 63.99999983841553, 64.99999983589078, 65.99999983336602, 66.99999983084126, 67.9999998283165, 68.99999982579175, 69.99999982326699, 70.99999982074223, 71.99999981821747, 72.99999981569272, 73.99999981316796, 74.9999998106432, 75.99999980811845, 76.99999980559369, 77.99999980306893, 78.99999980054417, 79.99999979801942, 80.99999979549466, 81.9999997929699, 82.99999979044514, 83.99999978792039, 84.99999978539563, 85.99999978287087, 86.99999978034612, 87.99999977782136, 88.9999997752966, 89.99999977277184, 90.99999977024709, 91.99999976772233, 92.99999976519757, 93.99999976267281, 94.99999976014806, 95.9999997576233, 96.99999975509854, 97.99999975257379, 98.99999975004903, 99.99999974752427, 100.99999974499951, 101.99999974247476, 102.99999973995, 103.99999973742524, 104.99999973490048, 105.99999973237573, 106.99999972985097, 107.99999972732621, 108.99999972480146, 109.9999997222767, 110.99999971975194, 111.99999971722718, 112.99999971470243, 113.99999971217767, 114.99999970965291, 115.99999970712815, 116.9999997046034, 117.99999970207864, 118.99999969955388], "Index": [1.0, 2.0, 3.0, 4.0, 5.0, 6.0, 7.0, 8.0, 9.0, 10.0, 11.0, 12.0, 13.0, 14.0, 15.0, 16.0, 17.0, 18.0, 19.0, 20.0, 21.0, 22.0, 23.0, 24.0, 25.0, 26.0, 27.0, 28.0, 29.0, 30.0, 31.0, 32.0, 33.0, 34.0, 35.0, 36.0, 37.0, 38.0, 39.0, 40.0, 41.0, 42.0, 43.0, 44.0, 45.0, 46.0, 47.0, 48.0, 49.0, 50.0, 51.0, 52.0, 53.0, 54.0, 55.0, 56.0, 57.0, 58.0, 59.0, 60.0, 61.0, 62.0, 63.0, 64.0, 65.0, 66.0, 67.0, 68.0, 69.0, 70.0, 71.0, 72.0, 73.0, 74.0, 75.0, 76.0, 77.0, 78.0, 79.0, 80.0, 81.0, 82.0, 83.0, 84.0, 85.0, 86.0, 87.0, 88.0, 89.0, 90.0, 91.0, 92.0, 93.0, 94.0, 95.0, 96.0, 97.0, 98.0, 99.0, 100.0, 101.0, 102.0, 103.0, 104.0, 105.0, 106.0, 107.0, 108.0, 109.0, 110.0, 111.0, 112.0, 113.0, 114.0, 115.0, 116.0, 117.0, 118.0, 119.0, 120.0]}}