{"recordsignal": {"Time": [14458.72011249524, 14459.720112492716, 14460.720112490191, 14461.720112487666, 14462.720112485142, 14463.720112482617, 14464.720112480092, 14465.720112477567, 14466.720112475043, 14467.720112472518, 14468.720112469993, 14469.720112467468, 14470.720112464944, 14471.720112462419, 14472.720112459894, 14473.72011245737, 14474.720112454845, 14475.72011245232, 14476.720112449795, 14477.72011244727, 14478.720112444746, 14479.72011244222, 14480.720112439696, 14481.720112437171, 14482.720112434647, 14483.720112432122, 14484.720112429597, 14485.720112427072, 14486.720112424548, 14487.720112422023, 14488.720112419498, 14489.720112416973, 14490.720112414449, 14491.720112411924, 14492.720112409399, 14493.720112406874, 14494.72011240435, 14495.720112401825, 14496.7201123993, 14497.720112396775, 14498.72011239425, 14499.720112391726, 14500.720112389201, 14501.720112386676, 14502.720112384151, 14503.720112381627, 14504.720112379102, 14505.720112376577, 14506.720112374052, 14507.720112371528, 14508.720112369003, 14509.720112366478, 14510.720112363953, 14511.720112361429, 14512.720112358904, 14513.72011235638, 14514.720112353854, 14515.72011235133, 14516.720112348805, 14517.72011234628, 14518.720112343755, 14519.72011234123, 14520.720112338706, 14521.720112336181, 14522.720112333656, 14523.720112331132, 14524.720112328607, 14525.720112326082, 14526.720112323557, 14527.720112321033, 14528.720112318508, 14529.720112315983, 14530.720112313458, 14531.720112310933, 14532.720112308409, 14533.720112305884, 14534.72011230336, 14535.720112300834, 14536.72011229831, 14537.720112295785, 14538.72011229326, 14539.720112290735, 14540.72011228821, 14541.720112285686, 14542.720112283161, 14543.720112280636, 14544.720112278112, 14545.720112275587, 14546.720112273062, 14547.720112270537, 14548.720112268013, 14549.720112265488, 14550.720112262963, 14551.720112260438, 14552.720112257914, 14553.720112255389, 14554.720112252864, 14555.72011225034, 14556.720112247815, 14557.72011224529, 14558.720112242765, 14559.72011224024, 14560.720112237716, 14561.72011223519, 14562.720112232666, 14563.720112230141, 14564.720112227616, 14565.720112225092, 14566.720112222567, 14567.720112220042, 14568.720112217517, 14569.720112214993, 14570.720112212468, 14571.720112209943, 14572.720112207418, 14573.720112204894, 14574.720112202369, 14575.720112199844, 14576.72011219732, 14577.720112194795], "WE(1).Potential": [1.9024658203125, 1.9073486328125, 1.98028564453125, 1.9769287109375, 1.97509765625, 1.95343017578125, 1.91986083984375, 1.99554443359375, 1.944580078125, 1.9427490234375, 1.98394775390625, 1.99859619140625, 1.99462890625, 1.988525390625, 2.05322265625, 2.03155517578125, 2.0135498046875, 2.10235595703125, 2.03125, 2.12554931640625, 2.064208984375, 2.04498291015625, 2.13653564453125, 2.08892822265625, 2.11578369140625, 2.12127685546875, 2.1209716796875, 2.14141845703125, 2.13653564453125, 2.10205078125, 2.108154296875, 2.13470458984375, 2.0672607421875, 2.078857421875, 2.125244140625, 2.11273193359375, 2.06756591796875, 2.12066650390625, 2.1051025390625, 2.052001953125, 2.1075439453125, 2.06634521484375, 2.059326171875, 2.05047607421875, 2.09930419921875, 2.078857421875, 2.12432861328125, 2.0904541015625, 2.0526123046875, 2.05108642578125, 2.11029052734375, 2.14569091796875, 2.1112060546875, 2.10205078125, 2.1429443359375, 2.1630859375, 2.16094970703125, 2.15362548828125, 2.1380615234375, 2.13775634765625, 2.1380615234375, 2.1917724609375, 2.22259521484375, 2.138671875, 2.22869873046875, 2.13836669921875, 2.2039794921875, 2.22381591796875, 2.17437744140625, 2.1502685546875, 2.1978759765625, 2.21038818359375, 2.1759033203125, 2.17193603515625, 2.1759033203125, 2.20703125, 2.16094970703125, 2.127685546875, 2.13470458984375, 2.1661376953125, 2.13165283203125, 2.12188720703125, 2.1234130859375, 2.1453857421875, 2.1160888671875, 2.1319580078125, 2.1405029296875, 2.19482421875, 2.138671875, 2.1026611328125, 2.18170166015625, 2.177734375, 2.1002197265625, 2.1929931640625, 2.15545654296875, 2.1417236328125, 2.1136474609375, 2.10845947265625, 2.1044921875, 2.15301513671875, 2.1624755859375, 2.11456298828125, 2.1112060546875, 2.1221923828125, 2.183837890625, 2.20062255859375, 2.16705322265625, 2.11639404296875, 2.1539306640625, 2.18109130859375, 2.18902587890625, 2.13287353515625, 2.1441650390625, 2.188720703125, 2.11822509765625, 2.16217041015625, 2.17681884765625, 2.14813232421875, 2.07550048828125, 2.08526611328125], "Corrected time": [0.0, 0.9999999974752427, 1.9999999949504854, 2.999999992425728, 3.999999989900971, 4.9999999873762135, 5.999999984851456, 6.999999982326699, 7.999999979801942, 8.999999977277184, 9.999999974752427, 10.99999997222767, 11.999999969702912, 12.999999967178155, 13.999999964653398, 14.99999996212864, 15.999999959603883, 16.999999957079126, 17.99999995455437, 18.99999995202961, 19.999999949504854, 20.999999946980097, 21.99999994445534, 22.999999941930582, 23.999999939405825, 24.999999936881068, 25.99999993435631, 26.999999931831553, 27.999999929306796, 28.99999992678204, 29.99999992425728, 30.999999921732524, 31.999999919207767, 32.99999991668301, 33.99999991415825, 34.999999911633495, 35.99999990910874, 36.99999990658398, 37.99999990405922, 38.999999901534466, 39.99999989900971, 40.99999989648495, 41.999999893960194, 42.999999891435436, 43.99999988891068, 44.99999988638592, 45.999999883861165, 46.99999988133641, 47.99999987881165, 48.99999987628689, 49.999999873762135, 50.99999987123738, 51.99999986871262, 52.99999986618786, 53.999999863663106, 54.99999986113835, 55.99999985861359, 56.999999856088834, 57.99999985356408, 58.99999985103932, 59.99999984851456, 60.999999845989805, 61.99999984346505, 62.99999984094029, 63.99999983841553, 64.99999983589078, 65.99999983336602, 66.99999983084126, 67.9999998283165, 68.99999982579175, 69.99999982326699, 70.99999982074223, 71.99999981821747, 72.99999981569272, 73.99999981316796, 74.9999998106432, 75.99999980811845, 76.99999980559369, 77.99999980306893, 78.99999980054417, 79.99999979801942, 80.99999979549466, 81.9999997929699, 82.99999979044514, 83.99999978792039, 84.99999978539563, 85.99999978287087, 86.99999978034612, 87.99999977782136, 88.9999997752966, 89.99999977277184, 90.99999977024709, 91.99999976772233, 92.99999976519757, 93.99999976267281, 94.99999976014806, 95.9999997576233, 96.99999975509854, 97.99999975257379, 98.99999975004903, 99.99999974752427, 100.99999974499951, 101.99999974247476, 102.99999973995, 103.99999973742524, 104.99999973490048, 105.99999973237573, 106.99999972985097, 107.99999972732621, 108.99999972480146, 109.9999997222767, 110.99999971975194, 111.99999971722718, 112.99999971470243, 113.99999971217767, 114.99999970965291, 115.99999970712815, 116.9999997046034, 117.99999970207864, 118.99999969955388], "Index": [1.0, 2.0, 3.0, 4.0, 5.0, 6.0, 7.0, 8.0, 9.0, 10.0, 11.0, 12.0, 13.0, 14.0, 15.0, 16.0, 17.0, 18.0, 19.0, 20.0, 21.0, 22.0, 23.0, 24.0, 25.0, 26.0, 27.0, 28.0, 29.0, 30.0, 31.0, 32.0, 33.0, 34.0, 35.0, 36.0, 37.0, 38.0, 39.0, 40.0, 41.0, 42.0, 43.0, 44.0, 45.0, 46.0, 47.0, 48.0, 49.0, 50.0, 51.0, 52.0, 53.0, 54.0, 55.0, 56.0, 57.0, 58.0, 59.0, 60.0, 61.0, 62.0, 63.0, 64.0, 65.0, 66.0, 67.0, 68.0, 69.0, 70.0, 71.0, 72.0, 73.0, 74.0, 75.0, 76.0, 77.0, 78.0, 79.0, 80.0, 81.0, 82.0, 83.0, 84.0, 85.0, 86.0, 87.0, 88.0, 89.0, 90.0, 91.0, 92.0, 93.0, 94.0, 95.0, 96.0, 97.0, 98.0, 99.0, 100.0, 101.0, 102.0, 103.0, 104.0, 105.0, 106.0, 107.0, 108.0, 109.0, 110.0, 111.0, 112.0, 113.0, 114.0, 115.0, 116.0, 117.0, 118.0, 119.0, 120.0]}}