{"recordsignal": {"Time": [14005.310088639992, 14006.310088637467, 14007.310088634942, 14008.310088632417, 14009.310088629893, 14010.310088627368, 14011.310088624843, 14012.310088622318, 14013.310088619794, 14014.310088617269, 14015.310088614744, 14016.31008861222, 14017.310088609695, 14018.31008860717, 14019.310088604645, 14020.31008860212, 14021.310088599595, 14022.31008859707, 14023.310088594546, 14024.310088592021, 14025.310088589496, 14026.310088586972, 14027.310088584447, 14028.310088581922, 14029.310088579397, 14030.310088576873, 14031.310088574348, 14032.310088571823, 14033.310088569298, 14034.310088566774, 14035.310088564249, 14036.310088561724, 14037.3100885592, 14038.310088556675, 14039.31008855415, 14040.310088551625, 14041.3100885491, 14042.310088546576, 14043.31008854405, 14044.310088541526, 14045.310088539001, 14046.310088536477, 14047.310088533952, 14048.310088531427, 14049.310088528902, 14050.310088526378, 14051.310088523853, 14052.310088521328, 14053.310088518803, 14054.310088516278, 14055.310088513754, 14056.310088511229, 14057.310088508704, 14058.31008850618, 14059.310088503655, 14060.31008850113, 14061.310088498605, 14062.31008849608, 14063.310088493556, 14064.310088491031, 14065.310088488506, 14066.310088485981, 14067.310088483457, 14068.310088480932, 14069.310088478407, 14070.310088475882, 14071.310088473358, 14072.310088470833, 14073.310088468308, 14074.310088465783, 14075.310088463259, 14076.310088460734, 14077.310088458209, 14078.310088455684, 14079.31008845316, 14080.310088450635, 14081.31008844811, 14082.310088445585, 14083.31008844306, 14084.310088440536, 14085.310088438011, 14086.310088435486, 14087.310088432961, 14088.310088430437, 14089.310088427912, 14090.310088425387, 14091.310088422862, 14092.310088420338, 14093.310088417813, 14094.310088415288, 14095.310088412763, 14096.310088410239, 14097.310088407714, 14098.31008840519, 14099.310088402664, 14100.31008840014, 14101.310088397615, 14102.31008839509, 14103.310088392565, 14104.31008839004, 14105.310088387516, 14106.310088384991, 14107.310088382466, 14108.310088379942, 14109.310088377417, 14110.310088374892, 14111.310088372367, 14112.310088369843, 14113.310088367318, 14114.310088364793, 14115.310088362268, 14116.310088359744, 14117.310088357219, 14118.310088354694, 14119.31008835217, 14120.310088349645, 14121.31008834712, 14122.310088344595, 14123.31008834207, 14124.310088339545], "WE(1).Potential": [1.7962646484375, 1.77490234375, 1.74591064453125, 1.749267578125, 1.73858642578125, 1.77825927734375, 1.81854248046875, 1.75537109375, 1.805419921875, 1.8365478515625, 1.7779541015625, 1.81732177734375, 1.87286376953125, 1.85211181640625, 1.79107666015625, 1.81549072265625, 1.88385009765625, 1.859130859375, 1.8408203125, 1.8072509765625, 1.85394287109375, 1.85699462890625, 1.90673828125, 1.89605712890625, 1.90277099609375, 1.9122314453125, 1.91314697265625, 1.90460205078125, 1.84173583984375, 1.80755615234375, 1.8450927734375, 1.82373046875, 1.82159423828125, 1.79718017578125, 1.85791015625, 1.7962646484375, 1.8621826171875, 1.81427001953125, 1.75628662109375, 1.7669677734375, 1.746826171875, 1.73828125, 1.77093505859375, 1.8017578125, 1.7950439453125, 1.7510986328125, 1.73736572265625, 1.78680419921875, 1.79412841796875, 1.7279052734375, 1.75506591796875, 1.788330078125, 1.783447265625, 1.71905517578125, 1.74285888671875, 1.80694580078125, 1.7559814453125, 1.72698974609375, 1.734619140625, 1.74346923828125, 1.73309326171875, 1.7877197265625, 1.76605224609375, 1.71630859375, 1.74896240234375, 1.7547607421875, 1.7144775390625, 1.7138671875, 1.702880859375, 1.70562744140625, 1.73248291015625, 1.767578125, 1.7486572265625, 1.74957275390625, 1.80023193359375, 1.7193603515625, 1.7828369140625, 1.77947998046875, 1.73187255859375, 1.81182861328125, 1.81488037109375, 1.80267333984375, 1.739501953125, 1.805419921875, 1.76727294921875, 1.7376708984375, 1.8133544921875, 1.781005859375, 1.79046630859375, 1.74163818359375, 1.71142578125, 1.69677734375, 1.6900634765625, 1.69586181640625, 1.69189453125, 1.683349609375, 1.72210693359375, 1.7266845703125, 1.72393798828125, 1.73583984375, 1.68426513671875, 1.7340087890625, 1.7266845703125, 1.6485595703125, 1.7315673828125, 1.65191650390625, 1.69921875, 1.636962890625, 1.71966552734375, 1.64337158203125, 1.70989990234375, 1.63299560546875, 1.6796875, 1.6680908203125, 1.6259765625, 1.693115234375, 1.6815185546875, 1.61651611328125, 1.69403076171875, 1.62872314453125], "Corrected time": [0.0, 0.9999999974752427, 1.9999999949504854, 2.999999992425728, 3.999999989900971, 4.9999999873762135, 5.999999984851456, 6.999999982326699, 7.999999979801942, 8.999999977277184, 9.999999974752427, 10.99999997222767, 11.999999969702912, 12.999999967178155, 13.999999964653398, 14.99999996212864, 15.999999959603883, 16.999999957079126, 17.99999995455437, 18.99999995202961, 19.999999949504854, 20.999999946980097, 21.99999994445534, 22.999999941930582, 23.999999939405825, 24.999999936881068, 25.99999993435631, 26.999999931831553, 27.999999929306796, 28.99999992678204, 29.99999992425728, 30.999999921732524, 31.999999919207767, 32.99999991668301, 33.99999991415825, 34.999999911633495, 35.99999990910874, 36.99999990658398, 37.99999990405922, 38.999999901534466, 39.99999989900971, 40.99999989648495, 41.999999893960194, 42.999999891435436, 43.99999988891068, 44.99999988638592, 45.999999883861165, 46.99999988133641, 47.99999987881165, 48.99999987628689, 49.999999873762135, 50.99999987123738, 51.99999986871262, 52.99999986618786, 53.999999863663106, 54.99999986113835, 55.99999985861359, 56.999999856088834, 57.99999985356408, 58.99999985103932, 59.99999984851456, 60.999999845989805, 61.99999984346505, 62.99999984094029, 63.99999983841553, 64.99999983589078, 65.99999983336602, 66.99999983084126, 67.9999998283165, 68.99999982579175, 69.99999982326699, 70.99999982074223, 71.99999981821747, 72.99999981569272, 73.99999981316796, 74.9999998106432, 75.99999980811845, 76.99999980559369, 77.99999980306893, 78.99999980054417, 79.99999979801942, 80.99999979549466, 81.9999997929699, 82.99999979044514, 83.99999978792039, 84.99999978539563, 85.99999978287087, 86.99999978034612, 87.99999977782136, 88.9999997752966, 89.99999977277184, 90.99999977024709, 91.99999976772233, 92.99999976519757, 93.99999976267281, 94.99999976014806, 95.9999997576233, 96.99999975509854, 97.99999975257379, 98.99999975004903, 99.99999974752427, 100.99999974499951, 101.99999974247476, 102.99999973995, 103.99999973742524, 104.99999973490048, 105.99999973237573, 106.99999972985097, 107.99999972732621, 108.99999972480146, 109.9999997222767, 110.99999971975194, 111.99999971722718, 112.99999971470243, 113.99999971217767, 114.99999970965291, 115.99999970712815, 116.9999997046034, 117.99999970207864, 118.99999969955388], "Index": [1.0, 2.0, 3.0, 4.0, 5.0, 6.0, 7.0, 8.0, 9.0, 10.0, 11.0, 12.0, 13.0, 14.0, 15.0, 16.0, 17.0, 18.0, 19.0, 20.0, 21.0, 22.0, 23.0, 24.0, 25.0, 26.0, 27.0, 28.0, 29.0, 30.0, 31.0, 32.0, 33.0, 34.0, 35.0, 36.0, 37.0, 38.0, 39.0, 40.0, 41.0, 42.0, 43.0, 44.0, 45.0, 46.0, 47.0, 48.0, 49.0, 50.0, 51.0, 52.0, 53.0, 54.0, 55.0, 56.0, 57.0, 58.0, 59.0, 60.0, 61.0, 62.0, 63.0, 64.0, 65.0, 66.0, 67.0, 68.0, 69.0, 70.0, 71.0, 72.0, 73.0, 74.0, 75.0, 76.0, 77.0, 78.0, 79.0, 80.0, 81.0, 82.0, 83.0, 84.0, 85.0, 86.0, 87.0, 88.0, 89.0, 90.0, 91.0, 92.0, 93.0, 94.0, 95.0, 96.0, 97.0, 98.0, 99.0, 100.0, 101.0, 102.0, 103.0, 104.0, 105.0, 106.0, 107.0, 108.0, 109.0, 110.0, 111.0, 112.0, 113.0, 114.0, 115.0, 116.0, 117.0, 118.0, 119.0, 120.0]}}