{"recordsignal": {"Time": [14913.856160346133, 14914.856160343608, 14915.856160341084, 14916.856160338559, 14917.856160336034, 14918.85616033351, 14919.856160330984, 14920.85616032846, 14921.856160325935, 14922.85616032341, 14923.856160320885, 14924.85616031836, 14925.856160315836, 14926.856160313311, 14927.856160310786, 14928.856160308262, 14929.856160305737, 14930.856160303212, 14931.856160300687, 14932.856160298163, 14933.856160295638, 14934.856160293113, 14935.856160290588, 14936.856160288064, 14937.856160285539, 14938.856160283014, 14939.85616028049, 14940.856160277965, 14941.85616027544, 14942.856160272915, 14943.85616027039, 14944.856160267866, 14945.85616026534, 14946.856160262816, 14947.856160260291, 14948.856160257767, 14949.856160255242, 14950.856160252717, 14951.856160250192, 14952.856160247668, 14953.856160245143, 14954.856160242618, 14955.856160240093, 14956.856160237568, 14957.856160235044, 14958.856160232519, 14959.856160229994, 14960.85616022747, 14961.856160224945, 14962.85616022242, 14963.856160219895, 14964.85616021737, 14965.856160214846, 14966.85616021232, 14967.856160209796, 14968.856160207271, 14969.856160204747, 14970.856160202222, 14971.856160199697, 14972.856160197172, 14973.856160194648, 14974.856160192123, 14975.856160189598, 14976.856160187073, 14977.856160184549, 14978.856160182024, 14979.856160179499, 14980.856160176974, 14981.85616017445, 14982.856160171925, 14983.8561601694, 14984.856160166875, 14985.85616016435, 14986.856160161826, 14987.856160159301, 14988.856160156776, 14989.856160154251, 14990.856160151727, 14991.856160149202, 14992.856160146677, 14993.856160144152, 14994.856160141628, 14995.856160139103, 14996.856160136578, 14997.856160134053, 14998.856160131529, 14999.856160129004, 15000.85616012648, 15001.856160123954, 15002.85616012143, 15003.856160118905, 15004.85616011638, 15005.856160113855, 15006.85616011133, 15007.856160108806, 15008.856160106281, 15009.856160103756, 15010.856160101232, 15011.856160098707, 15012.856160096182, 15013.856160093657, 15014.856160091133, 15015.856160088608, 15016.856160086083, 15017.856160083558, 15018.856160081034, 15019.856160078509, 15020.856160075984, 15021.85616007346, 15022.856160070934, 15023.85616006841, 15024.856160065885, 15025.85616006336, 15026.856160060835, 15027.85616005831, 15028.856160055786, 15029.856160053261, 15030.856160050736, 15031.856160048212, 15032.856160045687], "WE(1).Potential": [2.68768310546875, 2.669677734375, 2.7166748046875, 2.63275146484375, 2.63275146484375, 2.6922607421875, 2.58880615234375, 2.6409912109375, 2.65594482421875, 2.57965087890625, 2.62939453125, 2.57171630859375, 2.61474609375, 2.62359619140625, 2.6507568359375, 2.6171875, 2.59613037109375, 2.5604248046875, 2.61810302734375, 2.635498046875, 2.59002685546875, 2.568359375, 2.64373779296875, 2.58697509765625, 2.52166748046875, 2.56500244140625, 2.603759765625, 2.59552001953125, 2.57171630859375, 2.5445556640625, 2.53082275390625, 2.60040283203125, 2.53448486328125, 2.53509521484375, 2.54547119140625, 2.58636474609375, 2.4951171875, 2.4969482421875, 2.55096435546875, 2.51556396484375, 2.46826171875, 2.50579833984375, 2.47314453125, 2.435302734375, 2.5341796875, 2.55615234375, 2.56866455078125, 2.5469970703125, 2.56317138671875, 2.57965087890625, 2.60528564453125, 2.598876953125, 2.650146484375, 2.6287841796875, 2.579345703125, 2.64129638671875, 2.65655517578125, 2.61016845703125, 2.5665283203125, 2.6336669921875, 2.6165771484375, 2.6385498046875, 2.60711669921875, 2.57080078125, 2.66510009765625, 2.578125, 2.5750732421875, 2.60009765625, 2.607421875, 2.662353515625, 2.6678466796875, 2.64373779296875, 2.6837158203125, 2.6922607421875, 2.66845703125, 2.64190673828125, 2.61749267578125, 2.65655517578125, 2.6922607421875, 2.66143798828125, 2.65594482421875, 2.69439697265625, 2.71392822265625, 2.677001953125, 2.7081298828125, 2.7288818359375, 2.67852783203125, 2.76580810546875, 2.67791748046875, 2.767333984375, 2.74993896484375, 2.71484375, 2.6971435546875, 2.7197265625, 2.72796630859375, 2.78594970703125, 2.794189453125, 2.7874755859375, 2.7789306640625, 2.8033447265625, 2.7923583984375, 2.80853271484375, 2.7703857421875, 2.7337646484375, 2.72491455078125, 2.76641845703125, 2.80303955078125, 2.72003173828125, 2.75909423828125, 2.81036376953125, 2.7923583984375, 2.81402587890625, 2.81280517578125, 2.791748046875, 2.76763916015625, 2.74688720703125, 2.73468017578125, 2.72125244140625, 2.80029296875, 2.8033447265625], "Corrected time": [0.0, 0.9999999974752427, 1.9999999949504854, 2.999999992425728, 3.999999989900971, 4.9999999873762135, 5.999999984851456, 6.999999982326699, 7.999999979801942, 8.999999977277184, 9.999999974752427, 10.99999997222767, 11.999999969702912, 12.999999967178155, 13.999999964653398, 14.99999996212864, 15.999999959603883, 16.999999957079126, 17.99999995455437, 18.99999995202961, 19.999999949504854, 20.999999946980097, 21.99999994445534, 22.999999941930582, 23.999999939405825, 24.999999936881068, 25.99999993435631, 26.999999931831553, 27.999999929306796, 28.99999992678204, 29.99999992425728, 30.999999921732524, 31.999999919207767, 32.99999991668301, 33.99999991415825, 34.999999911633495, 35.99999990910874, 36.99999990658398, 37.99999990405922, 38.999999901534466, 39.99999989900971, 40.99999989648495, 41.999999893960194, 42.999999891435436, 43.99999988891068, 44.99999988638592, 45.999999883861165, 46.99999988133641, 47.99999987881165, 48.99999987628689, 49.999999873762135, 50.99999987123738, 51.99999986871262, 52.99999986618786, 53.999999863663106, 54.99999986113835, 55.99999985861359, 56.999999856088834, 57.99999985356408, 58.99999985103932, 59.99999984851456, 60.999999845989805, 61.99999984346505, 62.99999984094029, 63.99999983841553, 64.99999983589078, 65.99999983336602, 66.99999983084126, 67.9999998283165, 68.99999982579175, 69.99999982326699, 70.99999982074223, 71.99999981821747, 72.99999981569272, 73.99999981316796, 74.9999998106432, 75.99999980811845, 76.99999980559369, 77.99999980306893, 78.99999980054417, 79.99999979801942, 80.99999979549466, 81.9999997929699, 82.99999979044514, 83.99999978792039, 84.99999978539563, 85.99999978287087, 86.99999978034612, 87.99999977782136, 88.9999997752966, 89.99999977277184, 90.99999977024709, 91.99999976772233, 92.99999976519757, 93.99999976267281, 94.99999976014806, 95.9999997576233, 96.99999975509854, 97.99999975257379, 98.99999975004903, 99.99999974752427, 100.99999974499951, 101.99999974247476, 102.99999973995, 103.99999973742524, 104.99999973490048, 105.99999973237573, 106.99999972985097, 107.99999972732621, 108.99999972480146, 109.9999997222767, 110.99999971975194, 111.99999971722718, 112.99999971470243, 113.99999971217767, 114.99999970965291, 115.99999970712815, 116.9999997046034, 117.99999970207864, 118.99999969955388], "Index": [1.0, 2.0, 3.0, 4.0, 5.0, 6.0, 7.0, 8.0, 9.0, 10.0, 11.0, 12.0, 13.0, 14.0, 15.0, 16.0, 17.0, 18.0, 19.0, 20.0, 21.0, 22.0, 23.0, 24.0, 25.0, 26.0, 27.0, 28.0, 29.0, 30.0, 31.0, 32.0, 33.0, 34.0, 35.0, 36.0, 37.0, 38.0, 39.0, 40.0, 41.0, 42.0, 43.0, 44.0, 45.0, 46.0, 47.0, 48.0, 49.0, 50.0, 51.0, 52.0, 53.0, 54.0, 55.0, 56.0, 57.0, 58.0, 59.0, 60.0, 61.0, 62.0, 63.0, 64.0, 65.0, 66.0, 67.0, 68.0, 69.0, 70.0, 71.0, 72.0, 73.0, 74.0, 75.0, 76.0, 77.0, 78.0, 79.0, 80.0, 81.0, 82.0, 83.0, 84.0, 85.0, 86.0, 87.0, 88.0, 89.0, 90.0, 91.0, 92.0, 93.0, 94.0, 95.0, 96.0, 97.0, 98.0, 99.0, 100.0, 101.0, 102.0, 103.0, 104.0, 105.0, 106.0, 107.0, 108.0, 109.0, 110.0, 111.0, 112.0, 113.0, 114.0, 115.0, 116.0, 117.0, 118.0, 119.0, 120.0]}}