{"recordsignal": {"Time": [15142.178200769675, 15143.17820076715, 15144.178200764625, 15145.1782007621, 15146.178200759576, 15147.178200757051, 15148.178200754526, 15149.178200752001, 15150.178200749477, 15151.178200746952, 15152.178200744427, 15153.178200741902, 15154.178200739378, 15155.178200736853, 15156.178200734328, 15157.178200731803, 15158.178200729279, 15159.178200726754, 15160.17820072423, 15161.178200721704, 15162.17820071918, 15163.178200716655, 15164.17820071413, 15165.178200711605, 15166.17820070908, 15167.178200706556, 15168.178200704031, 15169.178200701506, 15170.178200698982, 15171.178200696457, 15172.178200693932, 15173.178200691407, 15174.178200688882, 15175.178200686358, 15176.178200683833, 15177.178200681308, 15178.178200678783, 15179.178200676259, 15180.178200673734, 15181.17820067121, 15182.178200668684, 15183.17820066616, 15184.178200663635, 15185.17820066111, 15186.178200658585, 15187.17820065606, 15188.178200653536, 15189.178200651011, 15190.178200648486, 15191.178200645962, 15192.178200643437, 15193.178200640912, 15194.178200638387, 15195.178200635863, 15196.178200633338, 15197.178200630813, 15198.178200628288, 15199.178200625764, 15200.178200623239, 15201.178200620714, 15202.17820061819, 15203.178200615665, 15204.17820061314, 15205.178200610615, 15206.17820060809, 15207.178200605566, 15208.17820060304, 15209.178200600516, 15210.178200597991, 15211.178200595466, 15212.178200592942, 15213.178200590417, 15214.178200587892, 15215.178200585367, 15216.178200582843, 15217.178200580318, 15218.178200577793, 15219.178200575268, 15220.178200572744, 15221.178200570219, 15222.178200567694, 15223.17820056517, 15224.178200562645, 15225.17820056012, 15226.178200557595, 15227.17820055507, 15228.178200552546, 15229.17820055002, 15230.178200547496, 15231.178200544971, 15232.178200542447, 15233.178200539922, 15234.178200537397, 15235.178200534872, 15236.178200532348, 15237.178200529823, 15238.178200527298, 15239.178200524773, 15240.178200522249, 15241.178200519724, 15242.178200517199, 15243.178200514674, 15244.17820051215, 15245.178200509625, 15246.1782005071, 15247.178200504575, 15248.17820050205, 15249.178200499526, 15250.178200497001, 15251.178200494476, 15252.178200491951, 15253.178200489427, 15254.178200486902, 15255.178200484377, 15256.178200481852, 15257.178200479328, 15258.178200476803, 15259.178200474278, 15260.178200471753, 15261.178200469229], "WE(1).Potential": [2.71240234375, 2.6611328125, 2.56317138671875, 2.5323486328125, 2.4456787109375, 2.3919677734375, 2.41241455078125, 2.3846435546875, 2.37579345703125, 2.35137939453125, 2.28118896484375, 2.3504638671875, 2.279052734375, 2.3046875, 2.2894287109375, 2.2442626953125, 2.31689453125, 2.28729248046875, 2.25860595703125, 2.28668212890625, 2.2503662109375, 2.216796875, 2.22412109375, 2.218017578125, 2.191162109375, 2.235107421875, 2.25494384765625, 2.19482421875, 2.26226806640625, 2.27264404296875, 2.25830078125, 2.22381591796875, 2.19970703125, 2.247314453125, 2.25372314453125, 2.2052001953125, 2.23541259765625, 2.24365234375, 2.25982666015625, 2.20367431640625, 2.26837158203125, 2.24090576171875, 2.19268798828125, 2.19970703125, 2.23388671875, 2.28973388671875, 2.27813720703125, 2.236328125, 2.20977783203125, 2.24456787109375, 2.2625732421875, 2.26654052734375, 2.20184326171875, 2.279052734375, 2.24700927734375, 2.210693359375, 2.28240966796875, 2.25433349609375, 2.3040771484375, 2.225341796875, 2.25128173828125, 2.31048583984375, 2.27783203125, 2.236328125, 2.23663330078125, 2.28668212890625, 2.22900390625, 2.27996826171875, 2.313232421875, 2.2747802734375, 2.3150634765625, 2.30133056640625, 2.3040771484375, 2.27081298828125, 2.32940673828125, 2.275390625, 2.34588623046875, 2.27569580078125, 2.3614501953125, 2.28271484375, 2.36328125, 2.36663818359375, 2.36236572265625, 2.3602294921875, 2.31048583984375, 2.35687255859375, 2.40570068359375, 2.4066162109375, 2.33612060546875, 2.3834228515625, 2.4298095703125, 2.442626953125, 2.4505615234375, 2.3944091796875, 2.4334716796875, 2.40478515625, 2.421875, 2.490234375, 2.496337890625, 2.48779296875, 2.43438720703125, 2.44293212890625, 2.489013671875, 2.51800537109375, 2.50396728515625, 2.50396728515625, 2.50244140625, 2.5054931640625, 2.5, 2.46063232421875, 2.476806640625, 2.4993896484375, 2.562255859375, 2.55279541015625, 2.50213623046875, 2.4951171875, 2.55096435546875, 2.5494384765625, 2.50030517578125, 2.5921630859375], "Corrected time": [0.0, 0.9999999974752427, 1.9999999949504854, 2.999999992425728, 3.999999989900971, 4.9999999873762135, 5.999999984851456, 6.999999982326699, 7.999999979801942, 8.999999977277184, 9.999999974752427, 10.99999997222767, 11.999999969702912, 12.999999967178155, 13.999999964653398, 14.99999996212864, 15.999999959603883, 16.999999957079126, 17.99999995455437, 18.99999995202961, 19.999999949504854, 20.999999946980097, 21.99999994445534, 22.999999941930582, 23.999999939405825, 24.999999936881068, 25.99999993435631, 26.999999931831553, 27.999999929306796, 28.99999992678204, 29.99999992425728, 30.999999921732524, 31.999999919207767, 32.99999991668301, 33.99999991415825, 34.999999911633495, 35.99999990910874, 36.99999990658398, 37.99999990405922, 38.999999901534466, 39.99999989900971, 40.99999989648495, 41.999999893960194, 42.999999891435436, 43.99999988891068, 44.99999988638592, 45.999999883861165, 46.99999988133641, 47.99999987881165, 48.99999987628689, 49.999999873762135, 50.99999987123738, 51.99999986871262, 52.99999986618786, 53.999999863663106, 54.99999986113835, 55.99999985861359, 56.999999856088834, 57.99999985356408, 58.99999985103932, 59.99999984851456, 60.999999845989805, 61.99999984346505, 62.99999984094029, 63.99999983841553, 64.99999983589078, 65.99999983336602, 66.99999983084126, 67.9999998283165, 68.99999982579175, 69.99999982326699, 70.99999982074223, 71.99999981821747, 72.99999981569272, 73.99999981316796, 74.9999998106432, 75.99999980811845, 76.99999980559369, 77.99999980306893, 78.99999980054417, 79.99999979801942, 80.99999979549466, 81.9999997929699, 82.99999979044514, 83.99999978792039, 84.99999978539563, 85.99999978287087, 86.99999978034612, 87.99999977782136, 88.9999997752966, 89.99999977277184, 90.99999977024709, 91.99999976772233, 92.99999976519757, 93.99999976267281, 94.99999976014806, 95.9999997576233, 96.99999975509854, 97.99999975257379, 98.99999975004903, 99.99999974752427, 100.99999974499951, 101.99999974247476, 102.99999973995, 103.99999973742524, 104.99999973490048, 105.99999973237573, 106.99999972985097, 107.99999972732621, 108.99999972480146, 109.9999997222767, 110.99999971975194, 111.99999971722718, 112.99999971470243, 113.99999971217767, 114.99999970965291, 115.99999970712815, 116.9999997046034, 117.99999970207864, 118.99999969955388], "Index": [1.0, 2.0, 3.0, 4.0, 5.0, 6.0, 7.0, 8.0, 9.0, 10.0, 11.0, 12.0, 13.0, 14.0, 15.0, 16.0, 17.0, 18.0, 19.0, 20.0, 21.0, 22.0, 23.0, 24.0, 25.0, 26.0, 27.0, 28.0, 29.0, 30.0, 31.0, 32.0, 33.0, 34.0, 35.0, 36.0, 37.0, 38.0, 39.0, 40.0, 41.0, 42.0, 43.0, 44.0, 45.0, 46.0, 47.0, 48.0, 49.0, 50.0, 51.0, 52.0, 53.0, 54.0, 55.0, 56.0, 57.0, 58.0, 59.0, 60.0, 61.0, 62.0, 63.0, 64.0, 65.0, 66.0, 67.0, 68.0, 69.0, 70.0, 71.0, 72.0, 73.0, 74.0, 75.0, 76.0, 77.0, 78.0, 79.0, 80.0, 81.0, 82.0, 83.0, 84.0, 85.0, 86.0, 87.0, 88.0, 89.0, 90.0, 91.0, 92.0, 93.0, 94.0, 95.0, 96.0, 97.0, 98.0, 99.0, 100.0, 101.0, 102.0, 103.0, 104.0, 105.0, 106.0, 107.0, 108.0, 109.0, 110.0, 111.0, 112.0, 113.0, 114.0, 115.0, 116.0, 117.0, 118.0, 119.0, 120.0]}}