{"recordsignal": {"Time": [14686.179132920963, 14687.179132918438, 14688.179132915913, 14689.179132913388, 14690.179132910864, 14691.179132908339, 14692.179132905814, 14693.17913290329, 14694.179132900765, 14695.17913289824, 14696.179132895715, 14697.17913289319, 14698.179132890666, 14699.17913288814, 14700.179132885616, 14701.179132883091, 14702.179132880567, 14703.179132878042, 14704.179132875517, 14705.179132872992, 14706.179132870468, 14707.179132867943, 14708.179132865418, 14709.179132862893, 14710.179132860369, 14711.179132857844, 14712.179132855319, 14713.179132852794, 14714.17913285027, 14715.179132847745, 14716.17913284522, 14717.179132842695, 14718.17913284017, 14719.179132837646, 14720.179132835121, 14721.179132832596, 14722.179132830071, 14723.179132827547, 14724.179132825022, 14725.179132822497, 14726.179132819972, 14727.179132817448, 14728.179132814923, 14729.179132812398, 14730.179132809873, 14731.179132807349, 14732.179132804824, 14733.1791328023, 14734.179132799774, 14735.17913279725, 14736.179132794725, 14737.1791327922, 14738.179132789675, 14739.17913278715, 14740.179132784626, 14741.179132782101, 14742.179132779576, 14743.179132777052, 14744.179132774527, 14745.179132772002, 14746.179132769477, 14747.179132766953, 14748.179132764428, 14749.179132761903, 14750.179132759378, 14751.179132756854, 14752.179132754329, 14753.179132751804, 14754.17913274928, 14755.179132746754, 14756.17913274423, 14757.179132741705, 14758.17913273918, 14759.179132736655, 14760.17913273413, 14761.179132731606, 14762.179132729081, 14763.179132726556, 14764.179132724032, 14765.179132721507, 14766.179132718982, 14767.179132716457, 14768.179132713933, 14769.179132711408, 14770.179132708883, 14771.179132706358, 14772.179132703834, 14773.179132701309, 14774.179132698784, 14775.17913269626, 14776.179132693735, 14777.17913269121, 14778.179132688685, 14779.17913268616, 14780.179132683636, 14781.17913268111, 14782.179132678586, 14783.179132676061, 14784.179132673537, 14785.179132671012, 14786.179132668487, 14787.179132665962, 14788.179132663437, 14789.179132660913, 14790.179132658388, 14791.179132655863, 14792.179132653338, 14793.179132650814, 14794.179132648289, 14795.179132645764, 14796.17913264324, 14797.179132640715, 14798.17913263819, 14799.179132635665, 14800.17913263314, 14801.179132630616, 14802.17913262809, 14803.179132625566, 14804.179132623041, 14805.179132620517], "WE(1).Potential": [2.25494384765625, 2.28607177734375, 2.19512939453125, 2.29400634765625, 2.26165771484375, 2.27813720703125, 2.28973388671875, 2.28179931640625, 2.34161376953125, 2.30438232421875, 2.2711181640625, 2.32269287109375, 2.3736572265625, 2.3779296875, 2.32086181640625, 2.3028564453125, 2.30987548828125, 2.322998046875, 2.3468017578125, 2.3907470703125, 2.38189697265625, 2.35260009765625, 2.2747802734375, 2.36419677734375, 2.30316162109375, 2.26287841796875, 2.237548828125, 2.2283935546875, 2.222900390625, 2.24090576171875, 2.205810546875, 2.29034423828125, 2.1978759765625, 2.29095458984375, 2.24609375, 2.22503662109375, 2.271728515625, 2.21282958984375, 2.30712890625, 2.2357177734375, 2.2662353515625, 2.32177734375, 2.3016357421875, 2.3297119140625, 2.3370361328125, 2.27752685546875, 2.30804443359375, 2.30560302734375, 2.28607177734375, 2.28790283203125, 2.29339599609375, 2.30010986328125, 2.32147216796875, 2.32666015625, 2.34710693359375, 2.3876953125, 2.40936279296875, 2.39013671875, 2.3297119140625, 2.3516845703125, 2.39532470703125, 2.41943359375, 2.40875244140625, 2.38800048828125, 2.344970703125, 2.322998046875, 2.34405517578125, 2.3309326171875, 2.30010986328125, 2.37396240234375, 2.35931396484375, 2.29400634765625, 2.28240966796875, 2.34619140625, 2.3577880859375, 2.314453125, 2.26898193359375, 2.26593017578125, 2.31903076171875, 2.3358154296875, 2.34588623046875, 2.3162841796875, 2.31109619140625, 2.2747802734375, 2.25372314453125, 2.26287841796875, 2.26287841796875, 2.25372314453125, 2.31048583984375, 2.33856201171875, 2.2821044921875, 2.26531982421875, 2.294921875, 2.24884033203125, 2.3394775390625, 2.25372314453125, 2.30743408203125, 2.3077392578125, 2.252197265625, 2.29522705078125, 2.33184814453125, 2.34619140625, 2.296142578125, 2.25860595703125, 2.34527587890625, 2.28668212890625, 2.35809326171875, 2.2833251953125, 2.37335205078125, 2.30255126953125, 2.3370361328125, 2.376708984375, 2.37030029296875, 2.3370361328125, 2.4078369140625, 2.32879638671875, 2.36907958984375, 2.41363525390625, 2.41943359375, 2.43865966796875], "Corrected time": [0.0, 0.9999999974752427, 1.9999999949504854, 2.999999992425728, 3.999999989900971, 4.9999999873762135, 5.999999984851456, 6.999999982326699, 7.999999979801942, 8.999999977277184, 9.999999974752427, 10.99999997222767, 11.999999969702912, 12.999999967178155, 13.999999964653398, 14.99999996212864, 15.999999959603883, 16.999999957079126, 17.99999995455437, 18.99999995202961, 19.999999949504854, 20.999999946980097, 21.99999994445534, 22.999999941930582, 23.999999939405825, 24.999999936881068, 25.99999993435631, 26.999999931831553, 27.999999929306796, 28.99999992678204, 29.99999992425728, 30.999999921732524, 31.999999919207767, 32.99999991668301, 33.99999991415825, 34.999999911633495, 35.99999990910874, 36.99999990658398, 37.99999990405922, 38.999999901534466, 39.99999989900971, 40.99999989648495, 41.999999893960194, 42.999999891435436, 43.99999988891068, 44.99999988638592, 45.999999883861165, 46.99999988133641, 47.99999987881165, 48.99999987628689, 49.999999873762135, 50.99999987123738, 51.99999986871262, 52.99999986618786, 53.999999863663106, 54.99999986113835, 55.99999985861359, 56.999999856088834, 57.99999985356408, 58.99999985103932, 59.99999984851456, 60.999999845989805, 61.99999984346505, 62.99999984094029, 63.99999983841553, 64.99999983589078, 65.99999983336602, 66.99999983084126, 67.9999998283165, 68.99999982579175, 69.99999982326699, 70.99999982074223, 71.99999981821747, 72.99999981569272, 73.99999981316796, 74.9999998106432, 75.99999980811845, 76.99999980559369, 77.99999980306893, 78.99999980054417, 79.99999979801942, 80.99999979549466, 81.9999997929699, 82.99999979044514, 83.99999978792039, 84.99999978539563, 85.99999978287087, 86.99999978034612, 87.99999977782136, 88.9999997752966, 89.99999977277184, 90.99999977024709, 91.99999976772233, 92.99999976519757, 93.99999976267281, 94.99999976014806, 95.9999997576233, 96.99999975509854, 97.99999975257379, 98.99999975004903, 99.99999974752427, 100.99999974499951, 101.99999974247476, 102.99999973995, 103.99999973742524, 104.99999973490048, 105.99999973237573, 106.99999972985097, 107.99999972732621, 108.99999972480146, 109.9999997222767, 110.99999971975194, 111.99999971722718, 112.99999971470243, 113.99999971217767, 114.99999970965291, 115.99999970712815, 116.9999997046034, 117.99999970207864, 118.99999969955388], "Index": [1.0, 2.0, 3.0, 4.0, 5.0, 6.0, 7.0, 8.0, 9.0, 10.0, 11.0, 12.0, 13.0, 14.0, 15.0, 16.0, 17.0, 18.0, 19.0, 20.0, 21.0, 22.0, 23.0, 24.0, 25.0, 26.0, 27.0, 28.0, 29.0, 30.0, 31.0, 32.0, 33.0, 34.0, 35.0, 36.0, 37.0, 38.0, 39.0, 40.0, 41.0, 42.0, 43.0, 44.0, 45.0, 46.0, 47.0, 48.0, 49.0, 50.0, 51.0, 52.0, 53.0, 54.0, 55.0, 56.0, 57.0, 58.0, 59.0, 60.0, 61.0, 62.0, 63.0, 64.0, 65.0, 66.0, 67.0, 68.0, 69.0, 70.0, 71.0, 72.0, 73.0, 74.0, 75.0, 76.0, 77.0, 78.0, 79.0, 80.0, 81.0, 82.0, 83.0, 84.0, 85.0, 86.0, 87.0, 88.0, 89.0, 90.0, 91.0, 92.0, 93.0, 94.0, 95.0, 96.0, 97.0, 98.0, 99.0, 100.0, 101.0, 102.0, 103.0, 104.0, 105.0, 106.0, 107.0, 108.0, 109.0, 110.0, 111.0, 112.0, 113.0, 114.0, 115.0, 116.0, 117.0, 118.0, 119.0, 120.0]}}