{"recordsignal": {"Time": [15370.712245192683, 15371.712245190158, 15372.712245187633, 15373.712245185108, 15374.712245182584, 15375.712245180059, 15376.712245177534, 15377.71224517501, 15378.712245172484, 15379.71224516996, 15380.712245167435, 15381.71224516491, 15382.712245162385, 15383.71224515986, 15384.712245157336, 15385.712245154811, 15386.712245152286, 15387.712245149762, 15388.712245147237, 15389.712245144712, 15390.712245142187, 15391.712245139663, 15392.712245137138, 15393.712245134613, 15394.712245132088, 15395.712245129564, 15396.712245127039, 15397.712245124514, 15398.71224512199, 15399.712245119465, 15400.71224511694, 15401.712245114415, 15402.71224511189, 15403.712245109366, 15404.71224510684, 15405.712245104316, 15406.712245101791, 15407.712245099267, 15408.712245096742, 15409.712245094217, 15410.712245091692, 15411.712245089167, 15412.712245086643, 15413.712245084118, 15414.712245081593, 15415.712245079068, 15416.712245076544, 15417.712245074019, 15418.712245071494, 15419.71224506897, 15420.712245066445, 15421.71224506392, 15422.712245061395, 15423.71224505887, 15424.712245056346, 15425.71224505382, 15426.712245051296, 15427.712245048771, 15428.712245046247, 15429.712245043722, 15430.712245041197, 15431.712245038672, 15432.712245036148, 15433.712245033623, 15434.712245031098, 15435.712245028573, 15436.712245026049, 15437.712245023524, 15438.712245020999, 15439.712245018474, 15440.71224501595, 15441.712245013425, 15442.7122450109, 15443.712245008375, 15444.71224500585, 15445.712245003326, 15446.712245000801, 15447.712244998276, 15448.712244995751, 15449.712244993227, 15450.712244990702, 15451.712244988177, 15452.712244985652, 15453.712244983128, 15454.712244980603, 15455.712244978078, 15456.712244975553, 15457.712244973029, 15458.712244970504, 15459.71224496798, 15460.712244965454, 15461.71224496293, 15462.712244960405, 15463.71224495788, 15464.712244955355, 15465.71224495283, 15466.712244950306, 15467.712244947781, 15468.712244945256, 15469.712244942732, 15470.712244940207, 15471.712244937682, 15472.712244935157, 15473.712244932633, 15474.712244930108, 15475.712244927583, 15476.712244925058, 15477.712244922534, 15478.712244920009, 15479.712244917484, 15480.71224491496, 15481.712244912434, 15482.71224490991, 15483.712244907385, 15484.71224490486, 15485.712244902335, 15486.71224489981, 15487.712244897286, 15488.712244894761, 15489.712244892236], "WE(1).Potential": [-0.42987060546875, -3.3428955078125, -3.70574951171875, -3.7359619140625, -3.67645263671875, -3.56201171875, -3.6163330078125, -3.49334716796875, -3.48968505859375, -3.42926025390625, -3.40545654296875, -3.40850830078125, -3.4429931640625, -3.33831787109375, -3.34228515625, -3.37005615234375, -3.32061767578125, -3.28887939453125, -3.28460693359375, -3.2781982421875, -3.291015625, -3.2977294921875, -3.24188232421875, -3.22906494140625, -3.26995849609375, -3.2574462890625, -3.20709228515625, -3.1884765625, -3.22540283203125, -3.16314697265625, -3.197021484375, -3.17779541015625, -3.1842041015625, -3.1866455078125, -3.140869140625, -3.17138671875, -3.18328857421875, -3.1707763671875, -3.153076171875, -3.2061767578125, -3.2391357421875, -3.1494140625, -3.2403564453125, -3.1878662109375, -3.16558837890625, -3.1842041015625, -3.19549560546875, -3.2476806640625, -3.18511962890625, -3.23883056640625, -3.2733154296875, -3.2696533203125, -3.223876953125, -3.1732177734375, -3.1842041015625, -3.280029296875, -3.204345703125, -3.23974609375, -3.2928466796875, -3.28582763671875, -3.240966796875, -3.2501220703125, -3.319091796875, -3.27239990234375, -3.26019287109375, -3.25347900390625, -3.245849609375, -3.29986572265625, -3.35540771484375, -3.26141357421875, -3.3135986328125, -3.35723876953125, -3.28857421875, -3.36883544921875, -3.2794189453125, -3.350830078125, -3.3660888671875, -3.39630126953125, -3.4063720703125, -3.3734130859375, -3.31756591796875, -3.31695556640625, -3.32916259765625, -3.3856201171875, -3.443603515625, -3.44940185546875, -3.421630859375, -3.40057373046875, -3.42193603515625, -3.49273681640625, -3.52752685546875, -3.50006103515625, -3.48541259765625, -3.50860595703125, -3.5565185546875, -3.54827880859375, -3.5552978515625, -3.51470947265625, -3.51470947265625, -3.56201171875, -3.543701171875, -3.5687255859375, -3.55743408203125, -3.5833740234375, -3.6279296875, -3.63739013671875, -3.62823486328125, -3.63037109375, -3.5992431640625, -3.5986328125, -3.62884521484375, -3.656005859375, -3.68316650390625, -3.72802734375, -3.69842529296875, -3.69293212890625, -3.74053955078125, -3.77532958984375, -3.78875732421875, -3.7060546875], "Corrected time": [0.0, 0.9999999974752427, 1.9999999949504854, 2.999999992425728, 3.999999989900971, 4.9999999873762135, 5.999999984851456, 6.999999982326699, 7.999999979801942, 8.999999977277184, 9.999999974752427, 10.99999997222767, 11.999999969702912, 12.999999967178155, 13.999999964653398, 14.99999996212864, 15.999999959603883, 16.999999957079126, 17.99999995455437, 18.99999995202961, 19.999999949504854, 20.999999946980097, 21.99999994445534, 22.999999941930582, 23.999999939405825, 24.999999936881068, 25.99999993435631, 26.999999931831553, 27.999999929306796, 28.99999992678204, 29.99999992425728, 30.999999921732524, 31.999999919207767, 32.99999991668301, 33.99999991415825, 34.999999911633495, 35.99999990910874, 36.99999990658398, 37.99999990405922, 38.999999901534466, 39.99999989900971, 40.99999989648495, 41.999999893960194, 42.999999891435436, 43.99999988891068, 44.99999988638592, 45.999999883861165, 46.99999988133641, 47.99999987881165, 48.99999987628689, 49.999999873762135, 50.99999987123738, 51.99999986871262, 52.99999986618786, 53.999999863663106, 54.99999986113835, 55.99999985861359, 56.999999856088834, 57.99999985356408, 58.99999985103932, 59.99999984851456, 60.999999845989805, 61.99999984346505, 62.99999984094029, 63.99999983841553, 64.99999983589078, 65.99999983336602, 66.99999983084126, 67.9999998283165, 68.99999982579175, 69.99999982326699, 70.99999982074223, 71.99999981821747, 72.99999981569272, 73.99999981316796, 74.9999998106432, 75.99999980811845, 76.99999980559369, 77.99999980306893, 78.99999980054417, 79.99999979801942, 80.99999979549466, 81.9999997929699, 82.99999979044514, 83.99999978792039, 84.99999978539563, 85.99999978287087, 86.99999978034612, 87.99999977782136, 88.9999997752966, 89.99999977277184, 90.99999977024709, 91.99999976772233, 92.99999976519757, 93.99999976267281, 94.99999976014806, 95.9999997576233, 96.99999975509854, 97.99999975257379, 98.99999975004903, 99.99999974752427, 100.99999974499951, 101.99999974247476, 102.99999973995, 103.99999973742524, 104.99999973490048, 105.99999973237573, 106.99999972985097, 107.99999972732621, 108.99999972480146, 109.9999997222767, 110.99999971975194, 111.99999971722718, 112.99999971470243, 113.99999971217767, 114.99999970965291, 115.99999970712815, 116.9999997046034, 117.99999970207864, 118.99999969955388], "Index": [1.0, 2.0, 3.0, 4.0, 5.0, 6.0, 7.0, 8.0, 9.0, 10.0, 11.0, 12.0, 13.0, 14.0, 15.0, 16.0, 17.0, 18.0, 19.0, 20.0, 21.0, 22.0, 23.0, 24.0, 25.0, 26.0, 27.0, 28.0, 29.0, 30.0, 31.0, 32.0, 33.0, 34.0, 35.0, 36.0, 37.0, 38.0, 39.0, 40.0, 41.0, 42.0, 43.0, 44.0, 45.0, 46.0, 47.0, 48.0, 49.0, 50.0, 51.0, 52.0, 53.0, 54.0, 55.0, 56.0, 57.0, 58.0, 59.0, 60.0, 61.0, 62.0, 63.0, 64.0, 65.0, 66.0, 67.0, 68.0, 69.0, 70.0, 71.0, 72.0, 73.0, 74.0, 75.0, 76.0, 77.0, 78.0, 79.0, 80.0, 81.0, 82.0, 83.0, 84.0, 85.0, 86.0, 87.0, 88.0, 89.0, 90.0, 91.0, 92.0, 93.0, 94.0, 95.0, 96.0, 97.0, 98.0, 99.0, 100.0, 101.0, 102.0, 103.0, 104.0, 105.0, 106.0, 107.0, 108.0, 109.0, 110.0, 111.0, 112.0, 113.0, 114.0, 115.0, 116.0, 117.0, 118.0, 119.0, 120.0]}}