{"recordsignal": {"Time": [1507.2827371944768, 1508.282737191952, 1509.2827371894273, 1510.2827371869025, 1511.2827371843778, 1512.282737181853, 1513.2827371793283, 1514.2827371768035, 1515.2827371742787, 1516.282737171754, 1517.2827371692292, 1518.2827371667045, 1519.2827371641797, 1520.282737161655, 1521.2827371591302, 1522.2827371566054, 1523.2827371540807, 1524.282737151556, 1525.2827371490312, 1526.2827371465064, 1527.2827371439816, 1528.282737141457, 1529.2827371389321, 1530.2827371364074, 1531.2827371338826, 1532.2827371313579, 1533.282737128833, 1534.2827371263083, 1535.2827371237836, 1536.2827371212588, 1537.282737118734, 1538.2827371162093, 1539.2827371136846, 1540.2827371111598, 1541.282737108635, 1542.2827371061103, 1543.2827371035855, 1544.2827371010608, 1545.282737098536, 1546.2827370960113, 1547.2827370934865, 1548.2827370909617, 1549.282737088437, 1550.2827370859122, 1551.2827370833875, 1552.2827370808627, 1553.282737078338, 1554.2827370758132, 1555.2827370732884, 1556.2827370707637, 1557.282737068239, 1558.2827370657142, 1559.2827370631894, 1560.2827370606647, 1561.28273705814, 1562.2827370556151, 1563.2827370530904, 1564.2827370505656, 1565.2827370480409, 1566.2827370455161, 1567.2827370429914, 1568.2827370404666, 1569.2827370379418, 1570.282737035417, 1571.2827370328923, 1572.2827370303676, 1573.2827370278428, 1574.282737025318, 1575.2827370227933, 1576.2827370202685, 1577.2827370177438, 1578.282737015219, 1579.2827370126943, 1580.2827370101695, 1581.2827370076448, 1582.28273700512, 1583.2827370025952, 1584.2827370000705, 1585.2827369975457, 1586.282736995021, 1587.2827369924962, 1588.2827369899715, 1589.2827369874467, 1590.282736984922, 1591.2827369823972, 1592.2827369798724, 1593.2827369773477, 1594.282736974823, 1595.2827369722982, 1596.2827369697734, 1597.2827369672486, 1598.2827369647239, 1599.2827369621991, 1600.2827369596744, 1601.2827369571496, 1602.2827369546249, 1603.2827369521, 1604.2827369495753, 1605.2827369470506, 1606.2827369445258, 1607.282736942001, 1608.2827369394763, 1609.2827369369516, 1610.2827369344268, 1611.282736931902, 1612.2827369293773, 1613.2827369268525, 1614.2827369243278, 1615.282736921803, 1616.2827369192782, 1617.2827369167535, 1618.2827369142287, 1619.282736911704, 1620.2827369091792, 1621.2827369066545, 1622.2827369041297, 1623.282736901605, 1624.2827368990802, 1625.2827368965554, 1626.2827368940307], "WE(1).Potential": [-1.44134521484375, 1.29119873046875, 1.456298828125, 1.52587890625, 1.55609130859375, 1.4813232421875, 1.56890869140625, 1.514892578125, 1.52740478515625, 1.512451171875, 1.5667724609375, 1.50634765625, 1.5606689453125, 1.50665283203125, 1.5625, 1.568603515625, 1.514892578125, 1.51702880859375, 1.56768798828125, 1.52374267578125, 1.49993896484375, 1.54571533203125, 1.534423828125, 1.53564453125, 1.56829833984375, 1.5313720703125, 1.49139404296875, 1.54052734375, 1.52008056640625, 1.5814208984375, 1.55914306640625, 1.5228271484375, 1.55029296875, 1.5185546875, 1.55120849609375, 1.57470703125, 1.53533935546875, 1.52130126953125, 1.58966064453125, 1.5234375, 1.605224609375, 1.522216796875, 1.60369873046875, 1.60858154296875, 1.58050537109375, 1.551513671875, 1.5423583984375, 1.546630859375, 1.5655517578125, 1.59149169921875, 1.571044921875, 1.58966064453125, 1.5924072265625, 1.55853271484375, 1.5576171875, 1.5576171875, 1.57257080078125, 1.60400390625, 1.61407470703125, 1.64520263671875, 1.55517578125, 1.59210205078125, 1.63543701171875, 1.551513671875, 1.61895751953125, 1.6278076171875, 1.563720703125, 1.55364990234375, 1.63604736328125, 1.55609130859375, 1.62750244140625, 1.5631103515625, 1.60552978515625, 1.6339111328125, 1.558837890625, 1.64337158203125, 1.56982421875, 1.6259765625, 1.630859375, 1.58599853515625, 1.6461181640625, 1.56494140625, 1.5899658203125, 1.61895751953125, 1.5667724609375, 1.61285400390625, 1.651611328125, 1.60186767578125, 1.59210205078125, 1.6162109375, 1.6070556640625, 1.627197265625, 1.56036376953125, 1.58447265625, 1.56646728515625, 1.63330078125, 1.59637451171875, 1.56829833984375, 1.64093017578125, 1.63909912109375, 1.63604736328125, 1.641845703125, 1.6082763671875, 1.55181884765625, 1.627197265625, 1.6363525390625, 1.60491943359375, 1.59393310546875, 1.61651611328125, 1.6265869140625, 1.56097412109375, 1.5625, 1.617431640625, 1.6119384765625, 1.5399169921875, 1.6265869140625, 1.5362548828125, 1.6180419921875, 1.5753173828125, 1.536865234375], "Corrected time": [0.0, 0.9999999974752427, 1.9999999949504854, 2.999999992425728, 3.999999989900971, 4.9999999873762135, 5.999999984851456, 6.999999982326699, 7.999999979801942, 8.999999977277184, 9.999999974752427, 10.99999997222767, 11.999999969702912, 12.999999967178155, 13.999999964653398, 14.99999996212864, 15.999999959603883, 16.999999957079126, 17.99999995455437, 18.99999995202961, 19.999999949504854, 20.999999946980097, 21.99999994445534, 22.999999941930582, 23.999999939405825, 24.999999936881068, 25.99999993435631, 26.999999931831553, 27.999999929306796, 28.99999992678204, 29.99999992425728, 30.999999921732524, 31.999999919207767, 32.99999991668301, 33.99999991415825, 34.999999911633495, 35.99999990910874, 36.99999990658398, 37.99999990405922, 38.999999901534466, 39.99999989900971, 40.99999989648495, 41.999999893960194, 42.999999891435436, 43.99999988891068, 44.99999988638592, 45.999999883861165, 46.99999988133641, 47.99999987881165, 48.99999987628689, 49.999999873762135, 50.99999987123738, 51.99999986871262, 52.99999986618786, 53.999999863663106, 54.99999986113835, 55.99999985861359, 56.999999856088834, 57.99999985356408, 58.99999985103932, 59.99999984851456, 60.999999845989805, 61.99999984346505, 62.99999984094029, 63.99999983841553, 64.99999983589078, 65.99999983336602, 66.99999983084126, 67.9999998283165, 68.99999982579175, 69.99999982326699, 70.99999982074223, 71.99999981821747, 72.99999981569272, 73.99999981316796, 74.9999998106432, 75.99999980811845, 76.99999980559369, 77.99999980306893, 78.99999980054417, 79.99999979801942, 80.99999979549466, 81.9999997929699, 82.99999979044514, 83.99999978792039, 84.99999978539563, 85.99999978287087, 86.99999978034612, 87.99999977782136, 88.9999997752966, 89.99999977277184, 90.99999977024709, 91.99999976772233, 92.99999976519757, 93.99999976267281, 94.99999976014806, 95.9999997576233, 96.99999975509854, 97.99999975257379, 98.99999975004903, 99.99999974752427, 100.99999974499951, 101.99999974247476, 102.99999973995, 103.99999973742524, 104.99999973490048, 105.99999973237573, 106.99999972985097, 107.99999972732621, 108.99999972480146, 109.9999997222767, 110.99999971975194, 111.99999971722718, 112.99999971470243, 113.99999971217767, 114.99999970965291, 115.99999970712815, 116.9999997046034, 117.99999970207864, 118.99999969955388], "Index": [1.0, 2.0, 3.0, 4.0, 5.0, 6.0, 7.0, 8.0, 9.0, 10.0, 11.0, 12.0, 13.0, 14.0, 15.0, 16.0, 17.0, 18.0, 19.0, 20.0, 21.0, 22.0, 23.0, 24.0, 25.0, 26.0, 27.0, 28.0, 29.0, 30.0, 31.0, 32.0, 33.0, 34.0, 35.0, 36.0, 37.0, 38.0, 39.0, 40.0, 41.0, 42.0, 43.0, 44.0, 45.0, 46.0, 47.0, 48.0, 49.0, 50.0, 51.0, 52.0, 53.0, 54.0, 55.0, 56.0, 57.0, 58.0, 59.0, 60.0, 61.0, 62.0, 63.0, 64.0, 65.0, 66.0, 67.0, 68.0, 69.0, 70.0, 71.0, 72.0, 73.0, 74.0, 75.0, 76.0, 77.0, 78.0, 79.0, 80.0, 81.0, 82.0, 83.0, 84.0, 85.0, 86.0, 87.0, 88.0, 89.0, 90.0, 91.0, 92.0, 93.0, 94.0, 95.0, 96.0, 97.0, 98.0, 99.0, 100.0, 101.0, 102.0, 103.0, 104.0, 105.0, 106.0, 107.0, 108.0, 109.0, 110.0, 111.0, 112.0, 113.0, 114.0, 115.0, 116.0, 117.0, 118.0, 119.0, 120.0]}}