{"recordsignal": {"Time": [14231.736094068321, 14232.736094065796, 14233.736094063272, 14234.736094060747, 14235.736094058222, 14236.736094055697, 14237.736094053173, 14238.736094050648, 14239.736094048123, 14240.736094045598, 14241.736094043074, 14242.736094040549, 14243.736094038024, 14244.7360940355, 14245.736094032975, 14246.73609403045, 14247.736094027925, 14248.7360940254, 14249.736094022875, 14250.73609402035, 14251.736094017826, 14252.736094015301, 14253.736094012776, 14254.736094010252, 14255.736094007727, 14256.736094005202, 14257.736094002677, 14258.736094000153, 14259.736093997628, 14260.736093995103, 14261.736093992578, 14262.736093990054, 14263.736093987529, 14264.736093985004, 14265.73609398248, 14266.736093979955, 14267.73609397743, 14268.736093974905, 14269.73609397238, 14270.736093969856, 14271.73609396733, 14272.736093964806, 14273.736093962281, 14274.736093959757, 14275.736093957232, 14276.736093954707, 14277.736093952182, 14278.736093949658, 14279.736093947133, 14280.736093944608, 14281.736093942083, 14282.736093939558, 14283.736093937034, 14284.736093934509, 14285.736093931984, 14286.73609392946, 14287.736093926935, 14288.73609392441, 14289.736093921885, 14290.73609391936, 14291.736093916836, 14292.736093914311, 14293.736093911786, 14294.736093909261, 14295.736093906737, 14296.736093904212, 14297.736093901687, 14298.736093899162, 14299.736093896638, 14300.736093894113, 14301.736093891588, 14302.736093889063, 14303.736093886539, 14304.736093884014, 14305.736093881489, 14306.736093878964, 14307.73609387644, 14308.736093873915, 14309.73609387139, 14310.736093868865, 14311.73609386634, 14312.736093863816, 14313.736093861291, 14314.736093858766, 14315.736093856241, 14316.736093853717, 14317.736093851192, 14318.736093848667, 14319.736093846142, 14320.736093843618, 14321.736093841093, 14322.736093838568, 14323.736093836043, 14324.736093833519, 14325.736093830994, 14326.73609382847, 14327.736093825944, 14328.73609382342, 14329.736093820895, 14330.73609381837, 14331.736093815845, 14332.73609381332, 14333.736093810796, 14334.736093808271, 14335.736093805746, 14336.736093803222, 14337.736093800697, 14338.736093798172, 14339.736093795647, 14340.736093793123, 14341.736093790598, 14342.736093788073, 14343.736093785548, 14344.736093783024, 14345.736093780499, 14346.736093777974, 14347.73609377545, 14348.736093772925, 14349.7360937704, 14350.736093767875], "WE(1).Potential": [1.72393798828125, 1.74041748046875, 1.7816162109375, 1.8255615234375, 1.78863525390625, 1.83013916015625, 1.8719482421875, 1.83837890625, 1.94061279296875, 1.87042236328125, 1.961669921875, 1.96990966796875, 1.94091796875, 1.98944091796875, 1.94183349609375, 2.02667236328125, 1.9488525390625, 2.0147705078125, 2.0458984375, 2.01446533203125, 1.96258544921875, 2.00408935546875, 2.04437255859375, 1.97174072265625, 1.99981689453125, 1.97601318359375, 1.91619873046875, 1.988525390625, 1.89697265625, 1.956787109375, 1.9085693359375, 1.83197021484375, 1.81976318359375, 1.84417724609375, 1.81365966796875, 1.85546875, 1.8475341796875, 1.79107666015625, 1.77642822265625, 1.7822265625, 1.82891845703125, 1.83563232421875, 1.8603515625, 1.87225341796875, 1.85272216796875, 1.8377685546875, 1.8829345703125, 1.88812255859375, 1.8707275390625, 1.97174072265625, 1.90093994140625, 2.00469970703125, 1.98028564453125, 1.99951171875, 2.0672607421875, 2.06756591796875, 2.04498291015625, 2.008056640625, 2.08526611328125, 2.105712890625, 2.09716796875, 2.066650390625, 2.04620361328125, 2.04254150390625, 2.01904296875, 1.96746826171875, 1.92474365234375, 1.95343017578125, 1.9610595703125, 1.884765625, 1.92169189453125, 1.85516357421875, 1.873779296875, 1.8524169921875, 1.89605712890625, 1.888427734375, 1.85943603515625, 1.78863525390625, 1.87286376953125, 1.79107666015625, 1.88751220703125, 1.80511474609375, 1.90948486328125, 1.84844970703125, 1.8463134765625, 1.94580078125, 1.9183349609375, 1.90521240234375, 1.9921875, 1.9317626953125, 2.025146484375, 1.97509765625, 2.05780029296875, 1.98089599609375, 2.05596923828125, 2.032470703125, 2.0953369140625, 2.0733642578125, 2.0269775390625, 2.0361328125, 2.06573486328125, 2.11181640625, 2.04010009765625, 2.07855224609375, 2.10845947265625, 2.125244140625, 2.1026611328125, 2.12677001953125, 2.10113525390625, 2.0452880859375, 2.07366943359375, 2.1343994140625, 2.12677001953125, 2.095947265625, 2.04925537109375, 2.13134765625, 2.13134765625, 2.1026611328125, 2.1087646484375, 2.12890625], "Corrected time": [0.0, 0.9999999974752427, 1.9999999949504854, 2.999999992425728, 3.999999989900971, 4.9999999873762135, 5.999999984851456, 6.999999982326699, 7.999999979801942, 8.999999977277184, 9.999999974752427, 10.99999997222767, 11.999999969702912, 12.999999967178155, 13.999999964653398, 14.99999996212864, 15.999999959603883, 16.999999957079126, 17.99999995455437, 18.99999995202961, 19.999999949504854, 20.999999946980097, 21.99999994445534, 22.999999941930582, 23.999999939405825, 24.999999936881068, 25.99999993435631, 26.999999931831553, 27.999999929306796, 28.99999992678204, 29.99999992425728, 30.999999921732524, 31.999999919207767, 32.99999991668301, 33.99999991415825, 34.999999911633495, 35.99999990910874, 36.99999990658398, 37.99999990405922, 38.999999901534466, 39.99999989900971, 40.99999989648495, 41.999999893960194, 42.999999891435436, 43.99999988891068, 44.99999988638592, 45.999999883861165, 46.99999988133641, 47.99999987881165, 48.99999987628689, 49.999999873762135, 50.99999987123738, 51.99999986871262, 52.99999986618786, 53.999999863663106, 54.99999986113835, 55.99999985861359, 56.999999856088834, 57.99999985356408, 58.99999985103932, 59.99999984851456, 60.999999845989805, 61.99999984346505, 62.99999984094029, 63.99999983841553, 64.99999983589078, 65.99999983336602, 66.99999983084126, 67.9999998283165, 68.99999982579175, 69.99999982326699, 70.99999982074223, 71.99999981821747, 72.99999981569272, 73.99999981316796, 74.9999998106432, 75.99999980811845, 76.99999980559369, 77.99999980306893, 78.99999980054417, 79.99999979801942, 80.99999979549466, 81.9999997929699, 82.99999979044514, 83.99999978792039, 84.99999978539563, 85.99999978287087, 86.99999978034612, 87.99999977782136, 88.9999997752966, 89.99999977277184, 90.99999977024709, 91.99999976772233, 92.99999976519757, 93.99999976267281, 94.99999976014806, 95.9999997576233, 96.99999975509854, 97.99999975257379, 98.99999975004903, 99.99999974752427, 100.99999974499951, 101.99999974247476, 102.99999973995, 103.99999973742524, 104.99999973490048, 105.99999973237573, 106.99999972985097, 107.99999972732621, 108.99999972480146, 109.9999997222767, 110.99999971975194, 111.99999971722718, 112.99999971470243, 113.99999971217767, 114.99999970965291, 115.99999970712815, 116.9999997046034, 117.99999970207864, 118.99999969955388], "Index": [1.0, 2.0, 3.0, 4.0, 5.0, 6.0, 7.0, 8.0, 9.0, 10.0, 11.0, 12.0, 13.0, 14.0, 15.0, 16.0, 17.0, 18.0, 19.0, 20.0, 21.0, 22.0, 23.0, 24.0, 25.0, 26.0, 27.0, 28.0, 29.0, 30.0, 31.0, 32.0, 33.0, 34.0, 35.0, 36.0, 37.0, 38.0, 39.0, 40.0, 41.0, 42.0, 43.0, 44.0, 45.0, 46.0, 47.0, 48.0, 49.0, 50.0, 51.0, 52.0, 53.0, 54.0, 55.0, 56.0, 57.0, 58.0, 59.0, 60.0, 61.0, 62.0, 63.0, 64.0, 65.0, 66.0, 67.0, 68.0, 69.0, 70.0, 71.0, 72.0, 73.0, 74.0, 75.0, 76.0, 77.0, 78.0, 79.0, 80.0, 81.0, 82.0, 83.0, 84.0, 85.0, 86.0, 87.0, 88.0, 89.0, 90.0, 91.0, 92.0, 93.0, 94.0, 95.0, 96.0, 97.0, 98.0, 99.0, 100.0, 101.0, 102.0, 103.0, 104.0, 105.0, 106.0, 107.0, 108.0, 109.0, 110.0, 111.0, 112.0, 113.0, 114.0, 115.0, 116.0, 117.0, 118.0, 119.0, 120.0]}}