{"recordsignal": {"Time": [15830.118376032793, 15831.118376030268, 15832.118376027744, 15833.118376025219, 15834.118376022694, 15835.11837602017, 15836.118376017645, 15837.11837601512, 15838.118376012595, 15839.11837601007, 15840.118376007546, 15841.11837600502, 15842.118376002496, 15843.118375999971, 15844.118375997446, 15845.118375994922, 15846.118375992397, 15847.118375989872, 15848.118375987347, 15849.118375984823, 15850.118375982298, 15851.118375979773, 15852.118375977248, 15853.118375974724, 15854.118375972199, 15855.118375969674, 15856.11837596715, 15857.118375964625, 15858.1183759621, 15859.118375959575, 15860.11837595705, 15861.118375954526, 15862.118375952, 15863.118375949476, 15864.118375946951, 15865.118375944427, 15866.118375941902, 15867.118375939377, 15868.118375936852, 15869.118375934328, 15870.118375931803, 15871.118375929278, 15872.118375926753, 15873.118375924229, 15874.118375921704, 15875.118375919179, 15876.118375916654, 15877.11837591413, 15878.118375911605, 15879.11837590908, 15880.118375906555, 15881.11837590403, 15882.118375901506, 15883.118375898981, 15884.118375896456, 15885.118375893931, 15886.118375891407, 15887.118375888882, 15888.118375886357, 15889.118375883832, 15890.118375881308, 15891.118375878783, 15892.118375876258, 15893.118375873733, 15894.118375871209, 15895.118375868684, 15896.11837586616, 15897.118375863634, 15898.11837586111, 15899.118375858585, 15900.11837585606, 15901.118375853535, 15902.11837585101, 15903.118375848486, 15904.118375845961, 15905.118375843436, 15906.118375840912, 15907.118375838387, 15908.118375835862, 15909.118375833337, 15910.118375830813, 15911.118375828288, 15912.118375825763, 15913.118375823238, 15914.118375820713, 15915.118375818189, 15916.118375815664, 15917.11837581314, 15918.118375810614, 15919.11837580809, 15920.118375805565, 15921.11837580304, 15922.118375800515, 15923.11837579799, 15924.118375795466, 15925.118375792941, 15926.118375790416, 15927.118375787892, 15928.118375785367, 15929.118375782842, 15930.118375780317, 15931.118375777793, 15932.118375775268, 15933.118375772743, 15934.118375770218, 15935.118375767694, 15936.118375765169, 15937.118375762644, 15938.11837576012, 15939.118375757595, 15940.11837575507, 15941.118375752545, 15942.11837575002, 15943.118375747496, 15944.11837574497, 15945.118375742446, 15946.118375739921, 15947.118375737396, 15948.118375734872, 15949.118375732347], "WE(1).Potential": [-0.0216064453125, -0.0992218017578125, -0.0999969482421875, -0.09034423828125002, -0.0340576171875, -0.057281494140625, -0.05743408203125, -0.05865478515625, -0.050628662109375, -0.068023681640625, -0.09588623046875, -0.09489135742187502, -0.03619384765625, -0.114776611328125, -0.0999969482421875, -0.0999969482421875, -0.0999969482421875, -0.1171875, -0.116851806640625, -0.0999969482421875, -0.0999969482421875, -0.0965423583984375, -0.04168701171875, -0.06646728515625, -0.0677490234375, -0.048980712890625, -0.041168212890625, -0.0411376953125, -0.054595947265625, -0.09112548828125, -0.122467041015625, -0.117401123046875, -0.0697021484375, -0.0810546875, -0.122772216796875, -0.124603271484375, -0.0999969482421875, -0.121246337890625, -0.12115478515625, -0.0999969482421875, -0.05816650390625, -0.06707763671875, -0.109619140625, -0.0999969482421875, -0.0999969482421875, -0.04644775390625, -0.126373291015625, -0.0999969482421875, -0.0999969482421875, -0.0528564453125, -0.060638427734375, -0.040679931640625, -0.047637939453125, -0.0999969482421875, -0.12933349609375, -0.05670166015625, -0.05157470703125, -0.07647705078125, -0.118408203125, -0.124725341796875, -0.058837890625, -0.073394775390625, -0.12982177734375, -0.05181884765625, -0.06365966796875, -0.130706787109375, -0.05059814453125, -0.130584716796875, -0.0509033203125, -0.054290771484375, -0.0999969482421875, -0.0499267578125, -0.093475341796875, -0.072967529296875, -0.093414306640625, -0.11920166015625, -0.12969970703125, -0.0999969482421875, -0.12579345703125, -0.0980224609375, -0.050140380859375, -0.05938720703125, -0.0999969482421875, -0.122100830078125, -0.095062255859375, -0.0491943359375, -0.08984375, -0.094757080078125, -0.0472412109375, -0.133087158203125, -0.047119140625, -0.102386474609375, -0.0999969482421875, -0.0711669921875, -0.117279052734375, -0.0999969482421875, -0.046234130859375, -0.13153076171875, -0.055206298828125, -0.08660888671875, -0.102203369140625, -0.077850341796875, -0.12109375, -0.057403564453125, -0.103729248046875, -0.126373291015625, -0.1300048828125, -0.105560302734375, -0.0548095703125, -0.114105224609375, -0.0921630859375, -0.104339599609375, -0.12103271484375, -0.06787109375, -0.098663330078125, -0.08563232421875, -0.087188720703125, -0.096466064453125, -0.085296630859375, -0.128753662109375], "Corrected time": [0.0, 0.9999999974752427, 1.9999999949504854, 2.999999992425728, 3.999999989900971, 4.9999999873762135, 5.999999984851456, 6.999999982326699, 7.999999979801942, 8.999999977277184, 9.999999974752427, 10.99999997222767, 11.999999969702912, 12.999999967178155, 13.999999964653398, 14.99999996212864, 15.999999959603883, 16.999999957079126, 17.99999995455437, 18.99999995202961, 19.999999949504854, 20.999999946980097, 21.99999994445534, 22.999999941930582, 23.999999939405825, 24.999999936881068, 25.99999993435631, 26.999999931831553, 27.999999929306796, 28.99999992678204, 29.99999992425728, 30.999999921732524, 31.999999919207767, 32.99999991668301, 33.99999991415825, 34.999999911633495, 35.99999990910874, 36.99999990658398, 37.99999990405922, 38.999999901534466, 39.99999989900971, 40.99999989648495, 41.999999893960194, 42.999999891435436, 43.99999988891068, 44.99999988638592, 45.999999883861165, 46.99999988133641, 47.99999987881165, 48.99999987628689, 49.999999873762135, 50.99999987123738, 51.99999986871262, 52.99999986618786, 53.999999863663106, 54.99999986113835, 55.99999985861359, 56.999999856088834, 57.99999985356408, 58.99999985103932, 59.99999984851456, 60.999999845989805, 61.99999984346505, 62.99999984094029, 63.99999983841553, 64.99999983589078, 65.99999983336602, 66.99999983084126, 67.9999998283165, 68.99999982579175, 69.99999982326699, 70.99999982074223, 71.99999981821747, 72.99999981569272, 73.99999981316796, 74.9999998106432, 75.99999980811845, 76.99999980559369, 77.99999980306893, 78.99999980054417, 79.99999979801942, 80.99999979549466, 81.9999997929699, 82.99999979044514, 83.99999978792039, 84.99999978539563, 85.99999978287087, 86.99999978034612, 87.99999977782136, 88.9999997752966, 89.99999977277184, 90.99999977024709, 91.99999976772233, 92.99999976519757, 93.99999976267281, 94.99999976014806, 95.9999997576233, 96.99999975509854, 97.99999975257379, 98.99999975004903, 99.99999974752427, 100.99999974499951, 101.99999974247476, 102.99999973995, 103.99999973742524, 104.99999973490048, 105.99999973237573, 106.99999972985097, 107.99999972732621, 108.99999972480146, 109.9999997222767, 110.99999971975194, 111.99999971722718, 112.99999971470243, 113.99999971217767, 114.99999970965291, 115.99999970712815, 116.9999997046034, 117.99999970207864, 118.99999969955388], "Index": [1.0, 2.0, 3.0, 4.0, 5.0, 6.0, 7.0, 8.0, 9.0, 10.0, 11.0, 12.0, 13.0, 14.0, 15.0, 16.0, 17.0, 18.0, 19.0, 20.0, 21.0, 22.0, 23.0, 24.0, 25.0, 26.0, 27.0, 28.0, 29.0, 30.0, 31.0, 32.0, 33.0, 34.0, 35.0, 36.0, 37.0, 38.0, 39.0, 40.0, 41.0, 42.0, 43.0, 44.0, 45.0, 46.0, 47.0, 48.0, 49.0, 50.0, 51.0, 52.0, 53.0, 54.0, 55.0, 56.0, 57.0, 58.0, 59.0, 60.0, 61.0, 62.0, 63.0, 64.0, 65.0, 66.0, 67.0, 68.0, 69.0, 70.0, 71.0, 72.0, 73.0, 74.0, 75.0, 76.0, 77.0, 78.0, 79.0, 80.0, 81.0, 82.0, 83.0, 84.0, 85.0, 86.0, 87.0, 88.0, 89.0, 90.0, 91.0, 92.0, 93.0, 94.0, 95.0, 96.0, 97.0, 98.0, 99.0, 100.0, 101.0, 102.0, 103.0, 104.0, 105.0, 106.0, 107.0, 108.0, 109.0, 110.0, 111.0, 112.0, 113.0, 114.0, 115.0, 116.0, 117.0, 118.0, 119.0, 120.0]}}