{"recordsignal": {"Time": [13779.217091210821, 13780.217091208297, 13781.217091205772, 13782.217091203247, 13783.217091200722, 13784.217091198198, 13785.217091195673, 13786.217091193148, 13787.217091190623, 13788.217091188098, 13789.217091185574, 13790.217091183049, 13791.217091180524, 13792.217091178, 13793.217091175475, 13794.21709117295, 13795.217091170425, 13796.2170911679, 13797.217091165376, 13798.217091162851, 13799.217091160326, 13800.217091157801, 13801.217091155277, 13802.217091152752, 13803.217091150227, 13804.217091147702, 13805.217091145178, 13806.217091142653, 13807.217091140128, 13808.217091137603, 13809.217091135079, 13810.217091132554, 13811.217091130029, 13812.217091127504, 13813.21709112498, 13814.217091122455, 13815.21709111993, 13816.217091117405, 13817.21709111488, 13818.217091112356, 13819.217091109831, 13820.217091107306, 13821.217091104782, 13822.217091102257, 13823.217091099732, 13824.217091097207, 13825.217091094682, 13826.217091092158, 13827.217091089633, 13828.217091087108, 13829.217091084583, 13830.217091082059, 13831.217091079534, 13832.21709107701, 13833.217091074484, 13834.21709107196, 13835.217091069435, 13836.21709106691, 13837.217091064385, 13838.21709106186, 13839.217091059336, 13840.217091056811, 13841.217091054286, 13842.217091051762, 13843.217091049237, 13844.217091046712, 13845.217091044187, 13846.217091041663, 13847.217091039138, 13848.217091036613, 13849.217091034088, 13850.217091031564, 13851.217091029039, 13852.217091026514, 13853.21709102399, 13854.217091021465, 13855.21709101894, 13856.217091016415, 13857.21709101389, 13858.217091011365, 13859.21709100884, 13860.217091006316, 13861.217091003791, 13862.217091001266, 13863.217090998742, 13864.217090996217, 13865.217090993692, 13866.217090991167, 13867.217090988643, 13868.217090986118, 13869.217090983593, 13870.217090981068, 13871.217090978544, 13872.217090976019, 13873.217090973494, 13874.21709097097, 13875.217090968445, 13876.21709096592, 13877.217090963395, 13878.21709096087, 13879.217090958346, 13880.21709095582, 13881.217090953296, 13882.217090950771, 13883.217090948247, 13884.217090945722, 13885.217090943197, 13886.217090940672, 13887.217090938148, 13888.217090935623, 13889.217090933098, 13890.217090930573, 13891.217090928048, 13892.217090925524, 13893.217090922999, 13894.217090920474, 13895.21709091795, 13896.217090915425, 13897.2170909129, 13898.217090910375], "WE(1).Potential": [1.62689208984375, 1.63665771484375, 1.6473388671875, 1.65740966796875, 1.624755859375, 1.5899658203125, 1.65130615234375, 1.6656494140625, 1.62078857421875, 1.66748046875, 1.6937255859375, 1.724853515625, 1.74713134765625, 1.74285888671875, 1.73553466796875, 1.6937255859375, 1.76300048828125, 1.76666259765625, 1.739501953125, 1.7877197265625, 1.81793212890625, 1.8023681640625, 1.81915283203125, 1.7950439453125, 1.75537109375, 1.8206787109375, 1.8316650390625, 1.7626953125, 1.7388916015625, 1.78070068359375, 1.80084228515625, 1.79962158203125, 1.78192138671875, 1.78955078125, 1.77947998046875, 1.72607421875, 1.732177734375, 1.749267578125, 1.7572021484375, 1.7388916015625, 1.6864013671875, 1.71600341796875, 1.6961669921875, 1.72027587890625, 1.7803955078125, 1.78253173828125, 1.7791748046875, 1.77947998046875, 1.78314208984375, 1.75689697265625, 1.7254638671875, 1.70135498046875, 1.7572021484375, 1.77001953125, 1.73248291015625, 1.727294921875, 1.75567626953125, 1.77734375, 1.7919921875, 1.75018310546875, 1.739501953125, 1.78558349609375, 1.71600341796875, 1.7132568359375, 1.722412109375, 1.6876220703125, 1.73065185546875, 1.73675537109375, 1.73583984375, 1.69952392578125, 1.654052734375, 1.6302490234375, 1.651611328125, 1.62506103515625, 1.6168212890625, 1.70257568359375, 1.636962890625, 1.69647216796875, 1.634521484375, 1.72637939453125, 1.66748046875, 1.6949462890625, 1.67877197265625, 1.693115234375, 1.73126220703125, 1.70867919921875, 1.7291259765625, 1.778564453125, 1.7755126953125, 1.71844482421875, 1.76727294921875, 1.75994873046875, 1.7425537109375, 1.7919921875, 1.8115234375, 1.85089111328125, 1.83197021484375, 1.80572509765625, 1.820068359375, 1.8585205078125, 1.790771484375, 1.88385009765625, 1.87042236328125, 1.817626953125, 1.89361572265625, 1.90704345703125, 1.8572998046875, 1.8414306640625, 1.92474365234375, 1.89483642578125, 1.84783935546875, 1.91314697265625, 1.9415283203125, 1.87774658203125, 1.94549560546875, 1.93328857421875, 1.87774658203125, 1.922607421875, 1.8695068359375, 1.92535400390625], "Corrected time": [0.0, 0.9999999974752427, 1.9999999949504854, 2.999999992425728, 3.999999989900971, 4.9999999873762135, 5.999999984851456, 6.999999982326699, 7.999999979801942, 8.999999977277184, 9.999999974752427, 10.99999997222767, 11.999999969702912, 12.999999967178155, 13.999999964653398, 14.99999996212864, 15.999999959603883, 16.999999957079126, 17.99999995455437, 18.99999995202961, 19.999999949504854, 20.999999946980097, 21.99999994445534, 22.999999941930582, 23.999999939405825, 24.999999936881068, 25.99999993435631, 26.999999931831553, 27.999999929306796, 28.99999992678204, 29.99999992425728, 30.999999921732524, 31.999999919207767, 32.99999991668301, 33.99999991415825, 34.999999911633495, 35.99999990910874, 36.99999990658398, 37.99999990405922, 38.999999901534466, 39.99999989900971, 40.99999989648495, 41.999999893960194, 42.999999891435436, 43.99999988891068, 44.99999988638592, 45.999999883861165, 46.99999988133641, 47.99999987881165, 48.99999987628689, 49.999999873762135, 50.99999987123738, 51.99999986871262, 52.99999986618786, 53.999999863663106, 54.99999986113835, 55.99999985861359, 56.999999856088834, 57.99999985356408, 58.99999985103932, 59.99999984851456, 60.999999845989805, 61.99999984346505, 62.99999984094029, 63.99999983841553, 64.99999983589078, 65.99999983336602, 66.99999983084126, 67.9999998283165, 68.99999982579175, 69.99999982326699, 70.99999982074223, 71.99999981821747, 72.99999981569272, 73.99999981316796, 74.9999998106432, 75.99999980811845, 76.99999980559369, 77.99999980306893, 78.99999980054417, 79.99999979801942, 80.99999979549466, 81.9999997929699, 82.99999979044514, 83.99999978792039, 84.99999978539563, 85.99999978287087, 86.99999978034612, 87.99999977782136, 88.9999997752966, 89.99999977277184, 90.99999977024709, 91.99999976772233, 92.99999976519757, 93.99999976267281, 94.99999976014806, 95.9999997576233, 96.99999975509854, 97.99999975257379, 98.99999975004903, 99.99999974752427, 100.99999974499951, 101.99999974247476, 102.99999973995, 103.99999973742524, 104.99999973490048, 105.99999973237573, 106.99999972985097, 107.99999972732621, 108.99999972480146, 109.9999997222767, 110.99999971975194, 111.99999971722718, 112.99999971470243, 113.99999971217767, 114.99999970965291, 115.99999970712815, 116.9999997046034, 117.99999970207864, 118.99999969955388], "Index": [1.0, 2.0, 3.0, 4.0, 5.0, 6.0, 7.0, 8.0, 9.0, 10.0, 11.0, 12.0, 13.0, 14.0, 15.0, 16.0, 17.0, 18.0, 19.0, 20.0, 21.0, 22.0, 23.0, 24.0, 25.0, 26.0, 27.0, 28.0, 29.0, 30.0, 31.0, 32.0, 33.0, 34.0, 35.0, 36.0, 37.0, 38.0, 39.0, 40.0, 41.0, 42.0, 43.0, 44.0, 45.0, 46.0, 47.0, 48.0, 49.0, 50.0, 51.0, 52.0, 53.0, 54.0, 55.0, 56.0, 57.0, 58.0, 59.0, 60.0, 61.0, 62.0, 63.0, 64.0, 65.0, 66.0, 67.0, 68.0, 69.0, 70.0, 71.0, 72.0, 73.0, 74.0, 75.0, 76.0, 77.0, 78.0, 79.0, 80.0, 81.0, 82.0, 83.0, 84.0, 85.0, 86.0, 87.0, 88.0, 89.0, 90.0, 91.0, 92.0, 93.0, 94.0, 95.0, 96.0, 97.0, 98.0, 99.0, 100.0, 101.0, 102.0, 103.0, 104.0, 105.0, 106.0, 107.0, 108.0, 109.0, 110.0, 111.0, 112.0, 113.0, 114.0, 115.0, 116.0, 117.0, 118.0, 119.0, 120.0]}}