{"recordsignal": {"Time": [1734.5317566207282, 1735.5317566182034, 1736.5317566156787, 1737.531756613154, 1738.5317566106291, 1739.5317566081044, 1740.5317566055796, 1741.5317566030549, 1742.5317566005301, 1743.5317565980054, 1744.5317565954806, 1745.5317565929558, 1746.531756590431, 1747.5317565879063, 1748.5317565853816, 1749.5317565828568, 1750.531756580332, 1751.5317565778073, 1752.5317565752825, 1753.5317565727578, 1754.531756570233, 1755.5317565677083, 1756.5317565651835, 1757.5317565626588, 1758.531756560134, 1759.5317565576092, 1760.5317565550845, 1761.5317565525597, 1762.531756550035, 1763.5317565475102, 1764.5317565449855, 1765.5317565424607, 1766.531756539936, 1767.5317565374112, 1768.5317565348864, 1769.5317565323617, 1770.531756529837, 1771.5317565273122, 1772.5317565247874, 1773.5317565222626, 1774.5317565197379, 1775.5317565172131, 1776.5317565146884, 1777.5317565121636, 1778.5317565096389, 1779.531756507114, 1780.5317565045893, 1781.5317565020646, 1782.5317564995398, 1783.531756497015, 1784.5317564944903, 1785.5317564919656, 1786.5317564894408, 1787.531756486916, 1788.5317564843913, 1789.5317564818665, 1790.5317564793418, 1791.531756476817, 1792.5317564742923, 1793.5317564717675, 1794.5317564692427, 1795.531756466718, 1796.5317564641932, 1797.5317564616685, 1798.5317564591437, 1799.531756456619, 1800.5317564540942, 1801.5317564515694, 1802.5317564490447, 1803.53175644652, 1804.5317564439952, 1805.5317564414704, 1806.5317564389456, 1807.531756436421, 1808.5317564338961, 1809.5317564313714, 1810.5317564288466, 1811.5317564263219, 1812.531756423797, 1813.5317564212723, 1814.5317564187476, 1815.5317564162228, 1816.531756413698, 1817.5317564111733, 1818.5317564086486, 1819.5317564061238, 1820.531756403599, 1821.5317564010743, 1822.5317563985495, 1823.5317563960248, 1824.5317563935, 1825.5317563909753, 1826.5317563884505, 1827.5317563859257, 1828.531756383401, 1829.5317563808762, 1830.5317563783515, 1831.5317563758267, 1832.531756373302, 1833.5317563707772, 1834.5317563682524, 1835.5317563657277, 1836.531756363203, 1837.5317563606782, 1838.5317563581534, 1839.5317563556287, 1840.531756353104, 1841.5317563505791, 1842.5317563480544, 1843.5317563455296, 1844.5317563430049, 1845.5317563404801, 1846.5317563379554, 1847.5317563354306, 1848.5317563329058, 1849.531756330381, 1850.5317563278563, 1851.5317563253316, 1852.5317563228068, 1853.531756320282], "WE(1).Potential": [-1.513671875, 0.82275390625, 1.46697998046875, 1.42120361328125, 1.41387939453125, 1.47369384765625, 1.45050048828125, 1.466064453125, 1.5203857421875, 1.455078125, 1.5301513671875, 1.45111083984375, 1.46697998046875, 1.53839111328125, 1.4776611328125, 1.505126953125, 1.536865234375, 1.4801025390625, 1.49505615234375, 1.53961181640625, 1.49932861328125, 1.46942138671875, 1.4862060546875, 1.5374755859375, 1.539306640625, 1.473388671875, 1.5234375, 1.50726318359375, 1.48101806640625, 1.5423583984375, 1.50787353515625, 1.50054931640625, 1.4593505859375, 1.5362548828125, 1.4654541015625, 1.51519775390625, 1.478271484375, 1.5252685546875, 1.46881103515625, 1.53228759765625, 1.4642333984375, 1.47979736328125, 1.47918701171875, 1.53076171875, 1.5240478515625, 1.5118408203125, 1.4837646484375, 1.4385986328125, 1.49261474609375, 1.5185546875, 1.4837646484375, 1.4666748046875, 1.49566650390625, 1.527099609375, 1.52862548828125, 1.53167724609375, 1.5203857421875, 1.53564453125, 1.54144287109375, 1.5374755859375, 1.4581298828125, 1.45660400390625, 1.48651123046875, 1.5447998046875, 1.5008544921875, 1.45751953125, 1.5435791015625, 1.510009765625, 1.47796630859375, 1.5338134765625, 1.52374267578125, 1.533203125, 1.5301513671875, 1.453857421875, 1.4923095703125, 1.4862060546875, 1.483154296875, 1.53289794921875, 1.51336669921875, 1.52740478515625, 1.533203125, 1.53656005859375, 1.49017333984375, 1.51397705078125, 1.51885986328125, 1.5313720703125, 1.5362548828125, 1.531982421875, 1.50299072265625, 1.46942138671875, 1.4532470703125, 1.45782470703125, 1.46881103515625, 1.47552490234375, 1.53350830078125, 1.475830078125, 1.444091796875, 1.45721435546875, 1.45477294921875, 1.49017333984375, 1.52618408203125, 1.49169921875, 1.4617919921875, 1.463623046875, 1.45172119140625, 1.505126953125, 1.49627685546875, 1.5142822265625, 1.5435791015625, 1.54266357421875, 1.53564453125, 1.5423583984375, 1.541748046875, 1.566162109375, 1.49871826171875, 1.51763916015625, 1.578369140625, 1.4923095703125, 1.57501220703125, 1.5362548828125], "Corrected time": [0.0, 0.9999999974752427, 1.9999999949504854, 2.999999992425728, 3.999999989900971, 4.9999999873762135, 5.999999984851456, 6.999999982326699, 7.999999979801942, 8.999999977277184, 9.999999974752427, 10.99999997222767, 11.999999969702912, 12.999999967178155, 13.999999964653398, 14.99999996212864, 15.999999959603883, 16.999999957079126, 17.99999995455437, 18.99999995202961, 19.999999949504854, 20.999999946980097, 21.99999994445534, 22.999999941930582, 23.999999939405825, 24.999999936881068, 25.99999993435631, 26.999999931831553, 27.999999929306796, 28.99999992678204, 29.99999992425728, 30.999999921732524, 31.999999919207767, 32.99999991668301, 33.99999991415825, 34.999999911633495, 35.99999990910874, 36.99999990658398, 37.99999990405922, 38.999999901534466, 39.99999989900971, 40.99999989648495, 41.999999893960194, 42.999999891435436, 43.99999988891068, 44.99999988638592, 45.999999883861165, 46.99999988133641, 47.99999987881165, 48.99999987628689, 49.999999873762135, 50.99999987123738, 51.99999986871262, 52.99999986618786, 53.999999863663106, 54.99999986113835, 55.99999985861359, 56.999999856088834, 57.99999985356408, 58.99999985103932, 59.99999984851456, 60.999999845989805, 61.99999984346505, 62.99999984094029, 63.99999983841553, 64.99999983589078, 65.99999983336602, 66.99999983084126, 67.9999998283165, 68.99999982579175, 69.99999982326699, 70.99999982074223, 71.99999981821747, 72.99999981569272, 73.99999981316796, 74.9999998106432, 75.99999980811845, 76.99999980559369, 77.99999980306893, 78.99999980054417, 79.99999979801942, 80.99999979549466, 81.9999997929699, 82.99999979044514, 83.99999978792039, 84.99999978539563, 85.99999978287087, 86.99999978034612, 87.99999977782136, 88.9999997752966, 89.99999977277184, 90.99999977024709, 91.99999976772233, 92.99999976519757, 93.99999976267281, 94.99999976014806, 95.9999997576233, 96.99999975509854, 97.99999975257379, 98.99999975004903, 99.99999974752427, 100.99999974499951, 101.99999974247476, 102.99999973995, 103.99999973742524, 104.99999973490048, 105.99999973237573, 106.99999972985097, 107.99999972732621, 108.99999972480146, 109.9999997222767, 110.99999971975194, 111.99999971722718, 112.99999971470243, 113.99999971217767, 114.99999970965291, 115.99999970712815, 116.9999997046034, 117.99999970207864, 118.99999969955388], "Index": [1.0, 2.0, 3.0, 4.0, 5.0, 6.0, 7.0, 8.0, 9.0, 10.0, 11.0, 12.0, 13.0, 14.0, 15.0, 16.0, 17.0, 18.0, 19.0, 20.0, 21.0, 22.0, 23.0, 24.0, 25.0, 26.0, 27.0, 28.0, 29.0, 30.0, 31.0, 32.0, 33.0, 34.0, 35.0, 36.0, 37.0, 38.0, 39.0, 40.0, 41.0, 42.0, 43.0, 44.0, 45.0, 46.0, 47.0, 48.0, 49.0, 50.0, 51.0, 52.0, 53.0, 54.0, 55.0, 56.0, 57.0, 58.0, 59.0, 60.0, 61.0, 62.0, 63.0, 64.0, 65.0, 66.0, 67.0, 68.0, 69.0, 70.0, 71.0, 72.0, 73.0, 74.0, 75.0, 76.0, 77.0, 78.0, 79.0, 80.0, 81.0, 82.0, 83.0, 84.0, 85.0, 86.0, 87.0, 88.0, 89.0, 90.0, 91.0, 92.0, 93.0, 94.0, 95.0, 96.0, 97.0, 98.0, 99.0, 100.0, 101.0, 102.0, 103.0, 104.0, 105.0, 106.0, 107.0, 108.0, 109.0, 110.0, 111.0, 112.0, 113.0, 114.0, 115.0, 116.0, 117.0, 118.0, 119.0, 120.0]}}