{"recordsignal": {"Time": [16060.736549450537, 16061.736549448013, 16062.736549445488, 16063.736549442963, 16064.736549440438, 16065.736549437914, 16066.736549435389, 16067.736549432864, 16068.73654943034, 16069.736549427815, 16070.73654942529, 16071.736549422765, 16072.73654942024, 16073.736549417716, 16074.73654941519, 16075.736549412666, 16076.736549410141, 16077.736549407617, 16078.736549405092, 16079.736549402567, 16080.736549400042, 16081.736549397518, 16082.736549394993, 16083.736549392468, 16084.736549389943, 16085.736549387419, 16086.736549384894, 16087.736549382369, 16088.736549379844, 16089.73654937732, 16090.736549374795, 16091.73654937227, 16092.736549369745, 16093.73654936722, 16094.736549364696, 16095.736549362171, 16096.736549359646, 16097.736549357121, 16098.736549354597, 16099.736549352072, 16100.736549349547, 16101.736549347022, 16102.736549344498, 16103.736549341973, 16104.736549339448, 16105.736549336923, 16106.736549334399, 16107.736549331874, 16108.73654932935, 16109.736549326824, 16110.7365493243, 16111.736549321775, 16112.73654931925, 16113.736549316725, 16114.7365493142, 16115.736549311676, 16116.736549309151, 16117.736549306626, 16118.736549304102, 16119.736549301577, 16120.736549299052, 16121.736549296527, 16122.736549294003, 16123.736549291478, 16124.736549288953, 16125.736549286428, 16126.736549283904, 16127.736549281379, 16128.736549278854, 16129.73654927633, 16130.736549273804, 16131.73654927128, 16132.736549268755, 16133.73654926623, 16134.736549263705, 16135.73654926118, 16136.736549258656, 16137.736549256131, 16138.736549253606, 16139.736549251082, 16140.736549248557, 16141.736549246032, 16142.736549243507, 16143.736549240983, 16144.736549238458, 16145.736549235933, 16146.736549233408, 16147.736549230884, 16148.736549228359, 16149.736549225834, 16150.73654922331, 16151.736549220785, 16152.73654921826, 16153.736549215735, 16154.73654921321, 16155.736549210686, 16156.73654920816, 16157.736549205636, 16158.736549203111, 16159.736549200587, 16160.736549198062, 16161.736549195537, 16162.736549193012, 16163.736549190487, 16164.736549187963, 16165.736549185438, 16166.736549182913, 16167.736549180388, 16168.736549177864, 16169.736549175339, 16170.736549172814, 16171.73654917029, 16172.736549167765, 16173.73654916524, 16174.736549162715, 16175.73654916019, 16176.736549157666, 16177.73654915514, 16178.736549152616, 16179.736549150091], "WE(1).Potential": [-0.07633666992187502, -0.05560302734375, -0.007293701171875, -0.08405761718750002, -0.021697998046875, -0.055120849609374994, -0.015594482421875, -0.07166748046875002, -0.078826904296875, -0.0380706787109375, -0.062957763671875, -0.0505218505859375, -0.010894775390625, -0.086663818359375, -0.06003112792968751, -0.023406982421875, -0.07217102050781252, -0.0715118408203125, -0.09083862304687501, -0.045019531249999994, -0.02447509765625, -0.07188720703125001, -0.06218261718750001, -0.04681396484375, -0.091790771484375, -0.09466857910156251, -0.09235839843750002, -0.095123291015625, -0.055215454101562506, -0.04468994140624999, -0.04705810546875, -0.0216064453125, -0.053192138671875, -0.0824066162109375, -0.0999969482421875, -0.10125732421875, -0.0899658203125, -0.0164794921875, -0.0920257568359375, -0.0782470703125, -0.089453125, -0.097137451171875, -0.07274169921875001, -0.0959869384765625, -0.09722595214843752, -0.09626464843750002, -0.07305908203125, -0.08761291503906252, -0.080078125, -0.08074951171875, -0.08388671875, -0.08227844238281251, -0.021026611328125, -0.09881591796875, -0.07461242675781252, -0.026275634765625, -0.09842224121093751, -0.0799346923828125, -0.046844482421875, -0.06986694335937502, -0.089141845703125, -0.052276611328125, -0.02447509765625, -0.0322265625, -0.02557373046875, -0.098260498046875, -0.097991943359375, -0.024688720703125, -0.098541259765625, -0.0878204345703125, -0.03253173828125, -0.08856201171875, -0.087896728515625, -0.026458740234375, -0.10491943359375, -0.0880523681640625, -0.0272216796875, -0.02606201171875, -0.028076171875, -0.032623291015625, -0.03277587890625, -0.027130126953125, -0.031982421875, -0.04150390625, -0.030426025390625, -0.03759765625, -0.0452880859375, -0.05938720703125, -0.0988922119140625, -0.094696044921875, -0.1051025390625, -0.0999969482421875, -0.0988861083984375, -0.038909912109375, -0.0880126953125, -0.108428955078125, -0.0999969482421875, -0.1087646484375, -0.0898834228515625, -0.09557800292968752, -0.0400390625, -0.037109375, -0.03485107421875, -0.0322265625, -0.03302001953125, -0.046173095703125, -0.083038330078125, -0.040130615234375, -0.033721923828125, -0.048797607421875, -0.04205322265625, -0.0679931640625, -0.0316162109375, -0.063873291015625, -0.099853515625, -0.05517578125, -0.032012939453125, -0.0999969482421875, -0.038848876953125, -0.0968536376953125], "Corrected time": [0.0, 0.9999999974752427, 1.9999999949504854, 2.999999992425728, 3.999999989900971, 4.9999999873762135, 5.999999984851456, 6.999999982326699, 7.999999979801942, 8.999999977277184, 9.999999974752427, 10.99999997222767, 11.999999969702912, 12.999999967178155, 13.999999964653398, 14.99999996212864, 15.999999959603883, 16.999999957079126, 17.99999995455437, 18.99999995202961, 19.999999949504854, 20.999999946980097, 21.99999994445534, 22.999999941930582, 23.999999939405825, 24.999999936881068, 25.99999993435631, 26.999999931831553, 27.999999929306796, 28.99999992678204, 29.99999992425728, 30.999999921732524, 31.999999919207767, 32.99999991668301, 33.99999991415825, 34.999999911633495, 35.99999990910874, 36.99999990658398, 37.99999990405922, 38.999999901534466, 39.99999989900971, 40.99999989648495, 41.999999893960194, 42.999999891435436, 43.99999988891068, 44.99999988638592, 45.999999883861165, 46.99999988133641, 47.99999987881165, 48.99999987628689, 49.999999873762135, 50.99999987123738, 51.99999986871262, 52.99999986618786, 53.999999863663106, 54.99999986113835, 55.99999985861359, 56.999999856088834, 57.99999985356408, 58.99999985103932, 59.99999984851456, 60.999999845989805, 61.99999984346505, 62.99999984094029, 63.99999983841553, 64.99999983589078, 65.99999983336602, 66.99999983084126, 67.9999998283165, 68.99999982579175, 69.99999982326699, 70.99999982074223, 71.99999981821747, 72.99999981569272, 73.99999981316796, 74.9999998106432, 75.99999980811845, 76.99999980559369, 77.99999980306893, 78.99999980054417, 79.99999979801942, 80.99999979549466, 81.9999997929699, 82.99999979044514, 83.99999978792039, 84.99999978539563, 85.99999978287087, 86.99999978034612, 87.99999977782136, 88.9999997752966, 89.99999977277184, 90.99999977024709, 91.99999976772233, 92.99999976519757, 93.99999976267281, 94.99999976014806, 95.9999997576233, 96.99999975509854, 97.99999975257379, 98.99999975004903, 99.99999974752427, 100.99999974499951, 101.99999974247476, 102.99999973995, 103.99999973742524, 104.99999973490048, 105.99999973237573, 106.99999972985097, 107.99999972732621, 108.99999972480146, 109.9999997222767, 110.99999971975194, 111.99999971722718, 112.99999971470243, 113.99999971217767, 114.99999970965291, 115.99999970712815, 116.9999997046034, 117.99999970207864, 118.99999969955388], "Index": [1.0, 2.0, 3.0, 4.0, 5.0, 6.0, 7.0, 8.0, 9.0, 10.0, 11.0, 12.0, 13.0, 14.0, 15.0, 16.0, 17.0, 18.0, 19.0, 20.0, 21.0, 22.0, 23.0, 24.0, 25.0, 26.0, 27.0, 28.0, 29.0, 30.0, 31.0, 32.0, 33.0, 34.0, 35.0, 36.0, 37.0, 38.0, 39.0, 40.0, 41.0, 42.0, 43.0, 44.0, 45.0, 46.0, 47.0, 48.0, 49.0, 50.0, 51.0, 52.0, 53.0, 54.0, 55.0, 56.0, 57.0, 58.0, 59.0, 60.0, 61.0, 62.0, 63.0, 64.0, 65.0, 66.0, 67.0, 68.0, 69.0, 70.0, 71.0, 72.0, 73.0, 74.0, 75.0, 76.0, 77.0, 78.0, 79.0, 80.0, 81.0, 82.0, 83.0, 84.0, 85.0, 86.0, 87.0, 88.0, 89.0, 90.0, 91.0, 92.0, 93.0, 94.0, 95.0, 96.0, 97.0, 98.0, 99.0, 100.0, 101.0, 102.0, 103.0, 104.0, 105.0, 106.0, 107.0, 108.0, 109.0, 110.0, 111.0, 112.0, 113.0, 114.0, 115.0, 116.0, 117.0, 118.0, 119.0, 120.0]}}