{"recordsignal": {"Time": [16291.784682867197, 16292.784682864673, 16293.784682862148, 16294.784682859623, 16295.784682857098, 16296.784682854573, 16297.784682852049, 16298.784682849524, 16299.784682847, 16300.784682844474, 16301.78468284195, 16302.784682839425, 16303.7846828369, 16304.784682834375, 16305.78468283185, 16306.784682829326, 16307.784682826801, 16308.784682824276, 16309.784682821752, 16310.784682819227, 16311.784682816702, 16312.784682814177, 16313.784682811653, 16314.784682809128, 16315.784682806603, 16316.784682804078, 16317.784682801554, 16318.784682799029, 16319.784682796504, 16320.78468279398, 16321.784682791455, 16322.78468278893, 16323.784682786405, 16324.78468278388, 16325.784682781356, 16326.78468277883, 16327.784682776306, 16328.784682773781, 16329.784682771256, 16330.784682768732, 16331.784682766207, 16332.784682763682, 16333.784682761157, 16334.784682758633, 16335.784682756108, 16336.784682753583, 16337.784682751058, 16338.784682748534, 16339.784682746009, 16340.784682743484, 16341.78468274096, 16342.784682738435, 16343.78468273591, 16344.784682733385, 16345.78468273086, 16346.784682728336, 16347.78468272581, 16348.784682723286, 16349.784682720761, 16350.784682718237, 16351.784682715712, 16352.784682713187, 16353.784682710662, 16354.784682708138, 16355.784682705613, 16356.784682703088, 16357.784682700563, 16358.784682698039, 16359.784682695514, 16360.784682692989, 16361.784682690464, 16362.78468268794, 16363.784682685415, 16364.78468268289, 16365.784682680365, 16366.78468267784, 16367.784682675316, 16368.784682672791, 16369.784682670266, 16370.784682667741, 16371.784682665217, 16372.784682662692, 16373.784682660167, 16374.784682657642, 16375.784682655118, 16376.784682652593, 16377.784682650068, 16378.784682647543, 16379.784682645019, 16380.784682642494, 16381.78468263997, 16382.784682637444, 16383.78468263492, 16384.784682632395, 16385.78468262987, 16386.784682627345, 16387.78468262482, 16388.784682622296, 16389.78468261977, 16390.784682617246, 16391.78468261472, 16392.784682612197, 16393.784682609672, 16394.784682607147, 16395.784682604623, 16396.784682602098, 16397.784682599573, 16398.78468259705, 16399.784682594523, 16400.784682592, 16401.784682589474, 16402.78468258695, 16403.784682584424, 16404.7846825819, 16405.784682579375, 16406.78468257685, 16407.784682574325, 16408.7846825718, 16409.784682569276, 16410.78468256675], "WE(1).Potential": [-0.017242431640625, -0.09103698730468751, -0.017822265625, -0.0531005859375, -0.072479248046875, -0.02947998046875, -0.016937255859375, -0.0069580078125, -0.079168701171875, -0.04231567382812501, -0.066802978515625, -0.025177001953125, -0.074127197265625, -0.06370239257812502, -0.023406982421875, -0.06880493164062501, -0.009063720703125, -0.07104797363281251, -0.0355224609375, -0.00897216796875, -0.03836364746093751, -0.005584716796875, -0.04974365234375, -0.075872802734375, -0.08298950195312502, -0.0699615478515625, -0.0059814453125, -0.03582763671875, -0.049285888671875, -0.06988525390625, -0.08146972656250001, -0.040014648437499994, -0.03253173828125, -0.0885467529296875, -0.056588745117187506, -0.033151245117187506, -0.008941650390625, -0.010650634765625, -0.01025390625, -0.0819610595703125, -0.074249267578125, -0.02197265625, -0.013153076171875, -0.010772705078125, -0.01226806640625, -0.051004028320312506, -0.0713104248046875, -0.0106201171875, -0.070733642578125, -0.030731201171875, -0.064691162109375, -0.06521911621093751, -0.015625, -0.09034423828125002, -0.024505615234375, -0.0908660888671875, -0.012359619140625, -0.01214599609375, -0.0296630859375, -0.012725830078125, -0.0842071533203125, -0.038604736328125, -0.08528442382812501, -0.013458251953125, -0.08357543945312501, -0.09019775390625001, -0.0205078125, -0.09212951660156252, -0.06263427734375002, -0.014801025390625, -0.08176879882812502, -0.09356689453125, -0.015228271484375, -0.09034423828125002, -0.01776123046875, -0.08755187988281252, -0.094476318359375, -0.044647216796875, -0.06009216308593751, -0.060211181640625, -0.09075622558593752, -0.09188232421875, -0.027923583984375, -0.088861083984375, -0.08345947265625, -0.085333251953125, -0.0951446533203125, -0.09627990722656252, -0.096221923828125, -0.0767059326171875, -0.0372314453125, -0.07098388671875, -0.093414306640625, -0.0948394775390625, -0.0942626953125, -0.08791809082031252, -0.0926116943359375, -0.0803924560546875, -0.067474365234375, -0.02215576171875, -0.081695556640625, -0.08016357421875, -0.087554931640625, -0.092987060546875, -0.098541259765625, -0.09671630859375, -0.0987335205078125, -0.09497375488281251, -0.082647705078125, -0.0861572265625, -0.0990753173828125, -0.0917266845703125, -0.09948425292968752, -0.062368774414062494, -0.024871826171875, -0.099517822265625, -0.0986114501953125, -0.09638671875000002, -0.07152099609375001, -0.049041748046875], "Corrected time": [0.0, 0.9999999974752427, 1.9999999949504854, 2.999999992425728, 3.999999989900971, 4.9999999873762135, 5.999999984851456, 6.999999982326699, 7.999999979801942, 8.999999977277184, 9.999999974752427, 10.99999997222767, 11.999999969702912, 12.999999967178155, 13.999999964653398, 14.99999996212864, 15.999999959603883, 16.999999957079126, 17.99999995455437, 18.99999995202961, 19.999999949504854, 20.999999946980097, 21.99999994445534, 22.999999941930582, 23.999999939405825, 24.999999936881068, 25.99999993435631, 26.999999931831553, 27.999999929306796, 28.99999992678204, 29.99999992425728, 30.999999921732524, 31.999999919207767, 32.99999991668301, 33.99999991415825, 34.999999911633495, 35.99999990910874, 36.99999990658398, 37.99999990405922, 38.999999901534466, 39.99999989900971, 40.99999989648495, 41.999999893960194, 42.999999891435436, 43.99999988891068, 44.99999988638592, 45.999999883861165, 46.99999988133641, 47.99999987881165, 48.99999987628689, 49.999999873762135, 50.99999987123738, 51.99999986871262, 52.99999986618786, 53.999999863663106, 54.99999986113835, 55.99999985861359, 56.999999856088834, 57.99999985356408, 58.99999985103932, 59.99999984851456, 60.999999845989805, 61.99999984346505, 62.99999984094029, 63.99999983841553, 64.99999983589078, 65.99999983336602, 66.99999983084126, 67.9999998283165, 68.99999982579175, 69.99999982326699, 70.99999982074223, 71.99999981821747, 72.99999981569272, 73.99999981316796, 74.9999998106432, 75.99999980811845, 76.99999980559369, 77.99999980306893, 78.99999980054417, 79.99999979801942, 80.99999979549466, 81.9999997929699, 82.99999979044514, 83.99999978792039, 84.99999978539563, 85.99999978287087, 86.99999978034612, 87.99999977782136, 88.9999997752966, 89.99999977277184, 90.99999977024709, 91.99999976772233, 92.99999976519757, 93.99999976267281, 94.99999976014806, 95.9999997576233, 96.99999975509854, 97.99999975257379, 98.99999975004903, 99.99999974752427, 100.99999974499951, 101.99999974247476, 102.99999973995, 103.99999973742524, 104.99999973490048, 105.99999973237573, 106.99999972985097, 107.99999972732621, 108.99999972480146, 109.9999997222767, 110.99999971975194, 111.99999971722718, 112.99999971470243, 113.99999971217767, 114.99999970965291, 115.99999970712815, 116.9999997046034, 117.99999970207864, 118.99999969955388], "Index": [1.0, 2.0, 3.0, 4.0, 5.0, 6.0, 7.0, 8.0, 9.0, 10.0, 11.0, 12.0, 13.0, 14.0, 15.0, 16.0, 17.0, 18.0, 19.0, 20.0, 21.0, 22.0, 23.0, 24.0, 25.0, 26.0, 27.0, 28.0, 29.0, 30.0, 31.0, 32.0, 33.0, 34.0, 35.0, 36.0, 37.0, 38.0, 39.0, 40.0, 41.0, 42.0, 43.0, 44.0, 45.0, 46.0, 47.0, 48.0, 49.0, 50.0, 51.0, 52.0, 53.0, 54.0, 55.0, 56.0, 57.0, 58.0, 59.0, 60.0, 61.0, 62.0, 63.0, 64.0, 65.0, 66.0, 67.0, 68.0, 69.0, 70.0, 71.0, 72.0, 73.0, 74.0, 75.0, 76.0, 77.0, 78.0, 79.0, 80.0, 81.0, 82.0, 83.0, 84.0, 85.0, 86.0, 87.0, 88.0, 89.0, 90.0, 91.0, 92.0, 93.0, 94.0, 95.0, 96.0, 97.0, 98.0, 99.0, 100.0, 101.0, 102.0, 103.0, 104.0, 105.0, 106.0, 107.0, 108.0, 109.0, 110.0, 111.0, 112.0, 113.0, 114.0, 115.0, 116.0, 117.0, 118.0, 119.0, 120.0]}}