{"recordsignal": {"Time": [1962.3777900454725, 1963.3777900429477, 1964.377790040423, 1965.3777900378982, 1966.3777900353734, 1967.3777900328487, 1968.377790030324, 1969.3777900277992, 1970.3777900252744, 1971.3777900227497, 1972.377790020225, 1973.3777900177001, 1974.3777900151754, 1975.3777900126506, 1976.3777900101259, 1977.377790007601, 1978.3777900050763, 1979.3777900025516, 1980.3777900000268, 1981.377789997502, 1982.3777899949773, 1983.3777899924526, 1984.3777899899278, 1985.377789987403, 1986.3777899848783, 1987.3777899823535, 1988.3777899798288, 1989.377789977304, 1990.3777899747793, 1991.3777899722545, 1992.3777899697297, 1993.377789967205, 1994.3777899646802, 1995.3777899621555, 1996.3777899596307, 1997.377789957106, 1998.3777899545812, 1999.3777899520564, 2000.3777899495317, 2001.377789947007, 2002.3777899444822, 2003.3777899419574, 2004.3777899394327, 2005.377789936908, 2006.3777899343831, 2007.3777899318584, 2008.3777899293336, 2009.3777899268089, 2010.3777899242841, 2011.3777899217594, 2012.3777899192346, 2013.3777899167098, 2014.377789914185, 2015.3777899116603, 2016.3777899091356, 2017.3777899066108, 2018.377789904086, 2019.3777899015613, 2020.3777898990365, 2021.3777898965118, 2022.377789893987, 2023.3777898914623, 2024.3777898889375, 2025.3777898864128, 2026.377789883888, 2027.3777898813632, 2028.3777898788385, 2029.3777898763137, 2030.377789873789, 2031.3777898712642, 2032.3777898687395, 2033.3777898662147, 2034.37778986369, 2035.3777898611652, 2036.3777898586404, 2037.3777898561157, 2038.377789853591, 2039.3777898510662, 2040.3777898485414, 2041.3777898460166, 2042.3777898434919, 2043.3777898409671, 2044.3777898384424, 2045.3777898359176, 2046.3777898333929, 2047.377789830868, 2048.3777898283433, 2049.3777898258186, 2050.377789823294, 2051.377789820769, 2052.3777898182443, 2053.3777898157196, 2054.377789813195, 2055.37778981067, 2056.3777898081453, 2057.3777898056205, 2058.3777898030958, 2059.377789800571, 2060.3777897980463, 2061.3777897955215, 2062.3777897929967, 2063.377789790472, 2064.377789787947, 2065.3777897854225, 2066.3777897828977, 2067.377789780373, 2068.377789777848, 2069.3777897753234, 2070.3777897727987, 2071.377789770274, 2072.377789767749, 2073.3777897652244, 2074.3777897626996, 2075.377789760175, 2076.37778975765, 2077.3777897551254, 2078.3777897526006, 2079.377789750076, 2080.377789747551, 2081.3777897450263], "WE(1).Potential": [-1.2322998046875, 1.1737060546875, 1.34033203125, 1.3629150390625, 1.37176513671875, 1.39190673828125, 1.4288330078125, 1.44500732421875, 1.3922119140625, 1.43646240234375, 1.4996337890625, 1.48468017578125, 1.42791748046875, 1.5020751953125, 1.47613525390625, 1.407470703125, 1.47064208984375, 1.44134521484375, 1.37939453125, 1.3580322265625, 1.40380859375, 1.414794921875, 1.42730712890625, 1.42913818359375, 1.35589599609375, 1.42425537109375, 1.4117431640625, 1.3946533203125, 1.49139404296875, 1.46820068359375, 1.46728515625, 1.52435302734375, 1.5093994140625, 1.4849853515625, 1.46453857421875, 1.52587890625, 1.4453125, 1.48468017578125, 1.40533447265625, 1.383056640625, 1.400146484375, 1.4215087890625, 1.357421875, 1.43890380859375, 1.38763427734375, 1.3861083984375, 1.39373779296875, 1.46209716796875, 1.49658203125, 1.49139404296875, 1.52740478515625, 1.5234375, 1.46270751953125, 1.4520263671875, 1.45050048828125, 1.47674560546875, 1.4727783203125, 1.42120361328125, 1.46453857421875, 1.38885498046875, 1.422119140625, 1.3763427734375, 1.35986328125, 1.39892578125, 1.41143798828125, 1.42181396484375, 1.4208984375, 1.47613525390625, 1.4837646484375, 1.51580810546875, 1.53289794921875, 1.54052734375, 1.4910888671875, 1.51092529296875, 1.495361328125, 1.4361572265625, 1.49932861328125, 1.40899658203125, 1.4697265625, 1.4208984375, 1.4373779296875, 1.3897705078125, 1.40777587890625, 1.39923095703125, 1.40594482421875, 1.43646240234375, 1.48468017578125, 1.492919921875, 1.4990234375, 1.46026611328125, 1.4501953125, 1.4569091796875, 1.49810791015625, 1.544189453125, 1.5240478515625, 1.45965576171875, 1.47613525390625, 1.49658203125, 1.41845703125, 1.42974853515625, 1.46209716796875, 1.38916015625, 1.383056640625, 1.43798828125, 1.4361572265625, 1.41571044921875, 1.40472412109375, 1.3946533203125, 1.4141845703125, 1.46575927734375, 1.45660400390625, 1.4691162109375, 1.49993896484375, 1.50177001953125, 1.4739990234375, 1.46392822265625, 1.50665283203125, 1.52252197265625, 1.45538330078125, 1.5289306640625], "Corrected time": [0.0, 0.9999999974752427, 1.9999999949504854, 2.999999992425728, 3.999999989900971, 4.9999999873762135, 5.999999984851456, 6.999999982326699, 7.999999979801942, 8.999999977277184, 9.999999974752427, 10.99999997222767, 11.999999969702912, 12.999999967178155, 13.999999964653398, 14.99999996212864, 15.999999959603883, 16.999999957079126, 17.99999995455437, 18.99999995202961, 19.999999949504854, 20.999999946980097, 21.99999994445534, 22.999999941930582, 23.999999939405825, 24.999999936881068, 25.99999993435631, 26.999999931831553, 27.999999929306796, 28.99999992678204, 29.99999992425728, 30.999999921732524, 31.999999919207767, 32.99999991668301, 33.99999991415825, 34.999999911633495, 35.99999990910874, 36.99999990658398, 37.99999990405922, 38.999999901534466, 39.99999989900971, 40.99999989648495, 41.999999893960194, 42.999999891435436, 43.99999988891068, 44.99999988638592, 45.999999883861165, 46.99999988133641, 47.99999987881165, 48.99999987628689, 49.999999873762135, 50.99999987123738, 51.99999986871262, 52.99999986618786, 53.999999863663106, 54.99999986113835, 55.99999985861359, 56.999999856088834, 57.99999985356408, 58.99999985103932, 59.99999984851456, 60.999999845989805, 61.99999984346505, 62.99999984094029, 63.99999983841553, 64.99999983589078, 65.99999983336602, 66.99999983084126, 67.9999998283165, 68.99999982579175, 69.99999982326699, 70.99999982074223, 71.99999981821747, 72.99999981569272, 73.99999981316796, 74.9999998106432, 75.99999980811845, 76.99999980559369, 77.99999980306893, 78.99999980054417, 79.99999979801942, 80.99999979549466, 81.9999997929699, 82.99999979044514, 83.99999978792039, 84.99999978539563, 85.99999978287087, 86.99999978034612, 87.99999977782136, 88.9999997752966, 89.99999977277184, 90.99999977024709, 91.99999976772233, 92.99999976519757, 93.99999976267281, 94.99999976014806, 95.9999997576233, 96.99999975509854, 97.99999975257379, 98.99999975004903, 99.99999974752427, 100.99999974499951, 101.99999974247476, 102.99999973995, 103.99999973742524, 104.99999973490048, 105.99999973237573, 106.99999972985097, 107.99999972732621, 108.99999972480146, 109.9999997222767, 110.99999971975194, 111.99999971722718, 112.99999971470243, 113.99999971217767, 114.99999970965291, 115.99999970712815, 116.9999997046034, 117.99999970207864, 118.99999969955388], "Index": [1.0, 2.0, 3.0, 4.0, 5.0, 6.0, 7.0, 8.0, 9.0, 10.0, 11.0, 12.0, 13.0, 14.0, 15.0, 16.0, 17.0, 18.0, 19.0, 20.0, 21.0, 22.0, 23.0, 24.0, 25.0, 26.0, 27.0, 28.0, 29.0, 30.0, 31.0, 32.0, 33.0, 34.0, 35.0, 36.0, 37.0, 38.0, 39.0, 40.0, 41.0, 42.0, 43.0, 44.0, 45.0, 46.0, 47.0, 48.0, 49.0, 50.0, 51.0, 52.0, 53.0, 54.0, 55.0, 56.0, 57.0, 58.0, 59.0, 60.0, 61.0, 62.0, 63.0, 64.0, 65.0, 66.0, 67.0, 68.0, 69.0, 70.0, 71.0, 72.0, 73.0, 74.0, 75.0, 76.0, 77.0, 78.0, 79.0, 80.0, 81.0, 82.0, 83.0, 84.0, 85.0, 86.0, 87.0, 88.0, 89.0, 90.0, 91.0, 92.0, 93.0, 94.0, 95.0, 96.0, 97.0, 98.0, 99.0, 100.0, 101.0, 102.0, 103.0, 104.0, 105.0, 106.0, 107.0, 108.0, 109.0, 110.0, 111.0, 112.0, 113.0, 114.0, 115.0, 116.0, 117.0, 118.0, 119.0, 120.0]}}