{"recordsignal": {"Time": [2190.7288264689414, 2191.7288264664166, 2192.728826463892, 2193.728826461367, 2194.7288264588424, 2195.7288264563176, 2196.728826453793, 2197.728826451268, 2198.7288264487433, 2199.7288264462186, 2200.728826443694, 2201.728826441169, 2202.7288264386443, 2203.7288264361196, 2204.728826433595, 2205.72882643107, 2206.7288264285453, 2207.7288264260205, 2208.728826423496, 2209.728826420971, 2210.7288264184463, 2211.7288264159215, 2212.7288264133967, 2213.728826410872, 2214.7288264083472, 2215.7288264058225, 2216.7288264032977, 2217.728826400773, 2218.728826398248, 2219.7288263957234, 2220.7288263931987, 2221.728826390674, 2222.728826388149, 2223.7288263856244, 2224.7288263830997, 2225.728826380575, 2226.72882637805, 2227.7288263755254, 2228.7288263730006, 2229.728826370476, 2230.728826367951, 2231.7288263654264, 2232.7288263629016, 2233.728826360377, 2234.728826357852, 2235.7288263553273, 2236.7288263528026, 2237.728826350278, 2238.728826347753, 2239.7288263452283, 2240.7288263427035, 2241.728826340179, 2242.728826337654, 2243.7288263351293, 2244.7288263326045, 2245.7288263300798, 2246.728826327555, 2247.7288263250302, 2248.7288263225055, 2249.7288263199807, 2250.728826317456, 2251.728826314931, 2252.7288263124065, 2253.7288263098817, 2254.728826307357, 2255.728826304832, 2256.7288263023074, 2257.7288262997827, 2258.728826297258, 2259.728826294733, 2260.7288262922084, 2261.7288262896836, 2262.728826287159, 2263.728826284634, 2264.7288262821094, 2265.7288262795846, 2266.72882627706, 2267.728826274535, 2268.7288262720103, 2269.7288262694856, 2270.728826266961, 2271.728826264436, 2272.7288262619113, 2273.7288262593866, 2274.728826256862, 2275.728826254337, 2276.7288262518123, 2277.7288262492875, 2278.7288262467628, 2279.728826244238, 2280.7288262417133, 2281.7288262391885, 2282.7288262366637, 2283.728826234139, 2284.728826231614, 2285.7288262290895, 2286.7288262265647, 2287.72882622404, 2288.728826221515, 2289.7288262189904, 2290.7288262164657, 2291.728826213941, 2292.728826211416, 2293.7288262088914, 2294.7288262063666, 2295.728826203842, 2296.728826201317, 2297.7288261987924, 2298.7288261962676, 2299.728826193743, 2300.728826191218, 2301.7288261886933, 2302.7288261861686, 2303.728826183644, 2304.728826181119, 2305.7288261785943, 2306.7288261760696, 2307.728826173545, 2308.72882617102, 2309.7288261684953], "WE(1).Potential": [-1.37786865234375, 1.1651611328125, 1.21124267578125, 1.2066650390625, 1.2078857421875, 1.197509765625, 1.240234375, 1.29791259765625, 1.302490234375, 1.31927490234375, 1.33270263671875, 1.31317138671875, 1.32568359375, 1.3800048828125, 1.33056640625, 1.36444091796875, 1.40869140625, 1.395263671875, 1.3458251953125, 1.38763427734375, 1.40716552734375, 1.3433837890625, 1.4129638671875, 1.35772705078125, 1.33636474609375, 1.297607421875, 1.2835693359375, 1.3275146484375, 1.351318359375, 1.3262939453125, 1.34307861328125, 1.33697509765625, 1.28387451171875, 1.2664794921875, 1.3055419921875, 1.34002685546875, 1.3427734375, 1.39068603515625, 1.37603759765625, 1.33392333984375, 1.40960693359375, 1.44256591796875, 1.409912109375, 1.37054443359375, 1.3909912109375, 1.3800048828125, 1.39068603515625, 1.42669677734375, 1.4154052734375, 1.37786865234375, 1.37908935546875, 1.3653564453125, 1.34033203125, 1.31622314453125, 1.3232421875, 1.318359375, 1.31378173828125, 1.33056640625, 1.365966796875, 1.31256103515625, 1.2841796875, 1.31591796875, 1.3104248046875, 1.31591796875, 1.3092041015625, 1.34674072265625, 1.33087158203125, 1.34246826171875, 1.42791748046875, 1.43707275390625, 1.4111328125, 1.38275146484375, 1.4642333984375, 1.39190673828125, 1.409912109375, 1.4251708984375, 1.44317626953125, 1.3616943359375, 1.43310546875, 1.376953125, 1.3787841796875, 1.38336181640625, 1.31561279296875, 1.37969970703125, 1.285400390625, 1.36810302734375, 1.31134033203125, 1.32110595703125, 1.31988525390625, 1.36505126953125, 1.3116455078125, 1.2872314453125, 1.3330078125, 1.33392333984375, 1.39739990234375, 1.4013671875, 1.34063720703125, 1.397705078125, 1.4202880859375, 1.3677978515625, 1.43157958984375, 1.45599365234375, 1.38519287109375, 1.42791748046875, 1.38031005859375, 1.4556884765625, 1.45355224609375, 1.396484375, 1.43646240234375, 1.3531494140625, 1.42822265625, 1.38427734375, 1.37481689453125, 1.34307861328125, 1.375732421875, 1.32232666015625, 1.35894775390625, 1.37542724609375, 1.287841796875, 1.37115478515625], "Corrected time": [0.0, 0.9999999974752427, 1.9999999949504854, 2.999999992425728, 3.999999989900971, 4.9999999873762135, 5.999999984851456, 6.999999982326699, 7.999999979801942, 8.999999977277184, 9.999999974752427, 10.99999997222767, 11.999999969702912, 12.999999967178155, 13.999999964653398, 14.99999996212864, 15.999999959603883, 16.999999957079126, 17.99999995455437, 18.99999995202961, 19.999999949504854, 20.999999946980097, 21.99999994445534, 22.999999941930582, 23.999999939405825, 24.999999936881068, 25.99999993435631, 26.999999931831553, 27.999999929306796, 28.99999992678204, 29.99999992425728, 30.999999921732524, 31.999999919207767, 32.99999991668301, 33.99999991415825, 34.999999911633495, 35.99999990910874, 36.99999990658398, 37.99999990405922, 38.999999901534466, 39.99999989900971, 40.99999989648495, 41.999999893960194, 42.999999891435436, 43.99999988891068, 44.99999988638592, 45.999999883861165, 46.99999988133641, 47.99999987881165, 48.99999987628689, 49.999999873762135, 50.99999987123738, 51.99999986871262, 52.99999986618786, 53.999999863663106, 54.99999986113835, 55.99999985861359, 56.999999856088834, 57.99999985356408, 58.99999985103932, 59.99999984851456, 60.999999845989805, 61.99999984346505, 62.99999984094029, 63.99999983841553, 64.99999983589078, 65.99999983336602, 66.99999983084126, 67.9999998283165, 68.99999982579175, 69.99999982326699, 70.99999982074223, 71.99999981821747, 72.99999981569272, 73.99999981316796, 74.9999998106432, 75.99999980811845, 76.99999980559369, 77.99999980306893, 78.99999980054417, 79.99999979801942, 80.99999979549466, 81.9999997929699, 82.99999979044514, 83.99999978792039, 84.99999978539563, 85.99999978287087, 86.99999978034612, 87.99999977782136, 88.9999997752966, 89.99999977277184, 90.99999977024709, 91.99999976772233, 92.99999976519757, 93.99999976267281, 94.99999976014806, 95.9999997576233, 96.99999975509854, 97.99999975257379, 98.99999975004903, 99.99999974752427, 100.99999974499951, 101.99999974247476, 102.99999973995, 103.99999973742524, 104.99999973490048, 105.99999973237573, 106.99999972985097, 107.99999972732621, 108.99999972480146, 109.9999997222767, 110.99999971975194, 111.99999971722718, 112.99999971470243, 113.99999971217767, 114.99999970965291, 115.99999970712815, 116.9999997046034, 117.99999970207864, 118.99999969955388], "Index": [1.0, 2.0, 3.0, 4.0, 5.0, 6.0, 7.0, 8.0, 9.0, 10.0, 11.0, 12.0, 13.0, 14.0, 15.0, 16.0, 17.0, 18.0, 19.0, 20.0, 21.0, 22.0, 23.0, 24.0, 25.0, 26.0, 27.0, 28.0, 29.0, 30.0, 31.0, 32.0, 33.0, 34.0, 35.0, 36.0, 37.0, 38.0, 39.0, 40.0, 41.0, 42.0, 43.0, 44.0, 45.0, 46.0, 47.0, 48.0, 49.0, 50.0, 51.0, 52.0, 53.0, 54.0, 55.0, 56.0, 57.0, 58.0, 59.0, 60.0, 61.0, 62.0, 63.0, 64.0, 65.0, 66.0, 67.0, 68.0, 69.0, 70.0, 71.0, 72.0, 73.0, 74.0, 75.0, 76.0, 77.0, 78.0, 79.0, 80.0, 81.0, 82.0, 83.0, 84.0, 85.0, 86.0, 87.0, 88.0, 89.0, 90.0, 91.0, 92.0, 93.0, 94.0, 95.0, 96.0, 97.0, 98.0, 99.0, 100.0, 101.0, 102.0, 103.0, 104.0, 105.0, 106.0, 107.0, 108.0, 109.0, 110.0, 111.0, 112.0, 113.0, 114.0, 115.0, 116.0, 117.0, 118.0, 119.0, 120.0]}}